[2026-01-24 17:29:04,374] [INFO] [real_accelerator.py:203:get_accelerator] Setting ds_accelerator to cuda (auto detect)
Warning: The default cache directory for DeepSpeed Triton autotune, /home/jsun/.triton/autotune, appears to be on an NFS system. While this is generally acceptable, if you experience slowdowns or hanging when DeepSpeed exits, it is recommended to set the TRITON_CACHE_DIR environment variable to a non-NFS path.
[93m [WARNING] [0m async_io requires the dev libaio .so object and headers but these were not found.
[93m [WARNING] [0m async_io: please install the libaio-dev package with apt
[93m [WARNING] [0m If libaio is already installed (perhaps from source), try setting the CFLAGS and LDFLAGS environment variables to where it can be found.
[93m [WARNING] [0m Please specify the CUTLASS repo directory as environment variable $CUTLASS_PATH
[93m [WARNING] [0m sparse_attn requires a torch version >= 1.5 and < 2.0 but detected 2.6
[93m [WARNING] [0m using untested triton version (3.2.0), only 1.0.0 is known to be compatible
[2026-01-24 17:29:06,451] [WARNING] [runner.py:202:fetch_hostfile] Unable to find hostfile, will proceed with training with local resources only.
Detected CUDA_VISIBLE_DEVICES=0,1,2,3 but ignoring it because one or several of --include/--exclude/--num_gpus/--num_nodes cl args were used. If you want to use CUDA_VISIBLE_DEVICES don't pass any of these arguments to deepspeed.
[2026-01-24 17:29:06,452] [INFO] [runner.py:568:main] cmd = /home/onsi/jsun/miniconda3/envs/llava-kd/bin/python3.12 -u -m deepspeed.launcher.launch --world_info=eyJsb2NhbGhvc3QiOiBbMCwgMSwgMiwgM119 --master_addr=127.0.0.1 --master_port=29531 --enable_each_rank_log=None llavakd/train/train_distill_qwen2.py --deepspeed scripts/zero2.json --data_path /home/jsun/llava-kd/dataset/blip_laion_cc_sbu_558k.json --image_folder /home/jsun/llava-kd/dataset/llava/llava_pretrain/images --is_multimodal True --conv_version pretrain --model_name_or_path Qwen/Qwen2.5-0.5B --vision_tower google/siglip-so400m-patch14-384 --vision_tower2  --connector_type mlp2x_gelu --mm_vision_select_layer -2 --image_aspect_ratio square --attn_implementation flash_attention_2 --fp16 True --training_recipe common --tune_type_llm frozen --tune_type_vision_tower frozen --tune_vision_tower_from_layer 0 --tune_type_connector full --output_dir checkpoints/qwen25_distill_llava_factory/tiny-llava-Qwen2.5-0.5B-siglip-so400m-patch14-384-qwen2-0_5b_base-distill-pretrain --num_train_epochs 1 --per_device_train_batch_size 1 --per_device_eval_batch_size 4 --gradient_accumulation_steps 16 --evaluation_strategy no --save_strategy steps --save_steps 2000 --save_total_limit 10 --learning_rate 1e-3 --weight_decay 0. --warmup_ratio 0.03 --lr_scheduler_type cosine --logging_steps 1 --tf32 True --model_max_length 2048 --gradient_checkpointing True --dataloader_num_workers 8 --lazy_preprocess True --report_to tensorboard --tokenizer_use_fast False --run_name tiny-llava-Qwen2.5-0.5B-siglip-so400m-patch14-384-qwen2-0_5b_base-pretrain
[2026-01-24 17:29:08,012] [INFO] [real_accelerator.py:203:get_accelerator] Setting ds_accelerator to cuda (auto detect)
Warning: The default cache directory for DeepSpeed Triton autotune, /home/jsun/.triton/autotune, appears to be on an NFS system. While this is generally acceptable, if you experience slowdowns or hanging when DeepSpeed exits, it is recommended to set the TRITON_CACHE_DIR environment variable to a non-NFS path.
[93m [WARNING] [0m async_io requires the dev libaio .so object and headers but these were not found.
[93m [WARNING] [0m async_io: please install the libaio-dev package with apt
[93m [WARNING] [0m If libaio is already installed (perhaps from source), try setting the CFLAGS and LDFLAGS environment variables to where it can be found.
[93m [WARNING] [0m Please specify the CUTLASS repo directory as environment variable $CUTLASS_PATH
[93m [WARNING] [0m sparse_attn requires a torch version >= 1.5 and < 2.0 but detected 2.6
[93m [WARNING] [0m using untested triton version (3.2.0), only 1.0.0 is known to be compatible
[2026-01-24 17:29:09,490] [INFO] [launch.py:146:main] WORLD INFO DICT: {'localhost': [0, 1, 2, 3]}
[2026-01-24 17:29:09,490] [INFO] [launch.py:152:main] nnodes=1, num_local_procs=4, node_rank=0
[2026-01-24 17:29:09,490] [INFO] [launch.py:163:main] global_rank_mapping=defaultdict(<class 'list'>, {'localhost': [0, 1, 2, 3]})
[2026-01-24 17:29:09,490] [INFO] [launch.py:164:main] dist_world_size=4
[2026-01-24 17:29:09,490] [INFO] [launch.py:168:main] Setting CUDA_VISIBLE_DEVICES=0,1,2,3
[2026-01-24 17:29:09,491] [INFO] [launch.py:256:main] process 1248972 spawned with command: ['/home/onsi/jsun/miniconda3/envs/llava-kd/bin/python3.12', '-u', 'llavakd/train/train_distill_qwen2.py', '--local_rank=0', '--deepspeed', 'scripts/zero2.json', '--data_path', '/home/jsun/llava-kd/dataset/blip_laion_cc_sbu_558k.json', '--image_folder', '/home/jsun/llava-kd/dataset/llava/llava_pretrain/images', '--is_multimodal', 'True', '--conv_version', 'pretrain', '--model_name_or_path', 'Qwen/Qwen2.5-0.5B', '--vision_tower', 'google/siglip-so400m-patch14-384', '--vision_tower2', '', '--connector_type', 'mlp2x_gelu', '--mm_vision_select_layer', '-2', '--image_aspect_ratio', 'square', '--attn_implementation', 'flash_attention_2', '--fp16', 'True', '--training_recipe', 'common', '--tune_type_llm', 'frozen', '--tune_type_vision_tower', 'frozen', '--tune_vision_tower_from_layer', '0', '--tune_type_connector', 'full', '--output_dir', 'checkpoints/qwen25_distill_llava_factory/tiny-llava-Qwen2.5-0.5B-siglip-so400m-patch14-384-qwen2-0_5b_base-distill-pretrain', '--num_train_epochs', '1', '--per_device_train_batch_size', '1', '--per_device_eval_batch_size', '4', '--gradient_accumulation_steps', '16', '--evaluation_strategy', 'no', '--save_strategy', 'steps', '--save_steps', '2000', '--save_total_limit', '10', '--learning_rate', '1e-3', '--weight_decay', '0.', '--warmup_ratio', '0.03', '--lr_scheduler_type', 'cosine', '--logging_steps', '1', '--tf32', 'True', '--model_max_length', '2048', '--gradient_checkpointing', 'True', '--dataloader_num_workers', '8', '--lazy_preprocess', 'True', '--report_to', 'tensorboard', '--tokenizer_use_fast', 'False', '--run_name', 'tiny-llava-Qwen2.5-0.5B-siglip-so400m-patch14-384-qwen2-0_5b_base-pretrain']
[2026-01-24 17:29:09,491] [INFO] [launch.py:256:main] process 1248973 spawned with command: ['/home/onsi/jsun/miniconda3/envs/llava-kd/bin/python3.12', '-u', 'llavakd/train/train_distill_qwen2.py', '--local_rank=1', '--deepspeed', 'scripts/zero2.json', '--data_path', '/home/jsun/llava-kd/dataset/blip_laion_cc_sbu_558k.json', '--image_folder', '/home/jsun/llava-kd/dataset/llava/llava_pretrain/images', '--is_multimodal', 'True', '--conv_version', 'pretrain', '--model_name_or_path', 'Qwen/Qwen2.5-0.5B', '--vision_tower', 'google/siglip-so400m-patch14-384', '--vision_tower2', '', '--connector_type', 'mlp2x_gelu', '--mm_vision_select_layer', '-2', '--image_aspect_ratio', 'square', '--attn_implementation', 'flash_attention_2', '--fp16', 'True', '--training_recipe', 'common', '--tune_type_llm', 'frozen', '--tune_type_vision_tower', 'frozen', '--tune_vision_tower_from_layer', '0', '--tune_type_connector', 'full', '--output_dir', 'checkpoints/qwen25_distill_llava_factory/tiny-llava-Qwen2.5-0.5B-siglip-so400m-patch14-384-qwen2-0_5b_base-distill-pretrain', '--num_train_epochs', '1', '--per_device_train_batch_size', '1', '--per_device_eval_batch_size', '4', '--gradient_accumulation_steps', '16', '--evaluation_strategy', 'no', '--save_strategy', 'steps', '--save_steps', '2000', '--save_total_limit', '10', '--learning_rate', '1e-3', '--weight_decay', '0.', '--warmup_ratio', '0.03', '--lr_scheduler_type', 'cosine', '--logging_steps', '1', '--tf32', 'True', '--model_max_length', '2048', '--gradient_checkpointing', 'True', '--dataloader_num_workers', '8', '--lazy_preprocess', 'True', '--report_to', 'tensorboard', '--tokenizer_use_fast', 'False', '--run_name', 'tiny-llava-Qwen2.5-0.5B-siglip-so400m-patch14-384-qwen2-0_5b_base-pretrain']
[2026-01-24 17:29:09,491] [INFO] [launch.py:256:main] process 1248974 spawned with command: ['/home/onsi/jsun/miniconda3/envs/llava-kd/bin/python3.12', '-u', 'llavakd/train/train_distill_qwen2.py', '--local_rank=2', '--deepspeed', 'scripts/zero2.json', '--data_path', '/home/jsun/llava-kd/dataset/blip_laion_cc_sbu_558k.json', '--image_folder', '/home/jsun/llava-kd/dataset/llava/llava_pretrain/images', '--is_multimodal', 'True', '--conv_version', 'pretrain', '--model_name_or_path', 'Qwen/Qwen2.5-0.5B', '--vision_tower', 'google/siglip-so400m-patch14-384', '--vision_tower2', '', '--connector_type', 'mlp2x_gelu', '--mm_vision_select_layer', '-2', '--image_aspect_ratio', 'square', '--attn_implementation', 'flash_attention_2', '--fp16', 'True', '--training_recipe', 'common', '--tune_type_llm', 'frozen', '--tune_type_vision_tower', 'frozen', '--tune_vision_tower_from_layer', '0', '--tune_type_connector', 'full', '--output_dir', 'checkpoints/qwen25_distill_llava_factory/tiny-llava-Qwen2.5-0.5B-siglip-so400m-patch14-384-qwen2-0_5b_base-distill-pretrain', '--num_train_epochs', '1', '--per_device_train_batch_size', '1', '--per_device_eval_batch_size', '4', '--gradient_accumulation_steps', '16', '--evaluation_strategy', 'no', '--save_strategy', 'steps', '--save_steps', '2000', '--save_total_limit', '10', '--learning_rate', '1e-3', '--weight_decay', '0.', '--warmup_ratio', '0.03', '--lr_scheduler_type', 'cosine', '--logging_steps', '1', '--tf32', 'True', '--model_max_length', '2048', '--gradient_checkpointing', 'True', '--dataloader_num_workers', '8', '--lazy_preprocess', 'True', '--report_to', 'tensorboard', '--tokenizer_use_fast', 'False', '--run_name', 'tiny-llava-Qwen2.5-0.5B-siglip-so400m-patch14-384-qwen2-0_5b_base-pretrain']
[2026-01-24 17:29:09,492] [INFO] [launch.py:256:main] process 1248975 spawned with command: ['/home/onsi/jsun/miniconda3/envs/llava-kd/bin/python3.12', '-u', 'llavakd/train/train_distill_qwen2.py', '--local_rank=3', '--deepspeed', 'scripts/zero2.json', '--data_path', '/home/jsun/llava-kd/dataset/blip_laion_cc_sbu_558k.json', '--image_folder', '/home/jsun/llava-kd/dataset/llava/llava_pretrain/images', '--is_multimodal', 'True', '--conv_version', 'pretrain', '--model_name_or_path', 'Qwen/Qwen2.5-0.5B', '--vision_tower', 'google/siglip-so400m-patch14-384', '--vision_tower2', '', '--connector_type', 'mlp2x_gelu', '--mm_vision_select_layer', '-2', '--image_aspect_ratio', 'square', '--attn_implementation', 'flash_attention_2', '--fp16', 'True', '--training_recipe', 'common', '--tune_type_llm', 'frozen', '--tune_type_vision_tower', 'frozen', '--tune_vision_tower_from_layer', '0', '--tune_type_connector', 'full', '--output_dir', 'checkpoints/qwen25_distill_llava_factory/tiny-llava-Qwen2.5-0.5B-siglip-so400m-patch14-384-qwen2-0_5b_base-distill-pretrain', '--num_train_epochs', '1', '--per_device_train_batch_size', '1', '--per_device_eval_batch_size', '4', '--gradient_accumulation_steps', '16', '--evaluation_strategy', 'no', '--save_strategy', 'steps', '--save_steps', '2000', '--save_total_limit', '10', '--learning_rate', '1e-3', '--weight_decay', '0.', '--warmup_ratio', '0.03', '--lr_scheduler_type', 'cosine', '--logging_steps', '1', '--tf32', 'True', '--model_max_length', '2048', '--gradient_checkpointing', 'True', '--dataloader_num_workers', '8', '--lazy_preprocess', 'True', '--report_to', 'tensorboard', '--tokenizer_use_fast', 'False', '--run_name', 'tiny-llava-Qwen2.5-0.5B-siglip-so400m-patch14-384-qwen2-0_5b_base-pretrain']
[2026-01-24 17:29:15,329] [INFO] [real_accelerator.py:203:get_accelerator] Setting ds_accelerator to cuda (auto detect)
Warning: The default cache directory for DeepSpeed Triton autotune, /home/jsun/.triton/autotune, appears to be on an NFS system. While this is generally acceptable, if you experience slowdowns or hanging when DeepSpeed exits, it is recommended to set the TRITON_CACHE_DIR environment variable to a non-NFS path.
[2026-01-24 17:29:15,381] [INFO] [real_accelerator.py:203:get_accelerator] Setting ds_accelerator to cuda (auto detect)
[93m [WARNING] [0m async_io requires the dev libaio .so object and headers but these were not found.
[93m [WARNING] [0m async_io: please install the libaio-dev package with apt
[93m [WARNING] [0m If libaio is already installed (perhaps from source), try setting the CFLAGS and LDFLAGS environment variables to where it can be found.
[93m [WARNING] [0m Please specify the CUTLASS repo directory as environment variable $CUTLASS_PATH
[2026-01-24 17:29:15,415] [INFO] [real_accelerator.py:203:get_accelerator] Setting ds_accelerator to cuda (auto detect)
[93m [WARNING] [0m sparse_attn requires a torch version >= 1.5 and < 2.0 but detected 2.6
[93m [WARNING] [0m using untested triton version (3.2.0), only 1.0.0 is known to be compatible
Warning: The default cache directory for DeepSpeed Triton autotune, /home/jsun/.triton/autotune, appears to be on an NFS system. While this is generally acceptable, if you experience slowdowns or hanging when DeepSpeed exits, it is recommended to set the TRITON_CACHE_DIR environment variable to a non-NFS path.
[2026-01-24 17:29:15,438] [INFO] [real_accelerator.py:203:get_accelerator] Setting ds_accelerator to cuda (auto detect)
Warning: The default cache directory for DeepSpeed Triton autotune, /home/jsun/.triton/autotune, appears to be on an NFS system. While this is generally acceptable, if you experience slowdowns or hanging when DeepSpeed exits, it is recommended to set the TRITON_CACHE_DIR environment variable to a non-NFS path.
[93m [WARNING] [0m async_io requires the dev libaio .so object and headers but these were not found.
[93m [WARNING] [0m async_io: please install the libaio-dev package with apt
[93m [WARNING] [0m If libaio is already installed (perhaps from source), try setting the CFLAGS and LDFLAGS environment variables to where it can be found.
[93m [WARNING] [0m Please specify the CUTLASS repo directory as environment variable $CUTLASS_PATH
Warning: The default cache directory for DeepSpeed Triton autotune, /home/jsun/.triton/autotune, appears to be on an NFS system. While this is generally acceptable, if you experience slowdowns or hanging when DeepSpeed exits, it is recommended to set the TRITON_CACHE_DIR environment variable to a non-NFS path.
[93m [WARNING] [0m async_io requires the dev libaio .so object and headers but these were not found.
[93m [WARNING] [0m sparse_attn requires a torch version >= 1.5 and < 2.0 but detected 2.6
[93m [WARNING] [0m using untested triton version (3.2.0), only 1.0.0 is known to be compatible
[93m [WARNING] [0m async_io: please install the libaio-dev package with apt
[93m [WARNING] [0m If libaio is already installed (perhaps from source), try setting the CFLAGS and LDFLAGS environment variables to where it can be found.
[93m [WARNING] [0m Please specify the CUTLASS repo directory as environment variable $CUTLASS_PATH
[93m [WARNING] [0m sparse_attn requires a torch version >= 1.5 and < 2.0 but detected 2.6
[93m [WARNING] [0m using untested triton version (3.2.0), only 1.0.0 is known to be compatible
[93m [WARNING] [0m async_io requires the dev libaio .so object and headers but these were not found.
[93m [WARNING] [0m async_io: please install the libaio-dev package with apt
[93m [WARNING] [0m If libaio is already installed (perhaps from source), try setting the CFLAGS and LDFLAGS environment variables to where it can be found.
[93m [WARNING] [0m Please specify the CUTLASS repo directory as environment variable $CUTLASS_PATH
[93m [WARNING] [0m sparse_attn requires a torch version >= 1.5 and < 2.0 but detected 2.6
[93m [WARNING] [0m using untested triton version (3.2.0), only 1.0.0 is known to be compatible
Loading teacher model from ./pretrained_checkpoints/LLaVA_KD_ckpts/tiny-llava-Qwen2.5-3B-siglip-so400m-patch14-384-qwen2-0_5b_base-finetune
Loading teacher model from ./pretrained_checkpoints/LLaVA_KD_ckpts/tiny-llava-Qwen2.5-3B-siglip-so400m-patch14-384-qwen2-0_5b_base-finetuneLoading teacher model from ./pretrained_checkpoints/LLaVA_KD_ckpts/tiny-llava-Qwen2.5-3B-siglip-so400m-patch14-384-qwen2-0_5b_base-finetune

Loading teacher model from ./pretrained_checkpoints/LLaVA_KD_ckpts/tiny-llava-Qwen2.5-3B-siglip-so400m-patch14-384-qwen2-0_5b_base-finetune
Teacher model loaded successfully
Teacher model loaded successfully
Teacher model loaded successfully
Teacher model loaded successfully
Loading student language model: Qwen/Qwen2.5-0.5B
Loading student language model: Qwen/Qwen2.5-0.5B
Loading student language model: Qwen/Qwen2.5-0.5B
Loading student language model: Qwen/Qwen2.5-0.5B
Student language model loaded successfully
[2026-01-24 17:29:50,321] [INFO] [comm.py:637:init_distributed] cdb=None
Student language model loaded successfully
[2026-01-24 17:29:53,646] [INFO] [comm.py:637:init_distributed] cdb=None
Student language model loaded successfully
[2026-01-24 17:29:53,814] [INFO] [comm.py:637:init_distributed] cdb=None
Student language model loaded successfully
[2026-01-24 17:29:53,830] [INFO] [comm.py:637:init_distributed] cdb=None
[2026-01-24 17:29:53,830] [INFO] [comm.py:668:init_distributed] Initializing TorchBackend in DeepSpeed with backend nccl
Loading vision from ./pretrained_checkpoints/LLaVA_KD_ckpts/tiny-llava-Qwen2.5-3B-siglip-so400m-patch14-384-qwen2-0_5b_base-finetune/vision_tower/pytorch_model.bin
Loading vision from ./pretrained_checkpoints/LLaVA_KD_ckpts/tiny-llava-Qwen2.5-3B-siglip-so400m-patch14-384-qwen2-0_5b_base-finetune/vision_tower/pytorch_model.bin
Loading vision from ./pretrained_checkpoints/LLaVA_KD_ckpts/tiny-llava-Qwen2.5-3B-siglip-so400m-patch14-384-qwen2-0_5b_base-finetune/vision_tower/pytorch_model.bin
Loading vision from ./pretrained_checkpoints/LLaVA_KD_ckpts/tiny-llava-Qwen2.5-3B-siglip-so400m-patch14-384-qwen2-0_5b_base-finetune/vision_tower/pytorch_model.bin
Loading language from Huggingface Pretrained Model
Loading language from Huggingface Pretrained Model
Loading language from Huggingface Pretrained Model
Loading language from Huggingface Pretrained Model
2026-01-24 17:31:02,931 | INFO: Total Parameters: 924095168, Total Trainable Parameters: 1836800
2026-01-24 17:31:02,931 | INFO: Trainable Parameters:
connector._connector.0.weight: 1032192 parameters
connector._connector.0.bias: 896 parameters
connector._connector.2.weight: 802816 parameters
connector._connector.2.bias: 896 parameters
{'loss': 19.7916, 'grad_norm': 0.0, 'learning_rate': 0.0, 'epoch': 0.0}
{'loss': 19.9232, 'grad_norm': 0.0, 'learning_rate': 0.0, 'epoch': 0.0}
{'loss': 19.8844, 'grad_norm': 0.0, 'learning_rate': 0.0, 'epoch': 0.0}
{'loss': 19.7021, 'grad_norm': 0.0, 'learning_rate': 0.0, 'epoch': 0.0}
{'loss': 20.4562, 'grad_norm': 0.0, 'learning_rate': 0.0, 'epoch': 0.0}
{'loss': 19.6467, 'grad_norm': 0.0, 'learning_rate': 0.0, 'epoch': 0.0}
{'loss': 20.553, 'grad_norm': 0.0, 'learning_rate': 0.0, 'epoch': 0.0}
{'loss': 19.9665, 'grad_norm': 71.57427978515625, 'learning_rate': 3.816793893129771e-06, 'epoch': 0.0}
{'loss': 19.759, 'grad_norm': 67.02520751953125, 'learning_rate': 7.633587786259541e-06, 'epoch': 0.0}
{'loss': 19.7011, 'grad_norm': 69.7667465209961, 'learning_rate': 1.1450381679389314e-05, 'epoch': 0.0}
{'loss': 19.762, 'grad_norm': 70.07194519042969, 'learning_rate': 1.5267175572519083e-05, 'epoch': 0.0}
{'loss': 19.4163, 'grad_norm': 70.07194519042969, 'learning_rate': 1.5267175572519083e-05, 'epoch': 0.0}
{'loss': 19.6728, 'grad_norm': 66.465087890625, 'learning_rate': 1.9083969465648855e-05, 'epoch': 0.0}
{'loss': 19.2316, 'grad_norm': 68.5353012084961, 'learning_rate': 2.2900763358778628e-05, 'epoch': 0.0}
{'loss': 17.9908, 'grad_norm': 70.87637329101562, 'learning_rate': 2.6717557251908397e-05, 'epoch': 0.0}
{'loss': 17.9123, 'grad_norm': 66.28955078125, 'learning_rate': 3.0534351145038166e-05, 'epoch': 0.0}
{'loss': 17.1227, 'grad_norm': 47.5198860168457, 'learning_rate': 3.435114503816794e-05, 'epoch': 0.0}
{'loss': 16.6851, 'grad_norm': 60.19985580444336, 'learning_rate': 3.816793893129771e-05, 'epoch': 0.0}
{'loss': 16.2391, 'grad_norm': 43.17957305908203, 'learning_rate': 4.198473282442748e-05, 'epoch': 0.0}
{'loss': 15.428, 'grad_norm': 38.41993713378906, 'learning_rate': 4.5801526717557256e-05, 'epoch': 0.0}
{'loss': 14.7471, 'grad_norm': 40.47651672363281, 'learning_rate': 4.9618320610687025e-05, 'epoch': 0.0}
{'loss': 14.6004, 'grad_norm': 37.170204162597656, 'learning_rate': 5.3435114503816794e-05, 'epoch': 0.0}
{'loss': 14.2562, 'grad_norm': 42.90673828125, 'learning_rate': 5.725190839694656e-05, 'epoch': 0.0}
{'loss': 13.4722, 'grad_norm': 25.83495330810547, 'learning_rate': 6.106870229007633e-05, 'epoch': 0.0}
{'loss': 13.6292, 'grad_norm': 24.06925392150879, 'learning_rate': 6.488549618320611e-05, 'epoch': 0.0}
{'loss': 13.7109, 'grad_norm': 35.7214469909668, 'learning_rate': 6.870229007633588e-05, 'epoch': 0.0}
{'loss': 13.1028, 'grad_norm': 31.018035888671875, 'learning_rate': 7.251908396946565e-05, 'epoch': 0.0}
{'loss': 12.8525, 'grad_norm': 24.000986099243164, 'learning_rate': 7.633587786259542e-05, 'epoch': 0.0}
{'loss': 12.3614, 'grad_norm': 14.532265663146973, 'learning_rate': 8.015267175572518e-05, 'epoch': 0.0}
{'loss': 12.4552, 'grad_norm': 15.545723915100098, 'learning_rate': 8.396946564885496e-05, 'epoch': 0.0}
{'loss': 12.0209, 'grad_norm': 18.023344039916992, 'learning_rate': 8.778625954198472e-05, 'epoch': 0.0}
{'loss': 11.9122, 'grad_norm': 14.243987083435059, 'learning_rate': 9.160305343511451e-05, 'epoch': 0.0}
{'loss': 11.9439, 'grad_norm': 26.996898651123047, 'learning_rate': 9.541984732824429e-05, 'epoch': 0.0}
{'loss': 11.9322, 'grad_norm': 16.96981430053711, 'learning_rate': 9.923664122137405e-05, 'epoch': 0.0}
{'loss': 11.936, 'grad_norm': 10.220348358154297, 'learning_rate': 0.00010305343511450383, 'epoch': 0.0}
{'loss': 11.6903, 'grad_norm': 12.491363525390625, 'learning_rate': 0.00010687022900763359, 'epoch': 0.0}
{'loss': 11.6315, 'grad_norm': 10.49558162689209, 'learning_rate': 0.00011068702290076336, 'epoch': 0.0}
{'loss': 11.4084, 'grad_norm': 8.86701488494873, 'learning_rate': 0.00011450381679389313, 'epoch': 0.0}
{'loss': 11.2991, 'grad_norm': 10.131858825683594, 'learning_rate': 0.0001183206106870229, 'epoch': 0.0}
{'loss': 10.9756, 'grad_norm': 7.885370254516602, 'learning_rate': 0.00012213740458015266, 'epoch': 0.0}
{'loss': 11.2407, 'grad_norm': 15.682745933532715, 'learning_rate': 0.00012595419847328244, 'epoch': 0.0}
{'loss': 11.5267, 'grad_norm': 8.866271018981934, 'learning_rate': 0.00012977099236641222, 'epoch': 0.0}
{'loss': 11.3653, 'grad_norm': 8.412607192993164, 'learning_rate': 0.000133587786259542, 'epoch': 0.0}
{'loss': 10.6876, 'grad_norm': 12.290038108825684, 'learning_rate': 0.00013740458015267177, 'epoch': 0.01}
{'loss': 10.8228, 'grad_norm': 16.191265106201172, 'learning_rate': 0.00014122137404580154, 'epoch': 0.01}
{'loss': 11.0769, 'grad_norm': 5.820858955383301, 'learning_rate': 0.0001450381679389313, 'epoch': 0.01}
{'loss': 10.5871, 'grad_norm': 9.554513931274414, 'learning_rate': 0.00014885496183206107, 'epoch': 0.01}
{'loss': 10.6584, 'grad_norm': 6.407904148101807, 'learning_rate': 0.00015267175572519084, 'epoch': 0.01}
{'loss': 11.0064, 'grad_norm': 7.041797637939453, 'learning_rate': 0.00015648854961832062, 'epoch': 0.01}
{'loss': 10.447, 'grad_norm': 5.738655090332031, 'learning_rate': 0.00016030534351145037, 'epoch': 0.01}
{'loss': 10.4869, 'grad_norm': 5.351505279541016, 'learning_rate': 0.00016412213740458014, 'epoch': 0.01}
{'loss': 10.7142, 'grad_norm': 5.01504373550415, 'learning_rate': 0.00016793893129770992, 'epoch': 0.01}
{'loss': 10.589, 'grad_norm': 5.048580646514893, 'learning_rate': 0.0001717557251908397, 'epoch': 0.01}
{'loss': 10.786, 'grad_norm': 7.391623020172119, 'learning_rate': 0.00017557251908396944, 'epoch': 0.01}
{'loss': 10.2367, 'grad_norm': 5.132292747497559, 'learning_rate': 0.00017938931297709925, 'epoch': 0.01}
{'loss': 10.5875, 'grad_norm': 5.2626824378967285, 'learning_rate': 0.00018320610687022902, 'epoch': 0.01}
{'loss': 10.3138, 'grad_norm': 4.782832145690918, 'learning_rate': 0.0001870229007633588, 'epoch': 0.01}
{'loss': 10.2983, 'grad_norm': 6.063317775726318, 'learning_rate': 0.00019083969465648857, 'epoch': 0.01}
{'loss': 10.0542, 'grad_norm': 7.885575771331787, 'learning_rate': 0.00019465648854961832, 'epoch': 0.01}
{'loss': 10.4152, 'grad_norm': 6.019427299499512, 'learning_rate': 0.0001984732824427481, 'epoch': 0.01}
{'loss': 10.1322, 'grad_norm': 5.237776756286621, 'learning_rate': 0.00020229007633587788, 'epoch': 0.01}
{'loss': 10.0458, 'grad_norm': 17.432945251464844, 'learning_rate': 0.00020610687022900765, 'epoch': 0.01}
{'loss': 10.1661, 'grad_norm': 4.965838432312012, 'learning_rate': 0.0002099236641221374, 'epoch': 0.01}
{'loss': 9.86, 'grad_norm': 4.2030029296875, 'learning_rate': 0.00021374045801526718, 'epoch': 0.01}
{'loss': 10.1368, 'grad_norm': 4.154750347137451, 'learning_rate': 0.00021755725190839695, 'epoch': 0.01}
{'loss': 10.1111, 'grad_norm': 4.891185760498047, 'learning_rate': 0.00022137404580152673, 'epoch': 0.01}
{'loss': 10.4115, 'grad_norm': 5.505013465881348, 'learning_rate': 0.00022519083969465648, 'epoch': 0.01}
{'loss': 9.9989, 'grad_norm': 6.260753631591797, 'learning_rate': 0.00022900763358778625, 'epoch': 0.01}
{'loss': 9.4953, 'grad_norm': 3.379096031188965, 'learning_rate': 0.00023282442748091603, 'epoch': 0.01}
{'loss': 10.3589, 'grad_norm': 4.315022945404053, 'learning_rate': 0.0002366412213740458, 'epoch': 0.01}
{'loss': 9.8465, 'grad_norm': 4.098336219787598, 'learning_rate': 0.00024045801526717558, 'epoch': 0.01}
{'loss': 9.465, 'grad_norm': 4.204448699951172, 'learning_rate': 0.00024427480916030533, 'epoch': 0.01}
{'loss': 9.9041, 'grad_norm': 3.300952911376953, 'learning_rate': 0.00024809160305343513, 'epoch': 0.01}
{'loss': 9.6445, 'grad_norm': 3.274775266647339, 'learning_rate': 0.0002519083969465649, 'epoch': 0.01}
{'loss': 9.8981, 'grad_norm': 5.192052841186523, 'learning_rate': 0.00025572519083969463, 'epoch': 0.01}
{'loss': 9.8866, 'grad_norm': 4.391914367675781, 'learning_rate': 0.00025954198473282443, 'epoch': 0.01}
{'loss': 9.9786, 'grad_norm': 5.465911865234375, 'learning_rate': 0.0002633587786259542, 'epoch': 0.01}
{'loss': 10.5008, 'grad_norm': 4.646768569946289, 'learning_rate': 0.000267175572519084, 'epoch': 0.01}
{'loss': 9.5287, 'grad_norm': 3.704209804534912, 'learning_rate': 0.00027099236641221373, 'epoch': 0.01}
{'loss': 9.5792, 'grad_norm': 3.1366074085235596, 'learning_rate': 0.00027480916030534353, 'epoch': 0.01}
{'loss': 9.6267, 'grad_norm': 3.199984312057495, 'learning_rate': 0.0002786259541984733, 'epoch': 0.01}
{'loss': 9.5077, 'grad_norm': 4.61583948135376, 'learning_rate': 0.0002824427480916031, 'epoch': 0.01}
{'loss': 9.7739, 'grad_norm': 5.983983516693115, 'learning_rate': 0.0002862595419847328, 'epoch': 0.01}
{'loss': 9.2575, 'grad_norm': 4.392106056213379, 'learning_rate': 0.0002900763358778626, 'epoch': 0.01}
{'loss': 9.5426, 'grad_norm': 8.787647247314453, 'learning_rate': 0.0002938931297709924, 'epoch': 0.01}
{'loss': 9.6643, 'grad_norm': 3.2786529064178467, 'learning_rate': 0.00029770992366412214, 'epoch': 0.01}
{'loss': 9.623, 'grad_norm': 3.4525909423828125, 'learning_rate': 0.00030152671755725194, 'epoch': 0.01}
{'loss': 9.1906, 'grad_norm': 4.541511058807373, 'learning_rate': 0.0003053435114503817, 'epoch': 0.01}
{'loss': 9.8094, 'grad_norm': 3.3858754634857178, 'learning_rate': 0.0003091603053435115, 'epoch': 0.01}
{'loss': 9.7913, 'grad_norm': 5.663302898406982, 'learning_rate': 0.00031297709923664124, 'epoch': 0.01}
{'loss': 9.8026, 'grad_norm': 3.6852030754089355, 'learning_rate': 0.000316793893129771, 'epoch': 0.01}
{'loss': 9.6364, 'grad_norm': 3.5703084468841553, 'learning_rate': 0.00032061068702290074, 'epoch': 0.01}
{'loss': 9.3225, 'grad_norm': 2.9614968299865723, 'learning_rate': 0.00032442748091603054, 'epoch': 0.01}
{'loss': 9.7531, 'grad_norm': 4.086752414703369, 'learning_rate': 0.0003282442748091603, 'epoch': 0.01}
{'loss': 9.2678, 'grad_norm': 3.4251608848571777, 'learning_rate': 0.0003320610687022901, 'epoch': 0.01}
{'loss': 9.9194, 'grad_norm': 3.339059591293335, 'learning_rate': 0.00033587786259541984, 'epoch': 0.01}
{'loss': 9.5635, 'grad_norm': 3.2503161430358887, 'learning_rate': 0.00033969465648854964, 'epoch': 0.01}
{'loss': 9.3244, 'grad_norm': 3.7155680656433105, 'learning_rate': 0.0003435114503816794, 'epoch': 0.01}
{'loss': 9.1436, 'grad_norm': 2.7370052337646484, 'learning_rate': 0.0003473282442748092, 'epoch': 0.01}
{'loss': 9.4541, 'grad_norm': 3.465843439102173, 'learning_rate': 0.0003511450381679389, 'epoch': 0.01}
{'loss': 9.1347, 'grad_norm': 3.45025897026062, 'learning_rate': 0.0003549618320610687, 'epoch': 0.01}
{'loss': 9.3361, 'grad_norm': 3.6372625827789307, 'learning_rate': 0.0003587786259541985, 'epoch': 0.01}
{'loss': 9.3896, 'grad_norm': 2.6135542392730713, 'learning_rate': 0.00036259541984732824, 'epoch': 0.01}
{'loss': 8.9969, 'grad_norm': 3.016484498977661, 'learning_rate': 0.00036641221374045805, 'epoch': 0.01}
{'loss': 9.4884, 'grad_norm': 4.509779930114746, 'learning_rate': 0.0003702290076335878, 'epoch': 0.01}
{'loss': 9.4391, 'grad_norm': 3.240186929702759, 'learning_rate': 0.0003740458015267176, 'epoch': 0.01}
{'loss': 9.6384, 'grad_norm': 4.738507270812988, 'learning_rate': 0.00037786259541984735, 'epoch': 0.01}
{'loss': 9.4586, 'grad_norm': 4.104724884033203, 'learning_rate': 0.00038167938931297715, 'epoch': 0.01}
{'loss': 9.1311, 'grad_norm': 2.834449052810669, 'learning_rate': 0.00038549618320610684, 'epoch': 0.01}
{'loss': 9.4115, 'grad_norm': 3.1570255756378174, 'learning_rate': 0.00038931297709923665, 'epoch': 0.01}
{'loss': 9.0143, 'grad_norm': 4.325399875640869, 'learning_rate': 0.0003931297709923664, 'epoch': 0.01}
{'loss': 9.3943, 'grad_norm': 3.525362730026245, 'learning_rate': 0.0003969465648854962, 'epoch': 0.01}
{'loss': 9.0833, 'grad_norm': 3.768022060394287, 'learning_rate': 0.00040076335877862595, 'epoch': 0.01}
{'loss': 9.2315, 'grad_norm': 3.5224852561950684, 'learning_rate': 0.00040458015267175575, 'epoch': 0.01}
{'loss': 8.9557, 'grad_norm': 3.2005953788757324, 'learning_rate': 0.0004083969465648855, 'epoch': 0.01}
{'loss': 9.2618, 'grad_norm': 4.122255802154541, 'learning_rate': 0.0004122137404580153, 'epoch': 0.01}
{'loss': 8.9452, 'grad_norm': 3.0233683586120605, 'learning_rate': 0.00041603053435114505, 'epoch': 0.01}
{'loss': 9.4172, 'grad_norm': 3.8238189220428467, 'learning_rate': 0.0004198473282442748, 'epoch': 0.01}
{'loss': 8.9925, 'grad_norm': 2.8217248916625977, 'learning_rate': 0.00042366412213740455, 'epoch': 0.01}
{'loss': 9.2415, 'grad_norm': 3.1638693809509277, 'learning_rate': 0.00042748091603053435, 'epoch': 0.01}
{'loss': 9.0554, 'grad_norm': 3.9190244674682617, 'learning_rate': 0.00043129770992366415, 'epoch': 0.01}
{'loss': 9.5341, 'grad_norm': 3.3487040996551514, 'learning_rate': 0.0004351145038167939, 'epoch': 0.01}
{'loss': 9.1813, 'grad_norm': 3.2281622886657715, 'learning_rate': 0.0004389312977099237, 'epoch': 0.01}
{'loss': 9.2491, 'grad_norm': 4.502750873565674, 'learning_rate': 0.00044274809160305345, 'epoch': 0.01}
{'loss': 9.2335, 'grad_norm': 4.66308069229126, 'learning_rate': 0.00044656488549618326, 'epoch': 0.01}
{'loss': 9.0683, 'grad_norm': 3.812440872192383, 'learning_rate': 0.00045038167938931295, 'epoch': 0.01}
{'loss': 9.2105, 'grad_norm': 4.121135711669922, 'learning_rate': 0.00045419847328244275, 'epoch': 0.01}
{'loss': 8.7716, 'grad_norm': 3.3825674057006836, 'learning_rate': 0.0004580152671755725, 'epoch': 0.01}
{'loss': 8.9113, 'grad_norm': 2.692607879638672, 'learning_rate': 0.0004618320610687023, 'epoch': 0.01}
{'loss': 9.033, 'grad_norm': 5.059268951416016, 'learning_rate': 0.00046564885496183206, 'epoch': 0.01}
{'loss': 9.4, 'grad_norm': 4.018548965454102, 'learning_rate': 0.00046946564885496186, 'epoch': 0.02}
{'loss': 8.6633, 'grad_norm': 3.812950849533081, 'learning_rate': 0.0004732824427480916, 'epoch': 0.02}
{'loss': 8.4581, 'grad_norm': 4.137397289276123, 'learning_rate': 0.0004770992366412214, 'epoch': 0.02}
{'loss': 9.0922, 'grad_norm': 5.177392482757568, 'learning_rate': 0.00048091603053435116, 'epoch': 0.02}
{'loss': 8.9906, 'grad_norm': 3.795926094055176, 'learning_rate': 0.0004847328244274809, 'epoch': 0.02}
{'loss': 9.2805, 'grad_norm': 8.262035369873047, 'learning_rate': 0.0004885496183206107, 'epoch': 0.02}
{'loss': 8.9516, 'grad_norm': 3.814162492752075, 'learning_rate': 0.0004923664122137404, 'epoch': 0.02}
{'loss': 8.9154, 'grad_norm': 3.5646965503692627, 'learning_rate': 0.0004961832061068703, 'epoch': 0.02}
{'loss': 8.9025, 'grad_norm': 3.8864357471466064, 'learning_rate': 0.0005, 'epoch': 0.02}
{'loss': 9.1238, 'grad_norm': 3.906493663787842, 'learning_rate': 0.0005038167938931298, 'epoch': 0.02}
{'loss': 8.9669, 'grad_norm': 3.898085594177246, 'learning_rate': 0.0005076335877862596, 'epoch': 0.02}
{'loss': 8.8848, 'grad_norm': 4.964685440063477, 'learning_rate': 0.0005114503816793893, 'epoch': 0.02}
{'loss': 9.0559, 'grad_norm': 4.114882946014404, 'learning_rate': 0.0005152671755725191, 'epoch': 0.02}
{'loss': 9.1176, 'grad_norm': 4.319667816162109, 'learning_rate': 0.0005190839694656489, 'epoch': 0.02}
{'loss': 9.1966, 'grad_norm': 4.9639739990234375, 'learning_rate': 0.0005229007633587787, 'epoch': 0.02}
{'loss': 8.4908, 'grad_norm': 4.120034217834473, 'learning_rate': 0.0005267175572519084, 'epoch': 0.02}
{'loss': 8.7897, 'grad_norm': 3.984597682952881, 'learning_rate': 0.0005305343511450382, 'epoch': 0.02}
{'loss': 8.5217, 'grad_norm': 4.094738483428955, 'learning_rate': 0.000534351145038168, 'epoch': 0.02}
{'loss': 8.4741, 'grad_norm': 4.214932441711426, 'learning_rate': 0.0005381679389312977, 'epoch': 0.02}
{'loss': 8.9466, 'grad_norm': 4.2448296546936035, 'learning_rate': 0.0005419847328244275, 'epoch': 0.02}
{'loss': 8.7872, 'grad_norm': 5.439679145812988, 'learning_rate': 0.0005458015267175572, 'epoch': 0.02}
{'loss': 8.7002, 'grad_norm': 6.229240894317627, 'learning_rate': 0.0005496183206106871, 'epoch': 0.02}
{'loss': 8.7137, 'grad_norm': 5.577273845672607, 'learning_rate': 0.0005534351145038168, 'epoch': 0.02}
{'loss': 8.2991, 'grad_norm': 4.948889255523682, 'learning_rate': 0.0005572519083969466, 'epoch': 0.02}
{'loss': 8.5878, 'grad_norm': 5.770907402038574, 'learning_rate': 0.0005610687022900763, 'epoch': 0.02}
{'loss': 8.4729, 'grad_norm': 3.980786085128784, 'learning_rate': 0.0005648854961832062, 'epoch': 0.02}
{'loss': 8.6458, 'grad_norm': 6.56673526763916, 'learning_rate': 0.0005687022900763359, 'epoch': 0.02}
{'loss': 8.4403, 'grad_norm': 4.916559219360352, 'learning_rate': 0.0005725190839694656, 'epoch': 0.02}
{'loss': 8.9709, 'grad_norm': 6.885067462921143, 'learning_rate': 0.0005763358778625954, 'epoch': 0.02}
{'loss': 8.7072, 'grad_norm': 5.601964950561523, 'learning_rate': 0.0005801526717557252, 'epoch': 0.02}
{'loss': 8.6498, 'grad_norm': 8.524920463562012, 'learning_rate': 0.000583969465648855, 'epoch': 0.02}
{'loss': 8.2217, 'grad_norm': 6.191922664642334, 'learning_rate': 0.0005877862595419848, 'epoch': 0.02}
{'loss': 8.6059, 'grad_norm': 4.5421462059021, 'learning_rate': 0.0005916030534351145, 'epoch': 0.02}
{'loss': 8.5511, 'grad_norm': 7.14693546295166, 'learning_rate': 0.0005954198473282443, 'epoch': 0.02}
{'loss': 8.3202, 'grad_norm': 3.9619863033294678, 'learning_rate': 0.0005992366412213741, 'epoch': 0.02}
{'loss': 8.9293, 'grad_norm': 5.499874114990234, 'learning_rate': 0.0006030534351145039, 'epoch': 0.02}
{'loss': 8.7789, 'grad_norm': 5.978207588195801, 'learning_rate': 0.0006068702290076335, 'epoch': 0.02}
{'loss': 8.2251, 'grad_norm': 4.7632622718811035, 'learning_rate': 0.0006106870229007634, 'epoch': 0.02}
{'loss': 8.5736, 'grad_norm': 6.739632606506348, 'learning_rate': 0.0006145038167938931, 'epoch': 0.02}
{'loss': 8.2467, 'grad_norm': 4.215690612792969, 'learning_rate': 0.000618320610687023, 'epoch': 0.02}
{'loss': 8.3111, 'grad_norm': 4.131991386413574, 'learning_rate': 0.0006221374045801526, 'epoch': 0.02}
{'loss': 8.2755, 'grad_norm': 4.054896354675293, 'learning_rate': 0.0006259541984732825, 'epoch': 0.02}
{'loss': 8.6577, 'grad_norm': 3.959465503692627, 'learning_rate': 0.0006297709923664122, 'epoch': 0.02}
{'loss': 8.3783, 'grad_norm': 4.131669521331787, 'learning_rate': 0.000633587786259542, 'epoch': 0.02}
{'loss': 8.5997, 'grad_norm': 4.165035724639893, 'learning_rate': 0.0006374045801526717, 'epoch': 0.02}
{'loss': 8.524, 'grad_norm': 3.908360719680786, 'learning_rate': 0.0006412213740458015, 'epoch': 0.02}
{'loss': 8.008, 'grad_norm': 4.174861431121826, 'learning_rate': 0.0006450381679389313, 'epoch': 0.02}
{'loss': 8.3911, 'grad_norm': 4.16154670715332, 'learning_rate': 0.0006488549618320611, 'epoch': 0.02}
{'loss': 8.5798, 'grad_norm': 4.33906364440918, 'learning_rate': 0.0006526717557251909, 'epoch': 0.02}
{'loss': 8.0565, 'grad_norm': 4.9288434982299805, 'learning_rate': 0.0006564885496183206, 'epoch': 0.02}
{'loss': 8.1344, 'grad_norm': 4.712767601013184, 'learning_rate': 0.0006603053435114504, 'epoch': 0.02}
{'loss': 8.1469, 'grad_norm': 4.419082164764404, 'learning_rate': 0.0006641221374045802, 'epoch': 0.02}
{'loss': 7.9688, 'grad_norm': 4.75486946105957, 'learning_rate': 0.0006679389312977099, 'epoch': 0.02}
{'loss': 8.0711, 'grad_norm': 4.072677135467529, 'learning_rate': 0.0006717557251908397, 'epoch': 0.02}
{'loss': 8.2773, 'grad_norm': 4.994076251983643, 'learning_rate': 0.0006755725190839694, 'epoch': 0.02}
{'loss': 8.1281, 'grad_norm': 5.199039459228516, 'learning_rate': 0.0006793893129770993, 'epoch': 0.02}
{'loss': 8.3217, 'grad_norm': 4.138647556304932, 'learning_rate': 0.000683206106870229, 'epoch': 0.02}
{'loss': 8.0609, 'grad_norm': 5.392070293426514, 'learning_rate': 0.0006870229007633588, 'epoch': 0.02}
{'loss': 7.9781, 'grad_norm': 4.244583606719971, 'learning_rate': 0.0006908396946564885, 'epoch': 0.02}
{'loss': 7.9308, 'grad_norm': 5.200407028198242, 'learning_rate': 0.0006946564885496184, 'epoch': 0.02}
{'loss': 7.9623, 'grad_norm': 4.678606033325195, 'learning_rate': 0.0006984732824427481, 'epoch': 0.02}
{'loss': 8.0114, 'grad_norm': 5.143073558807373, 'learning_rate': 0.0007022900763358778, 'epoch': 0.02}
{'loss': 7.939, 'grad_norm': 4.104160308837891, 'learning_rate': 0.0007061068702290076, 'epoch': 0.02}
{'loss': 7.8944, 'grad_norm': 4.2362165451049805, 'learning_rate': 0.0007099236641221374, 'epoch': 0.02}
{'loss': 8.0349, 'grad_norm': 4.023200035095215, 'learning_rate': 0.0007137404580152672, 'epoch': 0.02}
{'loss': 7.9683, 'grad_norm': 3.8965137004852295, 'learning_rate': 0.000717557251908397, 'epoch': 0.02}
{'loss': 8.0048, 'grad_norm': 4.344877243041992, 'learning_rate': 0.0007213740458015267, 'epoch': 0.02}
{'loss': 7.9109, 'grad_norm': 4.644288539886475, 'learning_rate': 0.0007251908396946565, 'epoch': 0.02}
{'loss': 8.1335, 'grad_norm': 4.601967811584473, 'learning_rate': 0.0007290076335877863, 'epoch': 0.02}
{'loss': 7.8811, 'grad_norm': 4.716261386871338, 'learning_rate': 0.0007328244274809161, 'epoch': 0.02}
{'loss': 7.9445, 'grad_norm': 5.607306957244873, 'learning_rate': 0.0007366412213740457, 'epoch': 0.02}
{'loss': 7.6264, 'grad_norm': 4.53206205368042, 'learning_rate': 0.0007404580152671756, 'epoch': 0.02}
{'loss': 7.8247, 'grad_norm': 4.682151794433594, 'learning_rate': 0.0007442748091603053, 'epoch': 0.02}
{'loss': 8.2642, 'grad_norm': 4.627519607543945, 'learning_rate': 0.0007480916030534352, 'epoch': 0.02}
{'loss': 7.8356, 'grad_norm': 4.299710273742676, 'learning_rate': 0.0007519083969465648, 'epoch': 0.02}
{'loss': 7.8207, 'grad_norm': 4.094179630279541, 'learning_rate': 0.0007557251908396947, 'epoch': 0.02}
{'loss': 7.9803, 'grad_norm': 4.052924633026123, 'learning_rate': 0.0007595419847328244, 'epoch': 0.02}
{'loss': 7.3981, 'grad_norm': 3.9094059467315674, 'learning_rate': 0.0007633587786259543, 'epoch': 0.02}
{'loss': 7.9101, 'grad_norm': 4.965184211730957, 'learning_rate': 0.0007671755725190839, 'epoch': 0.02}
{'loss': 8.0302, 'grad_norm': 4.428342819213867, 'learning_rate': 0.0007709923664122137, 'epoch': 0.02}
{'loss': 8.2553, 'grad_norm': 4.405888557434082, 'learning_rate': 0.0007748091603053435, 'epoch': 0.02}
{'loss': 7.5572, 'grad_norm': 4.28274393081665, 'learning_rate': 0.0007786259541984733, 'epoch': 0.02}
{'loss': 7.904, 'grad_norm': 5.550677299499512, 'learning_rate': 0.000782442748091603, 'epoch': 0.02}
{'loss': 7.6613, 'grad_norm': 3.9597249031066895, 'learning_rate': 0.0007862595419847328, 'epoch': 0.02}
{'loss': 7.2904, 'grad_norm': 3.8880255222320557, 'learning_rate': 0.0007900763358778626, 'epoch': 0.02}
{'loss': 7.4928, 'grad_norm': 4.507589340209961, 'learning_rate': 0.0007938931297709924, 'epoch': 0.02}
{'loss': 7.7509, 'grad_norm': 4.439952373504639, 'learning_rate': 0.0007977099236641223, 'epoch': 0.02}
{'loss': 8.0898, 'grad_norm': 4.044651985168457, 'learning_rate': 0.0008015267175572519, 'epoch': 0.02}
{'loss': 7.7747, 'grad_norm': 5.073984146118164, 'learning_rate': 0.0008053435114503816, 'epoch': 0.03}
{'loss': 7.6384, 'grad_norm': 4.677526473999023, 'learning_rate': 0.0008091603053435115, 'epoch': 0.03}
{'loss': 7.6934, 'grad_norm': 3.6597273349761963, 'learning_rate': 0.0008129770992366412, 'epoch': 0.03}
{'loss': 7.6822, 'grad_norm': 4.00026273727417, 'learning_rate': 0.000816793893129771, 'epoch': 0.03}
{'loss': 7.5635, 'grad_norm': 4.382678508758545, 'learning_rate': 0.0008206106870229007, 'epoch': 0.03}
{'loss': 7.6889, 'grad_norm': 3.3791210651397705, 'learning_rate': 0.0008244274809160306, 'epoch': 0.03}
{'loss': 7.5904, 'grad_norm': 3.775171995162964, 'learning_rate': 0.0008282442748091604, 'epoch': 0.03}
{'loss': 7.5135, 'grad_norm': 3.658989191055298, 'learning_rate': 0.0008320610687022901, 'epoch': 0.03}
{'loss': 7.5406, 'grad_norm': 3.4904744625091553, 'learning_rate': 0.0008358778625954198, 'epoch': 0.03}
{'loss': 7.3291, 'grad_norm': 3.9256045818328857, 'learning_rate': 0.0008396946564885496, 'epoch': 0.03}
{'loss': 7.5973, 'grad_norm': 3.687283992767334, 'learning_rate': 0.0008435114503816795, 'epoch': 0.03}
{'loss': 7.5212, 'grad_norm': 4.105247974395752, 'learning_rate': 0.0008473282442748091, 'epoch': 0.03}
{'loss': 7.4617, 'grad_norm': 4.140822887420654, 'learning_rate': 0.000851145038167939, 'epoch': 0.03}
{'loss': 7.4194, 'grad_norm': 4.262988567352295, 'learning_rate': 0.0008549618320610687, 'epoch': 0.03}
{'loss': 7.5739, 'grad_norm': 4.867731094360352, 'learning_rate': 0.0008587786259541986, 'epoch': 0.03}
{'loss': 7.5758, 'grad_norm': 4.039716720581055, 'learning_rate': 0.0008625954198473283, 'epoch': 0.03}
{'loss': 7.1935, 'grad_norm': 3.8710501194000244, 'learning_rate': 0.0008664122137404581, 'epoch': 0.03}
{'loss': 7.4257, 'grad_norm': 4.504145622253418, 'learning_rate': 0.0008702290076335878, 'epoch': 0.03}
{'loss': 7.4299, 'grad_norm': 4.195159912109375, 'learning_rate': 0.0008740458015267176, 'epoch': 0.03}
{'loss': 7.138, 'grad_norm': 3.8444535732269287, 'learning_rate': 0.0008778625954198474, 'epoch': 0.03}
{'loss': 7.3482, 'grad_norm': 4.538339138031006, 'learning_rate': 0.000881679389312977, 'epoch': 0.03}
{'loss': 7.1775, 'grad_norm': 4.897575378417969, 'learning_rate': 0.0008854961832061069, 'epoch': 0.03}
{'loss': 7.3249, 'grad_norm': 4.2173004150390625, 'learning_rate': 0.0008893129770992367, 'epoch': 0.03}
{'loss': 7.272, 'grad_norm': 4.072537422180176, 'learning_rate': 0.0008931297709923665, 'epoch': 0.03}
{'loss': 7.6419, 'grad_norm': 4.415466785430908, 'learning_rate': 0.0008969465648854962, 'epoch': 0.03}
{'loss': 7.0496, 'grad_norm': 3.83969783782959, 'learning_rate': 0.0009007633587786259, 'epoch': 0.03}
{'loss': 7.5196, 'grad_norm': 3.770263195037842, 'learning_rate': 0.0009045801526717558, 'epoch': 0.03}
{'loss': 7.2037, 'grad_norm': 4.123359680175781, 'learning_rate': 0.0009083969465648855, 'epoch': 0.03}
{'loss': 7.3636, 'grad_norm': 4.291904926300049, 'learning_rate': 0.0009122137404580153, 'epoch': 0.03}
{'loss': 7.4386, 'grad_norm': 3.8947315216064453, 'learning_rate': 0.000916030534351145, 'epoch': 0.03}
{'loss': 7.1582, 'grad_norm': 4.366140842437744, 'learning_rate': 0.0009198473282442749, 'epoch': 0.03}
{'loss': 7.3814, 'grad_norm': 4.033768177032471, 'learning_rate': 0.0009236641221374046, 'epoch': 0.03}
{'loss': 7.7105, 'grad_norm': 4.027739524841309, 'learning_rate': 0.0009274809160305345, 'epoch': 0.03}
{'loss': 6.946, 'grad_norm': 3.9129483699798584, 'learning_rate': 0.0009312977099236641, 'epoch': 0.03}
{'loss': 7.243, 'grad_norm': 3.7805445194244385, 'learning_rate': 0.0009351145038167939, 'epoch': 0.03}
{'loss': 7.3713, 'grad_norm': 4.64679479598999, 'learning_rate': 0.0009389312977099237, 'epoch': 0.03}
{'loss': 6.984, 'grad_norm': 3.994598150253296, 'learning_rate': 0.0009427480916030535, 'epoch': 0.03}
{'loss': 7.2726, 'grad_norm': 6.32983922958374, 'learning_rate': 0.0009465648854961832, 'epoch': 0.03}
{'loss': 7.3805, 'grad_norm': 4.887431621551514, 'learning_rate': 0.000950381679389313, 'epoch': 0.03}
{'loss': 7.1429, 'grad_norm': 4.587348937988281, 'learning_rate': 0.0009541984732824428, 'epoch': 0.03}
{'loss': 7.1374, 'grad_norm': 4.040257453918457, 'learning_rate': 0.0009580152671755726, 'epoch': 0.03}
{'loss': 6.9988, 'grad_norm': 4.299671649932861, 'learning_rate': 0.0009618320610687023, 'epoch': 0.03}
{'loss': 7.1513, 'grad_norm': 3.7070367336273193, 'learning_rate': 0.0009656488549618321, 'epoch': 0.03}
{'loss': 6.6612, 'grad_norm': 11.951263427734375, 'learning_rate': 0.0009694656488549618, 'epoch': 0.03}
{'loss': 7.2237, 'grad_norm': 5.832875728607178, 'learning_rate': 0.0009732824427480917, 'epoch': 0.03}
{'loss': 7.2879, 'grad_norm': 4.082357883453369, 'learning_rate': 0.0009770992366412213, 'epoch': 0.03}
{'loss': 7.2371, 'grad_norm': 6.726380825042725, 'learning_rate': 0.0009809160305343512, 'epoch': 0.03}
{'loss': 7.3217, 'grad_norm': 5.923707485198975, 'learning_rate': 0.0009847328244274808, 'epoch': 0.03}
{'loss': 7.0708, 'grad_norm': 5.625458240509033, 'learning_rate': 0.0009885496183206107, 'epoch': 0.03}
{'loss': 7.4815, 'grad_norm': 5.34774923324585, 'learning_rate': 0.0009923664122137405, 'epoch': 0.03}
{'loss': 7.2652, 'grad_norm': 5.53635311126709, 'learning_rate': 0.0009961832061068704, 'epoch': 0.03}
{'loss': 7.0952, 'grad_norm': 4.559147357940674, 'learning_rate': 0.001, 'epoch': 0.03}
{'loss': 7.1762, 'grad_norm': 5.29482889175415, 'learning_rate': 0.0009999999655091111, 'epoch': 0.03}
{'loss': 6.9702, 'grad_norm': 5.515458583831787, 'learning_rate': 0.000999999862036449, 'epoch': 0.03}
{'loss': 7.111, 'grad_norm': 4.77575159072876, 'learning_rate': 0.0009999996895820283, 'epoch': 0.03}
{'loss': 7.2665, 'grad_norm': 5.196224212646484, 'learning_rate': 0.0009999994481458723, 'epoch': 0.03}
{'loss': 7.1463, 'grad_norm': 4.512451171875, 'learning_rate': 0.0009999991377280149, 'epoch': 0.03}
{'loss': 7.0072, 'grad_norm': 3.724841356277466, 'learning_rate': 0.0009999987583284985, 'epoch': 0.03}
{'loss': 7.0343, 'grad_norm': 4.22914981842041, 'learning_rate': 0.0009999983099473755, 'epoch': 0.03}
{'loss': 7.0115, 'grad_norm': 3.9777309894561768, 'learning_rate': 0.0009999977925847078, 'epoch': 0.03}
{'loss': 6.9962, 'grad_norm': 4.174627304077148, 'learning_rate': 0.0009999972062405668, 'epoch': 0.03}
{'loss': 6.8741, 'grad_norm': 3.4284746646881104, 'learning_rate': 0.0009999965509150336, 'epoch': 0.03}
{'loss': 6.8339, 'grad_norm': 3.9365358352661133, 'learning_rate': 0.0009999958266081982, 'epoch': 0.03}
{'loss': 6.8466, 'grad_norm': 4.3567118644714355, 'learning_rate': 0.0009999950333201607, 'epoch': 0.03}
{'loss': 7.2336, 'grad_norm': 3.718033790588379, 'learning_rate': 0.0009999941710510307, 'epoch': 0.03}
{'loss': 7.2541, 'grad_norm': 4.38990592956543, 'learning_rate': 0.000999993239800927, 'epoch': 0.03}
{'loss': 6.5759, 'grad_norm': 3.931723117828369, 'learning_rate': 0.0009999922395699781, 'epoch': 0.03}
{'loss': 6.936, 'grad_norm': 4.236947059631348, 'learning_rate': 0.000999991170358322, 'epoch': 0.03}
{'loss': 6.8602, 'grad_norm': 3.836806297302246, 'learning_rate': 0.0009999900321661062, 'epoch': 0.03}
{'loss': 6.988, 'grad_norm': 4.5055999755859375, 'learning_rate': 0.0009999888249934879, 'epoch': 0.03}
{'loss': 6.9878, 'grad_norm': 3.9225776195526123, 'learning_rate': 0.0009999875488406332, 'epoch': 0.03}
{'loss': 7.0748, 'grad_norm': 4.217338562011719, 'learning_rate': 0.0009999862037077187, 'epoch': 0.03}
{'loss': 7.1415, 'grad_norm': 4.746610164642334, 'learning_rate': 0.0009999847895949296, 'epoch': 0.03}
{'loss': 7.2029, 'grad_norm': 4.079012393951416, 'learning_rate': 0.0009999833065024613, 'epoch': 0.03}
{'loss': 6.9421, 'grad_norm': 3.908139228820801, 'learning_rate': 0.000999981754430518, 'epoch': 0.03}
{'loss': 7.2202, 'grad_norm': 4.17869234085083, 'learning_rate': 0.0009999801333793145, 'epoch': 0.03}
{'loss': 6.8343, 'grad_norm': 3.7400660514831543, 'learning_rate': 0.0009999784433490737, 'epoch': 0.03}
{'loss': 7.1145, 'grad_norm': 3.9373066425323486, 'learning_rate': 0.0009999766843400292, 'epoch': 0.03}
{'loss': 7.0025, 'grad_norm': 4.324833869934082, 'learning_rate': 0.0009999748563524233, 'epoch': 0.03}
{'loss': 7.2408, 'grad_norm': 4.0479536056518555, 'learning_rate': 0.0009999729593865088, 'epoch': 0.03}
{'loss': 7.1189, 'grad_norm': 5.023436546325684, 'learning_rate': 0.000999970993442547, 'epoch': 0.03}
{'loss': 7.1008, 'grad_norm': 3.2677361965179443, 'learning_rate': 0.0009999689585208091, 'epoch': 0.03}
{'loss': 6.9067, 'grad_norm': 4.899909019470215, 'learning_rate': 0.0009999668546215761, 'epoch': 0.03}
{'loss': 7.0104, 'grad_norm': 4.033384323120117, 'learning_rate': 0.000999964681745138, 'epoch': 0.03}
{'loss': 6.9749, 'grad_norm': 3.4842984676361084, 'learning_rate': 0.0009999624398917945, 'epoch': 0.03}
{'loss': 6.7145, 'grad_norm': 3.888699531555176, 'learning_rate': 0.0009999601290618554, 'epoch': 0.03}
{'loss': 6.8117, 'grad_norm': 3.5436246395111084, 'learning_rate': 0.0009999577492556392, 'epoch': 0.03}
{'loss': 6.673, 'grad_norm': 3.242894411087036, 'learning_rate': 0.000999955300473474, 'epoch': 0.04}
{'loss': 6.8235, 'grad_norm': 3.6022071838378906, 'learning_rate': 0.000999952782715698, 'epoch': 0.04}
{'loss': 6.6327, 'grad_norm': 3.4183664321899414, 'learning_rate': 0.0009999501959826584, 'epoch': 0.04}
{'loss': 6.9728, 'grad_norm': 3.8082289695739746, 'learning_rate': 0.000999947540274712, 'epoch': 0.04}
{'loss': 6.8037, 'grad_norm': 3.4556992053985596, 'learning_rate': 0.0009999448155922253, 'epoch': 0.04}
{'loss': 6.4088, 'grad_norm': 3.7489166259765625, 'learning_rate': 0.0009999420219355742, 'epoch': 0.04}
{'loss': 6.8141, 'grad_norm': 3.7014963626861572, 'learning_rate': 0.0009999391593051442, 'epoch': 0.04}
{'loss': 6.9733, 'grad_norm': 3.618884563446045, 'learning_rate': 0.0009999362277013301, 'epoch': 0.04}
{'loss': 6.6087, 'grad_norm': 3.276181697845459, 'learning_rate': 0.0009999332271245366, 'epoch': 0.04}
{'loss': 7.0327, 'grad_norm': 4.131730079650879, 'learning_rate': 0.000999930157575177, 'epoch': 0.04}
{'loss': 6.6585, 'grad_norm': 4.052613258361816, 'learning_rate': 0.0009999270190536758, 'epoch': 0.04}
{'loss': 6.6616, 'grad_norm': 3.8986968994140625, 'learning_rate': 0.000999923811560465, 'epoch': 0.04}
{'loss': 6.7277, 'grad_norm': 3.8664190769195557, 'learning_rate': 0.000999920535095988, 'epoch': 0.04}
{'loss': 6.5809, 'grad_norm': 3.68597674369812, 'learning_rate': 0.0009999171896606961, 'epoch': 0.04}
{'loss': 6.8761, 'grad_norm': 3.9741156101226807, 'learning_rate': 0.0009999137752550514, 'epoch': 0.04}
{'loss': 6.6159, 'grad_norm': 3.6072194576263428, 'learning_rate': 0.0009999102918795246, 'epoch': 0.04}
{'loss': 6.8591, 'grad_norm': 4.163147449493408, 'learning_rate': 0.0009999067395345964, 'epoch': 0.04}
{'loss': 6.3215, 'grad_norm': 3.8612043857574463, 'learning_rate': 0.0009999031182207569, 'epoch': 0.04}
{'loss': 6.5514, 'grad_norm': 4.033439636230469, 'learning_rate': 0.0009998994279385057, 'epoch': 0.04}
{'loss': 7.0262, 'grad_norm': 4.775652885437012, 'learning_rate': 0.000999895668688352, 'epoch': 0.04}
{'loss': 6.5283, 'grad_norm': 3.683666229248047, 'learning_rate': 0.0009998918404708144, 'epoch': 0.04}
{'loss': 6.2672, 'grad_norm': 4.113459587097168, 'learning_rate': 0.000999887943286421, 'epoch': 0.04}
{'loss': 6.8289, 'grad_norm': 4.061172008514404, 'learning_rate': 0.0009998839771357094, 'epoch': 0.04}
{'loss': 6.6249, 'grad_norm': 4.2229814529418945, 'learning_rate': 0.000999879942019227, 'epoch': 0.04}
{'loss': 6.7221, 'grad_norm': 3.6763055324554443, 'learning_rate': 0.00099987583793753, 'epoch': 0.04}
{'loss': 6.286, 'grad_norm': 3.969820976257324, 'learning_rate': 0.0009998716648911856, 'epoch': 0.04}
{'loss': 6.6846, 'grad_norm': 4.0075602531433105, 'learning_rate': 0.0009998674228807686, 'epoch': 0.04}
{'loss': 6.3879, 'grad_norm': 3.700732946395874, 'learning_rate': 0.0009998631119068646, 'epoch': 0.04}
{'loss': 6.5296, 'grad_norm': 3.4408442974090576, 'learning_rate': 0.0009998587319700683, 'epoch': 0.04}
{'loss': 6.7733, 'grad_norm': 4.665085792541504, 'learning_rate': 0.000999854283070984, 'epoch': 0.04}
{'loss': 6.6012, 'grad_norm': 3.468191623687744, 'learning_rate': 0.0009998497652102254, 'epoch': 0.04}
{'loss': 6.8652, 'grad_norm': 3.6776914596557617, 'learning_rate': 0.000999845178388416, 'epoch': 0.04}
{'loss': 6.6015, 'grad_norm': 4.1113810539245605, 'learning_rate': 0.0009998405226061887, 'epoch': 0.04}
{'loss': 6.6286, 'grad_norm': 4.118528366088867, 'learning_rate': 0.0009998357978641852, 'epoch': 0.04}
{'loss': 6.2553, 'grad_norm': 3.9431426525115967, 'learning_rate': 0.000999831004163058, 'epoch': 0.04}
{'loss': 6.6516, 'grad_norm': 4.455218315124512, 'learning_rate': 0.0009998261415034681, 'epoch': 0.04}
{'loss': 6.4877, 'grad_norm': 3.9291019439697266, 'learning_rate': 0.0009998212098860865, 'epoch': 0.04}
{'loss': 6.074, 'grad_norm': 3.3511390686035156, 'learning_rate': 0.0009998162093115938, 'epoch': 0.04}
{'loss': 6.5854, 'grad_norm': 3.618906021118164, 'learning_rate': 0.0009998111397806794, 'epoch': 0.04}
{'loss': 6.7793, 'grad_norm': 3.927245616912842, 'learning_rate': 0.0009998060012940432, 'epoch': 0.04}
{'loss': 6.4511, 'grad_norm': 4.317115783691406, 'learning_rate': 0.0009998007938523939, 'epoch': 0.04}
{'loss': 6.4265, 'grad_norm': 3.629945755004883, 'learning_rate': 0.0009997955174564498, 'epoch': 0.04}
{'loss': 6.6214, 'grad_norm': 4.940174102783203, 'learning_rate': 0.000999790172106939, 'epoch': 0.04}
{'loss': 6.7876, 'grad_norm': 4.298978328704834, 'learning_rate': 0.0009997847578045991, 'epoch': 0.04}
{'loss': 6.463, 'grad_norm': 4.158560752868652, 'learning_rate': 0.0009997792745501768, 'epoch': 0.04}
{'loss': 6.2932, 'grad_norm': 4.501269817352295, 'learning_rate': 0.0009997737223444287, 'epoch': 0.04}
{'loss': 6.2717, 'grad_norm': 3.7825913429260254, 'learning_rate': 0.0009997681011881209, 'epoch': 0.04}
{'loss': 6.3497, 'grad_norm': 3.939692735671997, 'learning_rate': 0.0009997624110820288, 'epoch': 0.04}
{'loss': 6.5915, 'grad_norm': 4.501523017883301, 'learning_rate': 0.0009997566520269375, 'epoch': 0.04}
{'loss': 6.9532, 'grad_norm': 4.475494384765625, 'learning_rate': 0.0009997508240236414, 'epoch': 0.04}
{'loss': 6.1473, 'grad_norm': 3.4807915687561035, 'learning_rate': 0.0009997449270729448, 'epoch': 0.04}
{'loss': 6.6423, 'grad_norm': 4.76332950592041, 'learning_rate': 0.000999738961175661, 'epoch': 0.04}
{'loss': 6.2049, 'grad_norm': 3.9773688316345215, 'learning_rate': 0.0009997329263326134, 'epoch': 0.04}
{'loss': 6.3164, 'grad_norm': 4.685681343078613, 'learning_rate': 0.0009997268225446342, 'epoch': 0.04}
{'loss': 6.2516, 'grad_norm': 3.5177342891693115, 'learning_rate': 0.000999720649812566, 'epoch': 0.04}
{'loss': 6.8885, 'grad_norm': 5.059490203857422, 'learning_rate': 0.0009997144081372597, 'epoch': 0.04}
{'loss': 6.3363, 'grad_norm': 3.9072649478912354, 'learning_rate': 0.000999708097519577, 'epoch': 0.04}
{'loss': 6.3999, 'grad_norm': 4.524007320404053, 'learning_rate': 0.0009997017179603882, 'epoch': 0.04}
{'loss': 6.3772, 'grad_norm': 3.81411075592041, 'learning_rate': 0.0009996952694605737, 'epoch': 0.04}
{'loss': 6.3159, 'grad_norm': 4.636631488800049, 'learning_rate': 0.0009996887520210232, 'epoch': 0.04}
{'loss': 6.4159, 'grad_norm': 4.326836109161377, 'learning_rate': 0.0009996821656426357, 'epoch': 0.04}
{'loss': 6.6024, 'grad_norm': 4.0027031898498535, 'learning_rate': 0.0009996755103263198, 'epoch': 0.04}
{'loss': 6.5049, 'grad_norm': 4.200124740600586, 'learning_rate': 0.0009996687860729938, 'epoch': 0.04}
{'loss': 6.2653, 'grad_norm': 4.496516704559326, 'learning_rate': 0.0009996619928835855, 'epoch': 0.04}
{'loss': 6.5468, 'grad_norm': 4.361541748046875, 'learning_rate': 0.000999655130759032, 'epoch': 0.04}
{'loss': 6.4099, 'grad_norm': 3.4169609546661377, 'learning_rate': 0.00099964819970028, 'epoch': 0.04}
{'loss': 6.0171, 'grad_norm': 3.596116304397583, 'learning_rate': 0.0009996411997082856, 'epoch': 0.04}
{'loss': 6.2669, 'grad_norm': 4.163141250610352, 'learning_rate': 0.000999634130784015, 'epoch': 0.04}
{'loss': 6.7097, 'grad_norm': 4.175607681274414, 'learning_rate': 0.0009996269929284432, 'epoch': 0.04}
{'loss': 6.3199, 'grad_norm': 4.215765953063965, 'learning_rate': 0.0009996197861425547, 'epoch': 0.04}
{'loss': 6.1982, 'grad_norm': 4.215762138366699, 'learning_rate': 0.000999612510427344, 'epoch': 0.04}
{'loss': 6.3923, 'grad_norm': 4.714165687561035, 'learning_rate': 0.0009996051657838153, 'epoch': 0.04}
{'loss': 6.1209, 'grad_norm': 3.6551315784454346, 'learning_rate': 0.0009995977522129812, 'epoch': 0.04}
{'loss': 6.0534, 'grad_norm': 3.905965566635132, 'learning_rate': 0.0009995902697158647, 'epoch': 0.04}
{'loss': 6.2976, 'grad_norm': 4.896668434143066, 'learning_rate': 0.0009995827182934982, 'epoch': 0.04}
{'loss': 6.1867, 'grad_norm': 4.177154541015625, 'learning_rate': 0.0009995750979469235, 'epoch': 0.04}
{'loss': 6.4361, 'grad_norm': 4.0474934577941895, 'learning_rate': 0.0009995674086771922, 'epoch': 0.04}
{'loss': 6.2888, 'grad_norm': 4.0013322830200195, 'learning_rate': 0.0009995596504853647, 'epoch': 0.04}
{'loss': 6.3809, 'grad_norm': 3.903881072998047, 'learning_rate': 0.0009995518233725117, 'epoch': 0.04}
{'loss': 6.4471, 'grad_norm': 4.34568977355957, 'learning_rate': 0.0009995439273397127, 'epoch': 0.04}
{'loss': 6.1177, 'grad_norm': 3.9519829750061035, 'learning_rate': 0.0009995359623880574, 'epoch': 0.04}
{'loss': 6.142, 'grad_norm': 4.733171463012695, 'learning_rate': 0.0009995279285186444, 'epoch': 0.04}
{'loss': 6.1544, 'grad_norm': 3.8266217708587646, 'learning_rate': 0.0009995198257325823, 'epoch': 0.04}
{'loss': 6.053, 'grad_norm': 3.977247953414917, 'learning_rate': 0.0009995116540309889, 'epoch': 0.04}
{'loss': 6.2796, 'grad_norm': 4.254631996154785, 'learning_rate': 0.0009995034134149918, 'epoch': 0.04}
{'loss': 6.0641, 'grad_norm': 4.503952980041504, 'learning_rate': 0.0009994951038857275, 'epoch': 0.04}
{'loss': 6.2971, 'grad_norm': 4.42341423034668, 'learning_rate': 0.0009994867254443426, 'epoch': 0.04}
{'loss': 5.8417, 'grad_norm': 3.7079250812530518, 'learning_rate': 0.000999478278091993, 'epoch': 0.05}
{'loss': 6.1237, 'grad_norm': 4.148332595825195, 'learning_rate': 0.0009994697618298442, 'epoch': 0.05}
{'loss': 6.2823, 'grad_norm': 4.375290393829346, 'learning_rate': 0.0009994611766590714, 'epoch': 0.05}
{'loss': 6.3311, 'grad_norm': 3.8660776615142822, 'learning_rate': 0.0009994525225808584, 'epoch': 0.05}
{'loss': 6.1503, 'grad_norm': 4.211925506591797, 'learning_rate': 0.0009994437995963993, 'epoch': 0.05}
{'loss': 5.9738, 'grad_norm': 3.643014907836914, 'learning_rate': 0.0009994350077068982, 'epoch': 0.05}
{'loss': 6.1555, 'grad_norm': 4.036622524261475, 'learning_rate': 0.0009994261469135673, 'epoch': 0.05}
{'loss': 6.0733, 'grad_norm': 4.174756050109863, 'learning_rate': 0.0009994172172176294, 'epoch': 0.05}
{'loss': 6.0615, 'grad_norm': 4.480842590332031, 'learning_rate': 0.0009994082186203165, 'epoch': 0.05}
{'loss': 6.4474, 'grad_norm': 3.775285482406616, 'learning_rate': 0.00099939915112287, 'epoch': 0.05}
{'loss': 6.2349, 'grad_norm': 4.100642681121826, 'learning_rate': 0.0009993900147265411, 'epoch': 0.05}
{'loss': 6.4219, 'grad_norm': 4.089064121246338, 'learning_rate': 0.00099938080943259, 'epoch': 0.05}
{'loss': 6.1372, 'grad_norm': 3.8708250522613525, 'learning_rate': 0.0009993715352422865, 'epoch': 0.05}
{'loss': 6.1936, 'grad_norm': 3.641817569732666, 'learning_rate': 0.0009993621921569108, 'epoch': 0.05}
{'loss': 6.0322, 'grad_norm': 3.6312386989593506, 'learning_rate': 0.0009993527801777512, 'epoch': 0.05}
{'loss': 6.1716, 'grad_norm': 4.067535877227783, 'learning_rate': 0.0009993432993061066, 'epoch': 0.05}
{'loss': 6.117, 'grad_norm': 3.7025327682495117, 'learning_rate': 0.000999333749543285, 'epoch': 0.05}
{'loss': 6.2407, 'grad_norm': 4.161937713623047, 'learning_rate': 0.0009993241308906037, 'epoch': 0.05}
{'loss': 6.2997, 'grad_norm': 3.5278866291046143, 'learning_rate': 0.0009993144433493898, 'epoch': 0.05}
{'loss': 6.0178, 'grad_norm': 3.440608024597168, 'learning_rate': 0.00099930468692098, 'epoch': 0.05}
{'loss': 5.9714, 'grad_norm': 3.4684014320373535, 'learning_rate': 0.0009992948616067202, 'epoch': 0.05}
{'loss': 6.265, 'grad_norm': 4.766458034515381, 'learning_rate': 0.0009992849674079658, 'epoch': 0.05}
{'loss': 6.1305, 'grad_norm': 3.2540318965911865, 'learning_rate': 0.0009992750043260822, 'epoch': 0.05}
{'loss': 6.2697, 'grad_norm': 4.470472812652588, 'learning_rate': 0.0009992649723624437, 'epoch': 0.05}
{'loss': 6.1395, 'grad_norm': 3.317364454269409, 'learning_rate': 0.0009992548715184344, 'epoch': 0.05}
{'loss': 5.8912, 'grad_norm': 4.250907897949219, 'learning_rate': 0.0009992447017954478, 'epoch': 0.05}
{'loss': 6.2956, 'grad_norm': 3.0917489528656006, 'learning_rate': 0.000999234463194887, 'epoch': 0.05}
{'loss': 5.925, 'grad_norm': 3.5026397705078125, 'learning_rate': 0.0009992241557181644, 'epoch': 0.05}
{'loss': 5.9912, 'grad_norm': 3.410517930984497, 'learning_rate': 0.0009992137793667023, 'epoch': 0.05}
{'loss': 5.9547, 'grad_norm': 4.3375372886657715, 'learning_rate': 0.0009992033341419322, 'epoch': 0.05}
{'loss': 6.1669, 'grad_norm': 3.9078917503356934, 'learning_rate': 0.000999192820045295, 'epoch': 0.05}
{'loss': 6.0311, 'grad_norm': 4.17396879196167, 'learning_rate': 0.0009991822370782415, 'epoch': 0.05}
{'loss': 6.1319, 'grad_norm': 4.053387641906738, 'learning_rate': 0.0009991715852422317, 'epoch': 0.05}
{'loss': 5.9305, 'grad_norm': 3.98193621635437, 'learning_rate': 0.000999160864538735, 'epoch': 0.05}
{'loss': 5.7728, 'grad_norm': 3.873033285140991, 'learning_rate': 0.0009991500749692303, 'epoch': 0.05}
{'loss': 5.8072, 'grad_norm': 3.9701833724975586, 'learning_rate': 0.0009991392165352069, 'epoch': 0.05}
{'loss': 6.0665, 'grad_norm': 3.4695053100585938, 'learning_rate': 0.000999128289238162, 'epoch': 0.05}
{'loss': 5.9835, 'grad_norm': 4.1027512550354, 'learning_rate': 0.0009991172930796037, 'epoch': 0.05}
{'loss': 5.7635, 'grad_norm': 4.345461845397949, 'learning_rate': 0.000999106228061049, 'epoch': 0.05}
{'loss': 5.9704, 'grad_norm': 3.16182279586792, 'learning_rate': 0.0009990950941840245, 'epoch': 0.05}
{'loss': 6.123, 'grad_norm': 3.3515713214874268, 'learning_rate': 0.0009990838914500661, 'epoch': 0.05}
{'loss': 5.746, 'grad_norm': 3.595425844192505, 'learning_rate': 0.0009990726198607193, 'epoch': 0.05}
{'loss': 5.9764, 'grad_norm': 3.572381019592285, 'learning_rate': 0.0009990612794175395, 'epoch': 0.05}
{'loss': 6.2051, 'grad_norm': 3.636584997177124, 'learning_rate': 0.000999049870122091, 'epoch': 0.05}
{'loss': 5.9459, 'grad_norm': 3.806748867034912, 'learning_rate': 0.000999038391975948, 'epoch': 0.05}
{'loss': 6.1529, 'grad_norm': 3.7808947563171387, 'learning_rate': 0.000999026844980694, 'epoch': 0.05}
{'loss': 6.1261, 'grad_norm': 3.518497943878174, 'learning_rate': 0.000999015229137922, 'epoch': 0.05}
{'loss': 6.1403, 'grad_norm': 3.3464243412017822, 'learning_rate': 0.0009990035444492347, 'epoch': 0.05}
{'loss': 6.1925, 'grad_norm': 3.5130462646484375, 'learning_rate': 0.0009989917909162442, 'epoch': 0.05}
{'loss': 5.9143, 'grad_norm': 3.8061821460723877, 'learning_rate': 0.0009989799685405718, 'epoch': 0.05}
{'loss': 5.9492, 'grad_norm': 3.0457093715667725, 'learning_rate': 0.0009989680773238487, 'epoch': 0.05}
{'loss': 6.043, 'grad_norm': 3.895639657974243, 'learning_rate': 0.0009989561172677158, 'epoch': 0.05}
{'loss': 6.0042, 'grad_norm': 4.761424541473389, 'learning_rate': 0.0009989440883738225, 'epoch': 0.05}
{'loss': 6.0376, 'grad_norm': 3.248887300491333, 'learning_rate': 0.0009989319906438287, 'epoch': 0.05}
{'loss': 5.8253, 'grad_norm': 5.309263229370117, 'learning_rate': 0.0009989198240794035, 'epoch': 0.05}
{'loss': 5.9803, 'grad_norm': 3.362994432449341, 'learning_rate': 0.0009989075886822254, 'epoch': 0.05}
{'loss': 6.054, 'grad_norm': 4.1804609298706055, 'learning_rate': 0.0009988952844539826, 'epoch': 0.05}
{'loss': 5.8276, 'grad_norm': 3.3025782108306885, 'learning_rate': 0.000998882911396372, 'epoch': 0.05}
{'loss': 5.9953, 'grad_norm': 3.4544408321380615, 'learning_rate': 0.0009988704695111012, 'epoch': 0.05}
{'loss': 5.8761, 'grad_norm': 3.2436835765838623, 'learning_rate': 0.0009988579587998868, 'epoch': 0.05}
{'loss': 5.8822, 'grad_norm': 4.041036128997803, 'learning_rate': 0.0009988453792644544, 'epoch': 0.05}
{'loss': 5.828, 'grad_norm': 3.436175584793091, 'learning_rate': 0.00099883273090654, 'epoch': 0.05}
{'loss': 5.8221, 'grad_norm': 3.607525587081909, 'learning_rate': 0.000998820013727888, 'epoch': 0.05}
{'loss': 5.8324, 'grad_norm': 3.8838400840759277, 'learning_rate': 0.0009988072277302535, 'epoch': 0.05}
{'loss': 5.9851, 'grad_norm': 4.190704822540283, 'learning_rate': 0.0009987943729154003, 'epoch': 0.05}
{'loss': 6.189, 'grad_norm': 4.061583042144775, 'learning_rate': 0.0009987814492851018, 'epoch': 0.05}
{'loss': 6.0879, 'grad_norm': 3.411266803741455, 'learning_rate': 0.000998768456841141, 'epoch': 0.05}
{'loss': 5.8625, 'grad_norm': 4.3251447677612305, 'learning_rate': 0.0009987553955853104, 'epoch': 0.05}
{'loss': 5.9106, 'grad_norm': 3.823094129562378, 'learning_rate': 0.000998742265519412, 'epoch': 0.05}
{'loss': 5.9408, 'grad_norm': 4.511880874633789, 'learning_rate': 0.0009987290666452573, 'epoch': 0.05}
{'loss': 5.9299, 'grad_norm': 3.6467270851135254, 'learning_rate': 0.0009987157989646673, 'epoch': 0.05}
{'loss': 6.231, 'grad_norm': 3.9641926288604736, 'learning_rate': 0.0009987024624794722, 'epoch': 0.05}
{'loss': 6.0904, 'grad_norm': 3.7545135021209717, 'learning_rate': 0.0009986890571915125, 'epoch': 0.05}
{'loss': 5.8465, 'grad_norm': 3.633908748626709, 'learning_rate': 0.0009986755831026368, 'epoch': 0.05}
{'loss': 5.8831, 'grad_norm': 4.502493858337402, 'learning_rate': 0.0009986620402147048, 'epoch': 0.05}
{'loss': 5.6548, 'grad_norm': 3.4939510822296143, 'learning_rate': 0.0009986484285295846, 'epoch': 0.05}
{'loss': 5.7065, 'grad_norm': 4.367855548858643, 'learning_rate': 0.0009986347480491543, 'epoch': 0.05}
{'loss': 5.7943, 'grad_norm': 2.9380133152008057, 'learning_rate': 0.0009986209987753012, 'epoch': 0.05}
{'loss': 5.7936, 'grad_norm': 4.183333873748779, 'learning_rate': 0.000998607180709922, 'epoch': 0.05}
{'loss': 6.0343, 'grad_norm': 3.3150956630706787, 'learning_rate': 0.0009985932938549231, 'epoch': 0.05}
{'loss': 5.698, 'grad_norm': 4.176708698272705, 'learning_rate': 0.000998579338212221, 'epoch': 0.05}
{'loss': 6.1121, 'grad_norm': 3.5746521949768066, 'learning_rate': 0.0009985653137837402, 'epoch': 0.05}
{'loss': 5.7357, 'grad_norm': 3.9060142040252686, 'learning_rate': 0.000998551220571416, 'epoch': 0.05}
{'loss': 5.9396, 'grad_norm': 3.5803115367889404, 'learning_rate': 0.0009985370585771929, 'epoch': 0.05}
{'loss': 5.9994, 'grad_norm': 3.8509535789489746, 'learning_rate': 0.0009985228278030244, 'epoch': 0.05}
{'loss': 5.7763, 'grad_norm': 3.5712687969207764, 'learning_rate': 0.0009985085282508742, 'epoch': 0.05}
{'loss': 5.7022, 'grad_norm': 3.947990894317627, 'learning_rate': 0.0009984941599227146, 'epoch': 0.05}
{'loss': 6.0067, 'grad_norm': 3.0895707607269287, 'learning_rate': 0.0009984797228205283, 'epoch': 0.06}
{'loss': 5.683, 'grad_norm': 4.165384769439697, 'learning_rate': 0.000998465216946307, 'epoch': 0.06}
{'loss': 5.8714, 'grad_norm': 3.2181732654571533, 'learning_rate': 0.0009984506423020522, 'epoch': 0.06}
{'loss': 6.0067, 'grad_norm': 3.0923123359680176, 'learning_rate': 0.0009984359988897743, 'epoch': 0.06}
{'loss': 5.7856, 'grad_norm': 3.6085457801818848, 'learning_rate': 0.0009984212867114937, 'epoch': 0.06}
{'loss': 5.9161, 'grad_norm': 3.5772705078125, 'learning_rate': 0.0009984065057692402, 'epoch': 0.06}
{'loss': 6.1479, 'grad_norm': 3.5687124729156494, 'learning_rate': 0.0009983916560650527, 'epoch': 0.06}
{'loss': 5.6324, 'grad_norm': 3.3737800121307373, 'learning_rate': 0.0009983767376009805, 'epoch': 0.06}
{'loss': 5.7681, 'grad_norm': 3.268117666244507, 'learning_rate': 0.0009983617503790815, 'epoch': 0.06}
{'loss': 5.7874, 'grad_norm': 3.685715913772583, 'learning_rate': 0.0009983466944014233, 'epoch': 0.06}
{'loss': 6.1235, 'grad_norm': 3.522132396697998, 'learning_rate': 0.0009983315696700831, 'epoch': 0.06}
{'loss': 5.8174, 'grad_norm': 3.3978312015533447, 'learning_rate': 0.0009983163761871478, 'epoch': 0.06}
{'loss': 5.813, 'grad_norm': 3.250699520111084, 'learning_rate': 0.0009983011139547133, 'epoch': 0.06}
{'loss': 5.8076, 'grad_norm': 3.1519105434417725, 'learning_rate': 0.0009982857829748855, 'epoch': 0.06}
{'loss': 5.7971, 'grad_norm': 3.407921075820923, 'learning_rate': 0.0009982703832497792, 'epoch': 0.06}
{'loss': 5.5178, 'grad_norm': 3.3069095611572266, 'learning_rate': 0.000998254914781519, 'epoch': 0.06}
{'loss': 5.5249, 'grad_norm': 3.3346381187438965, 'learning_rate': 0.0009982393775722393, 'epoch': 0.06}
{'loss': 5.9102, 'grad_norm': 4.50273323059082, 'learning_rate': 0.0009982237716240833, 'epoch': 0.06}
{'loss': 5.8131, 'grad_norm': 3.4093594551086426, 'learning_rate': 0.0009982080969392045, 'epoch': 0.06}
{'loss': 5.9418, 'grad_norm': 3.400766372680664, 'learning_rate': 0.000998192353519765, 'epoch': 0.06}
{'loss': 5.6325, 'grad_norm': 3.696551561355591, 'learning_rate': 0.000998176541367937, 'epoch': 0.06}
{'loss': 5.9852, 'grad_norm': 3.36629319190979, 'learning_rate': 0.000998160660485902, 'epoch': 0.06}
{'loss': 5.995, 'grad_norm': 3.2194108963012695, 'learning_rate': 0.000998144710875851, 'epoch': 0.06}
{'loss': 5.9214, 'grad_norm': 3.373697280883789, 'learning_rate': 0.0009981286925399844, 'epoch': 0.06}
{'loss': 5.7361, 'grad_norm': 3.4922239780426025, 'learning_rate': 0.000998112605480512, 'epoch': 0.06}
{'loss': 6.0183, 'grad_norm': 3.213984489440918, 'learning_rate': 0.0009980964496996538, 'epoch': 0.06}
{'loss': 5.6601, 'grad_norm': 2.7306275367736816, 'learning_rate': 0.0009980802251996382, 'epoch': 0.06}
{'loss': 5.7712, 'grad_norm': 3.0702321529388428, 'learning_rate': 0.0009980639319827035, 'epoch': 0.06}
{'loss': 5.631, 'grad_norm': 3.184985637664795, 'learning_rate': 0.000998047570051098, 'epoch': 0.06}
{'loss': 5.7736, 'grad_norm': 3.974081516265869, 'learning_rate': 0.0009980311394070787, 'epoch': 0.06}
{'loss': 5.885, 'grad_norm': 3.754035711288452, 'learning_rate': 0.0009980146400529126, 'epoch': 0.06}
{'loss': 5.7458, 'grad_norm': 3.2939229011535645, 'learning_rate': 0.000997998071990876, 'epoch': 0.06}
{'loss': 5.8294, 'grad_norm': 3.6710948944091797, 'learning_rate': 0.0009979814352232548, 'epoch': 0.06}
{'loss': 5.976, 'grad_norm': 3.5241572856903076, 'learning_rate': 0.000997964729752344, 'epoch': 0.06}
{'loss': 5.6011, 'grad_norm': 3.2391138076782227, 'learning_rate': 0.0009979479555804482, 'epoch': 0.06}
{'loss': 5.6435, 'grad_norm': 3.3396708965301514, 'learning_rate': 0.0009979311127098823, 'epoch': 0.06}
{'loss': 5.7173, 'grad_norm': 3.3710999488830566, 'learning_rate': 0.0009979142011429694, 'epoch': 0.06}
{'loss': 5.972, 'grad_norm': 3.506385326385498, 'learning_rate': 0.0009978972208820429, 'epoch': 0.06}
{'loss': 5.746, 'grad_norm': 3.5142757892608643, 'learning_rate': 0.0009978801719294455, 'epoch': 0.06}
{'loss': 5.9841, 'grad_norm': 3.500092029571533, 'learning_rate': 0.0009978630542875294, 'epoch': 0.06}
{'loss': 5.8959, 'grad_norm': 3.0394413471221924, 'learning_rate': 0.000997845867958656, 'epoch': 0.06}
{'loss': 5.7269, 'grad_norm': 4.105222225189209, 'learning_rate': 0.0009978286129451964, 'epoch': 0.06}
{'loss': 5.7314, 'grad_norm': 2.7555017471313477, 'learning_rate': 0.0009978112892495312, 'epoch': 0.06}
{'loss': 5.9865, 'grad_norm': 4.063232898712158, 'learning_rate': 0.0009977938968740504, 'epoch': 0.06}
{'loss': 5.58, 'grad_norm': 3.1505038738250732, 'learning_rate': 0.0009977764358211536, 'epoch': 0.06}
{'loss': 5.564, 'grad_norm': 3.4340062141418457, 'learning_rate': 0.00099775890609325, 'epoch': 0.06}
{'loss': 5.713, 'grad_norm': 3.3588829040527344, 'learning_rate': 0.0009977413076927577, 'epoch': 0.06}
{'loss': 5.7182, 'grad_norm': 3.5906126499176025, 'learning_rate': 0.000997723640622105, 'epoch': 0.06}
{'loss': 5.7269, 'grad_norm': 2.844942808151245, 'learning_rate': 0.0009977059048837287, 'epoch': 0.06}
{'loss': 5.6844, 'grad_norm': 2.950019359588623, 'learning_rate': 0.0009976881004800761, 'epoch': 0.06}
{'loss': 5.8346, 'grad_norm': 3.40114164352417, 'learning_rate': 0.0009976702274136038, 'epoch': 0.06}
{'loss': 5.9752, 'grad_norm': 3.4178307056427, 'learning_rate': 0.0009976522856867773, 'epoch': 0.06}
{'loss': 5.4682, 'grad_norm': 3.460777521133423, 'learning_rate': 0.0009976342753020718, 'epoch': 0.06}
{'loss': 5.6614, 'grad_norm': 2.808391809463501, 'learning_rate': 0.0009976161962619724, 'epoch': 0.06}
{'loss': 5.6021, 'grad_norm': 3.461641788482666, 'learning_rate': 0.0009975980485689732, 'epoch': 0.06}
{'loss': 5.5286, 'grad_norm': 3.1409308910369873, 'learning_rate': 0.000997579832225578, 'epoch': 0.06}
{'loss': 5.8553, 'grad_norm': 3.0077760219573975, 'learning_rate': 0.0009975615472342996, 'epoch': 0.06}
{'loss': 6.0139, 'grad_norm': 4.035696983337402, 'learning_rate': 0.0009975431935976612, 'epoch': 0.06}
{'loss': 5.5933, 'grad_norm': 3.0059545040130615, 'learning_rate': 0.0009975247713181945, 'epoch': 0.06}
{'loss': 5.7213, 'grad_norm': 3.387518882751465, 'learning_rate': 0.0009975062803984417, 'epoch': 0.06}
{'loss': 5.7953, 'grad_norm': 3.323394775390625, 'learning_rate': 0.0009974877208409531, 'epoch': 0.06}
{'loss': 5.739, 'grad_norm': 3.2275612354278564, 'learning_rate': 0.0009974690926482896, 'epoch': 0.06}
{'loss': 5.7533, 'grad_norm': 3.155418872833252, 'learning_rate': 0.0009974503958230215, 'epoch': 0.06}
{'loss': 5.5239, 'grad_norm': 2.9106225967407227, 'learning_rate': 0.0009974316303677279, 'epoch': 0.06}
{'loss': 5.5926, 'grad_norm': 3.6088852882385254, 'learning_rate': 0.0009974127962849978, 'epoch': 0.06}
{'loss': 5.7429, 'grad_norm': 3.2390925884246826, 'learning_rate': 0.0009973938935774298, 'epoch': 0.06}
{'loss': 5.4587, 'grad_norm': 3.0907843112945557, 'learning_rate': 0.0009973749222476317, 'epoch': 0.06}
{'loss': 5.8502, 'grad_norm': 3.296880006790161, 'learning_rate': 0.0009973558822982207, 'epoch': 0.06}
{'loss': 5.639, 'grad_norm': 3.3258309364318848, 'learning_rate': 0.0009973367737318235, 'epoch': 0.06}
{'loss': 5.7426, 'grad_norm': 3.358933448791504, 'learning_rate': 0.000997317596551077, 'epoch': 0.06}
{'loss': 5.8309, 'grad_norm': 3.1851272583007812, 'learning_rate': 0.0009972983507586263, 'epoch': 0.06}
{'loss': 5.7713, 'grad_norm': 2.9203641414642334, 'learning_rate': 0.0009972790363571272, 'epoch': 0.06}
{'loss': 5.6584, 'grad_norm': 2.735081911087036, 'learning_rate': 0.0009972596533492438, 'epoch': 0.06}
{'loss': 5.5489, 'grad_norm': 3.563173770904541, 'learning_rate': 0.0009972402017376508, 'epoch': 0.06}
{'loss': 5.4909, 'grad_norm': 2.908214807510376, 'learning_rate': 0.0009972206815250313, 'epoch': 0.06}
{'loss': 5.9391, 'grad_norm': 3.4835925102233887, 'learning_rate': 0.0009972010927140787, 'epoch': 0.06}
{'loss': 5.8169, 'grad_norm': 3.21218204498291, 'learning_rate': 0.0009971814353074953, 'epoch': 0.06}
{'loss': 5.7195, 'grad_norm': 3.343552350997925, 'learning_rate': 0.0009971617093079935, 'epoch': 0.06}
{'loss': 5.8372, 'grad_norm': 3.3413236141204834, 'learning_rate': 0.0009971419147182944, 'epoch': 0.06}
{'loss': 5.577, 'grad_norm': 2.9556009769439697, 'learning_rate': 0.000997122051541129, 'epoch': 0.06}
{'loss': 5.5588, 'grad_norm': 3.256742477416992, 'learning_rate': 0.0009971021197792379, 'epoch': 0.06}
{'loss': 5.496, 'grad_norm': 2.7942891120910645, 'learning_rate': 0.0009970821194353707, 'epoch': 0.06}
{'loss': 5.81, 'grad_norm': 3.5345194339752197, 'learning_rate': 0.000997062050512287, 'epoch': 0.06}
{'loss': 5.6029, 'grad_norm': 3.377937078475952, 'learning_rate': 0.0009970419130127552, 'epoch': 0.06}
{'loss': 5.5869, 'grad_norm': 3.6376163959503174, 'learning_rate': 0.0009970217069395538, 'epoch': 0.06}
{'loss': 5.895, 'grad_norm': 3.6690738201141357, 'learning_rate': 0.0009970014322954707, 'epoch': 0.06}
{'loss': 5.6542, 'grad_norm': 3.719308376312256, 'learning_rate': 0.0009969810890833024, 'epoch': 0.06}
{'loss': 5.892, 'grad_norm': 3.204620361328125, 'learning_rate': 0.0009969606773058562, 'epoch': 0.07}
{'loss': 5.5624, 'grad_norm': 3.649778127670288, 'learning_rate': 0.0009969401969659479, 'epoch': 0.07}
{'loss': 5.792, 'grad_norm': 3.311450242996216, 'learning_rate': 0.000996919648066403, 'epoch': 0.07}
{'loss': 5.6304, 'grad_norm': 4.121065616607666, 'learning_rate': 0.0009968990306100567, 'epoch': 0.07}
{'loss': 5.7455, 'grad_norm': 3.0466089248657227, 'learning_rate': 0.0009968783445997533, 'epoch': 0.07}
{'loss': 5.9093, 'grad_norm': 3.7000927925109863, 'learning_rate': 0.0009968575900383466, 'epoch': 0.07}
{'loss': 5.648, 'grad_norm': 3.7114124298095703, 'learning_rate': 0.0009968367669287, 'epoch': 0.07}
{'loss': 5.5671, 'grad_norm': 3.2157416343688965, 'learning_rate': 0.0009968158752736867, 'epoch': 0.07}
{'loss': 5.8599, 'grad_norm': 3.382077693939209, 'learning_rate': 0.0009967949150761885, 'epoch': 0.07}
{'loss': 5.7943, 'grad_norm': 3.2330946922302246, 'learning_rate': 0.0009967738863390977, 'epoch': 0.07}
{'loss': 5.8699, 'grad_norm': 3.5842175483703613, 'learning_rate': 0.0009967527890653149, 'epoch': 0.07}
{'loss': 5.6717, 'grad_norm': 3.628312826156616, 'learning_rate': 0.000996731623257751, 'epoch': 0.07}
{'loss': 5.6728, 'grad_norm': 3.151120185852051, 'learning_rate': 0.0009967103889193263, 'epoch': 0.07}
{'loss': 5.8253, 'grad_norm': 3.2895238399505615, 'learning_rate': 0.0009966890860529701, 'epoch': 0.07}
{'loss': 5.6407, 'grad_norm': 2.914541006088257, 'learning_rate': 0.0009966677146616215, 'epoch': 0.07}
{'loss': 5.4616, 'grad_norm': 2.688283920288086, 'learning_rate': 0.000996646274748229, 'epoch': 0.07}
{'loss': 5.7031, 'grad_norm': 2.7613086700439453, 'learning_rate': 0.0009966247663157504, 'epoch': 0.07}
{'loss': 5.5568, 'grad_norm': 2.876854419708252, 'learning_rate': 0.0009966031893671535, 'epoch': 0.07}
{'loss': 5.2708, 'grad_norm': 2.7603211402893066, 'learning_rate': 0.0009965815439054145, 'epoch': 0.07}
{'loss': 5.6159, 'grad_norm': 3.2164011001586914, 'learning_rate': 0.0009965598299335203, 'epoch': 0.07}
{'loss': 5.7898, 'grad_norm': 2.9210667610168457, 'learning_rate': 0.000996538047454466, 'epoch': 0.07}
{'loss': 5.5568, 'grad_norm': 3.263054847717285, 'learning_rate': 0.0009965161964712575, 'epoch': 0.07}
{'loss': 5.4016, 'grad_norm': 2.645439386367798, 'learning_rate': 0.000996494276986909, 'epoch': 0.07}
{'loss': 5.6335, 'grad_norm': 3.1268980503082275, 'learning_rate': 0.0009964722890044445, 'epoch': 0.07}
{'loss': 5.5118, 'grad_norm': 2.8827221393585205, 'learning_rate': 0.0009964502325268978, 'epoch': 0.07}
{'loss': 5.6091, 'grad_norm': 2.5829455852508545, 'learning_rate': 0.0009964281075573117, 'epoch': 0.07}
{'loss': 5.6196, 'grad_norm': 2.9581751823425293, 'learning_rate': 0.0009964059140987389, 'epoch': 0.07}
{'loss': 6.0944, 'grad_norm': 3.094930648803711, 'learning_rate': 0.0009963836521542412, 'epoch': 0.07}
{'loss': 5.5857, 'grad_norm': 2.9294378757476807, 'learning_rate': 0.0009963613217268896, 'epoch': 0.07}
{'loss': 5.6138, 'grad_norm': 2.936685085296631, 'learning_rate': 0.0009963389228197653, 'epoch': 0.07}
{'loss': 5.8652, 'grad_norm': 3.2104663848876953, 'learning_rate': 0.0009963164554359582, 'epoch': 0.07}
{'loss': 5.8031, 'grad_norm': 3.818621873855591, 'learning_rate': 0.0009962939195785683, 'epoch': 0.07}
{'loss': 5.6772, 'grad_norm': 3.334207534790039, 'learning_rate': 0.0009962713152507046, 'epoch': 0.07}
{'loss': 5.5345, 'grad_norm': 3.1305391788482666, 'learning_rate': 0.0009962486424554857, 'epoch': 0.07}
{'loss': 5.6303, 'grad_norm': 2.8819448947906494, 'learning_rate': 0.0009962259011960396, 'epoch': 0.07}
{'loss': 5.5512, 'grad_norm': 2.7645251750946045, 'learning_rate': 0.0009962030914755036, 'epoch': 0.07}
{'loss': 5.4164, 'grad_norm': 3.323578119277954, 'learning_rate': 0.0009961802132970247, 'epoch': 0.07}
{'loss': 5.3647, 'grad_norm': 2.881460666656494, 'learning_rate': 0.0009961572666637596, 'epoch': 0.07}
{'loss': 5.8457, 'grad_norm': 3.0075631141662598, 'learning_rate': 0.0009961342515788737, 'epoch': 0.07}
{'loss': 5.5014, 'grad_norm': 3.2295327186584473, 'learning_rate': 0.0009961111680455422, 'epoch': 0.07}
{'loss': 5.9199, 'grad_norm': 3.2079813480377197, 'learning_rate': 0.00099608801606695, 'epoch': 0.07}
{'loss': 5.728, 'grad_norm': 3.0212044715881348, 'learning_rate': 0.0009960647956462913, 'epoch': 0.07}
{'loss': 5.679, 'grad_norm': 3.0494496822357178, 'learning_rate': 0.0009960415067867695, 'epoch': 0.07}
{'loss': 5.7532, 'grad_norm': 3.008598804473877, 'learning_rate': 0.0009960181494915975, 'epoch': 0.07}
{'loss': 5.7085, 'grad_norm': 3.5324811935424805, 'learning_rate': 0.000995994723763998, 'epoch': 0.07}
{'loss': 5.6092, 'grad_norm': 3.130204200744629, 'learning_rate': 0.0009959712296072028, 'epoch': 0.07}
{'loss': 5.598, 'grad_norm': 2.804210901260376, 'learning_rate': 0.0009959476670244533, 'epoch': 0.07}
{'loss': 5.3676, 'grad_norm': 2.997559070587158, 'learning_rate': 0.000995924036019, 'epoch': 0.07}
{'loss': 5.3816, 'grad_norm': 2.9793548583984375, 'learning_rate': 0.0009959003365941038, 'epoch': 0.07}
{'loss': 5.4459, 'grad_norm': 3.1108765602111816, 'learning_rate': 0.0009958765687530335, 'epoch': 0.07}
{'loss': 5.4903, 'grad_norm': 3.529771327972412, 'learning_rate': 0.0009958527324990688, 'epoch': 0.07}
{'loss': 5.5512, 'grad_norm': 2.6977014541625977, 'learning_rate': 0.0009958288278354979, 'epoch': 0.07}
{'loss': 5.5819, 'grad_norm': 2.5549230575561523, 'learning_rate': 0.0009958048547656188, 'epoch': 0.07}
{'loss': 5.4283, 'grad_norm': 2.949091911315918, 'learning_rate': 0.000995780813292739, 'epoch': 0.07}
{'loss': 5.5051, 'grad_norm': 2.8168559074401855, 'learning_rate': 0.0009957567034201756, 'epoch': 0.07}
{'loss': 5.6367, 'grad_norm': 3.085005521774292, 'learning_rate': 0.0009957325251512546, 'epoch': 0.07}
{'loss': 5.6066, 'grad_norm': 2.8180527687072754, 'learning_rate': 0.0009957082784893116, 'epoch': 0.07}
{'loss': 5.5695, 'grad_norm': 2.6572506427764893, 'learning_rate': 0.000995683963437692, 'epoch': 0.07}
{'loss': 5.7205, 'grad_norm': 3.0869524478912354, 'learning_rate': 0.0009956595799997504, 'epoch': 0.07}
{'loss': 5.5193, 'grad_norm': 2.8412668704986572, 'learning_rate': 0.0009956351281788507, 'epoch': 0.07}
{'loss': 5.4762, 'grad_norm': 3.029493570327759, 'learning_rate': 0.0009956106079783663, 'epoch': 0.07}
{'loss': 5.1717, 'grad_norm': 2.9268295764923096, 'learning_rate': 0.00099558601940168, 'epoch': 0.07}
{'loss': 5.6159, 'grad_norm': 3.545969009399414, 'learning_rate': 0.0009955613624521846, 'epoch': 0.07}
{'loss': 5.2603, 'grad_norm': 3.2592523097991943, 'learning_rate': 0.0009955366371332815, 'epoch': 0.07}
{'loss': 5.8987, 'grad_norm': 3.100375175476074, 'learning_rate': 0.000995511843448382, 'epoch': 0.07}
{'loss': 5.65, 'grad_norm': 3.1643264293670654, 'learning_rate': 0.0009954869814009066, 'epoch': 0.07}
{'loss': 5.7189, 'grad_norm': 3.3103854656219482, 'learning_rate': 0.0009954620509942855, 'epoch': 0.07}
{'loss': 5.5772, 'grad_norm': 3.316455602645874, 'learning_rate': 0.0009954370522319582, 'epoch': 0.07}
{'loss': 5.2763, 'grad_norm': 2.8359899520874023, 'learning_rate': 0.0009954119851173736, 'epoch': 0.07}
{'loss': 5.7329, 'grad_norm': 3.564617872238159, 'learning_rate': 0.0009953868496539898, 'epoch': 0.07}
{'loss': 5.6462, 'grad_norm': 3.4009499549865723, 'learning_rate': 0.0009953616458452748, 'epoch': 0.07}
{'loss': 5.6542, 'grad_norm': 4.045019626617432, 'learning_rate': 0.000995336373694706, 'epoch': 0.07}
{'loss': 5.6269, 'grad_norm': 3.1153109073638916, 'learning_rate': 0.0009953110332057695, 'epoch': 0.07}
{'loss': 5.5868, 'grad_norm': 3.028881072998047, 'learning_rate': 0.000995285624381962, 'epoch': 0.07}
{'loss': 5.4231, 'grad_norm': 3.145357131958008, 'learning_rate': 0.0009952601472267885, 'epoch': 0.07}
{'loss': 5.8067, 'grad_norm': 3.718505382537842, 'learning_rate': 0.0009952346017437642, 'epoch': 0.07}
{'loss': 5.4555, 'grad_norm': 3.377054452896118, 'learning_rate': 0.0009952089879364133, 'epoch': 0.07}
{'loss': 5.8397, 'grad_norm': 3.2128238677978516, 'learning_rate': 0.0009951833058082695, 'epoch': 0.07}
{'loss': 5.8644, 'grad_norm': 3.068384885787964, 'learning_rate': 0.0009951575553628761, 'epoch': 0.07}
{'loss': 5.6757, 'grad_norm': 3.5669262409210205, 'learning_rate': 0.000995131736603786, 'epoch': 0.07}
{'loss': 5.5818, 'grad_norm': 3.0438060760498047, 'learning_rate': 0.0009951058495345608, 'epoch': 0.07}
{'loss': 5.7877, 'grad_norm': 3.860976219177246, 'learning_rate': 0.0009950798941587723, 'epoch': 0.07}
{'loss': 5.5552, 'grad_norm': 2.491377830505371, 'learning_rate': 0.0009950538704800009, 'epoch': 0.07}
{'loss': 5.505, 'grad_norm': 3.1503279209136963, 'learning_rate': 0.0009950277785018375, 'epoch': 0.07}
{'loss': 5.4694, 'grad_norm': 3.2057268619537354, 'learning_rate': 0.0009950016182278816, 'epoch': 0.07}
{'loss': 5.4685, 'grad_norm': 4.111255645751953, 'learning_rate': 0.0009949753896617425, 'epoch': 0.07}
{'loss': 5.4992, 'grad_norm': 3.7079131603240967, 'learning_rate': 0.0009949490928070385, 'epoch': 0.07}
{'loss': 5.4072, 'grad_norm': 3.2155463695526123, 'learning_rate': 0.0009949227276673978, 'epoch': 0.07}
{'loss': 5.3729, 'grad_norm': 3.661442279815674, 'learning_rate': 0.0009948962942464578, 'epoch': 0.08}
{'loss': 5.5505, 'grad_norm': 2.811551570892334, 'learning_rate': 0.0009948697925478654, 'epoch': 0.08}
{'loss': 5.7846, 'grad_norm': 3.1747570037841797, 'learning_rate': 0.0009948432225752768, 'epoch': 0.08}
{'loss': 5.4794, 'grad_norm': 3.3927111625671387, 'learning_rate': 0.0009948165843323578, 'epoch': 0.08}
{'loss': 5.5294, 'grad_norm': 4.092061519622803, 'learning_rate': 0.0009947898778227833, 'epoch': 0.08}
{'loss': 5.4563, 'grad_norm': 3.2560110092163086, 'learning_rate': 0.0009947631030502377, 'epoch': 0.08}
{'loss': 5.3829, 'grad_norm': 2.610085964202881, 'learning_rate': 0.0009947362600184156, 'epoch': 0.08}
{'loss': 5.4924, 'grad_norm': 3.565809726715088, 'learning_rate': 0.0009947093487310196, 'epoch': 0.08}
{'loss': 5.6349, 'grad_norm': 2.797342538833618, 'learning_rate': 0.000994682369191763, 'epoch': 0.08}
{'loss': 5.4241, 'grad_norm': 3.5306921005249023, 'learning_rate': 0.0009946553214043679, 'epoch': 0.08}
{'loss': 5.5185, 'grad_norm': 3.040144443511963, 'learning_rate': 0.0009946282053725655, 'epoch': 0.08}
{'loss': 5.5499, 'grad_norm': 3.372790575027466, 'learning_rate': 0.0009946010211000975, 'epoch': 0.08}
{'loss': 5.5757, 'grad_norm': 2.6922340393066406, 'learning_rate': 0.0009945737685907138, 'epoch': 0.08}
{'loss': 5.8245, 'grad_norm': 2.765502691268921, 'learning_rate': 0.0009945464478481746, 'epoch': 0.08}
{'loss': 5.6143, 'grad_norm': 2.75827693939209, 'learning_rate': 0.0009945190588762486, 'epoch': 0.08}
{'loss': 5.6808, 'grad_norm': 2.4856483936309814, 'learning_rate': 0.0009944916016787152, 'epoch': 0.08}
{'loss': 5.8638, 'grad_norm': 3.4214911460876465, 'learning_rate': 0.0009944640762593621, 'epoch': 0.08}
{'loss': 5.688, 'grad_norm': 2.9470674991607666, 'learning_rate': 0.0009944364826219869, 'epoch': 0.08}
{'loss': 5.6917, 'grad_norm': 2.986647367477417, 'learning_rate': 0.0009944088207703965, 'epoch': 0.08}
{'loss': 5.7595, 'grad_norm': 3.0959904193878174, 'learning_rate': 0.0009943810907084073, 'epoch': 0.08}
{'loss': 5.2467, 'grad_norm': 2.415604591369629, 'learning_rate': 0.0009943532924398446, 'epoch': 0.08}
{'loss': 5.7881, 'grad_norm': 2.897031307220459, 'learning_rate': 0.0009943254259685442, 'epoch': 0.08}
{'loss': 5.3963, 'grad_norm': 2.6405131816864014, 'learning_rate': 0.0009942974912983504, 'epoch': 0.08}
{'loss': 5.5359, 'grad_norm': 2.9574966430664062, 'learning_rate': 0.000994269488433117, 'epoch': 0.08}
{'loss': 5.6631, 'grad_norm': 3.0636799335479736, 'learning_rate': 0.0009942414173767075, 'epoch': 0.08}
{'loss': 5.5207, 'grad_norm': 2.5390069484710693, 'learning_rate': 0.0009942132781329948, 'epoch': 0.08}
{'loss': 5.8645, 'grad_norm': 2.7219789028167725, 'learning_rate': 0.0009941850707058612, 'epoch': 0.08}
{'loss': 5.5275, 'grad_norm': 2.6680541038513184, 'learning_rate': 0.0009941567950991976, 'epoch': 0.08}
{'loss': 5.5585, 'grad_norm': 3.17433500289917, 'learning_rate': 0.0009941284513169057, 'epoch': 0.08}
{'loss': 5.7415, 'grad_norm': 3.1174569129943848, 'learning_rate': 0.0009941000393628957, 'epoch': 0.08}
{'loss': 5.418, 'grad_norm': 2.824446678161621, 'learning_rate': 0.0009940715592410875, 'epoch': 0.08}
{'loss': 5.7237, 'grad_norm': 2.8780908584594727, 'learning_rate': 0.00099404301095541, 'epoch': 0.08}
{'loss': 5.5535, 'grad_norm': 3.0245001316070557, 'learning_rate': 0.000994014394509802, 'epoch': 0.08}
{'loss': 5.6643, 'grad_norm': 2.853490114212036, 'learning_rate': 0.0009939857099082118, 'epoch': 0.08}
{'loss': 5.5239, 'grad_norm': 3.0347657203674316, 'learning_rate': 0.0009939569571545965, 'epoch': 0.08}
{'loss': 5.366, 'grad_norm': 2.9507408142089844, 'learning_rate': 0.000993928136252923, 'epoch': 0.08}
{'loss': 5.8016, 'grad_norm': 3.4647040367126465, 'learning_rate': 0.0009938992472071678, 'epoch': 0.08}
{'loss': 5.6979, 'grad_norm': 2.7591612339019775, 'learning_rate': 0.000993870290021316, 'epoch': 0.08}
{'loss': 5.65, 'grad_norm': 2.5982608795166016, 'learning_rate': 0.000993841264699363, 'epoch': 0.08}
{'loss': 5.5771, 'grad_norm': 3.1902592182159424, 'learning_rate': 0.0009938121712453132, 'epoch': 0.08}
{'loss': 5.4851, 'grad_norm': 2.914015531539917, 'learning_rate': 0.0009937830096631807, 'epoch': 0.08}
{'loss': 5.5266, 'grad_norm': 3.09110426902771, 'learning_rate': 0.000993753779956988, 'epoch': 0.08}
{'loss': 5.4602, 'grad_norm': 2.464366912841797, 'learning_rate': 0.0009937244821307686, 'epoch': 0.08}
{'loss': 5.8175, 'grad_norm': 2.6659839153289795, 'learning_rate': 0.0009936951161885637, 'epoch': 0.08}
{'loss': 5.3001, 'grad_norm': 2.4504382610321045, 'learning_rate': 0.0009936656821344252, 'epoch': 0.08}
{'loss': 5.6888, 'grad_norm': 3.2329092025756836, 'learning_rate': 0.0009936361799724141, 'epoch': 0.08}
{'loss': 5.6824, 'grad_norm': 2.703657388687134, 'learning_rate': 0.0009936066097066003, 'epoch': 0.08}
{'loss': 5.5927, 'grad_norm': 2.5811715126037598, 'learning_rate': 0.0009935769713410637, 'epoch': 0.08}
{'loss': 5.6038, 'grad_norm': 2.559678554534912, 'learning_rate': 0.0009935472648798928, 'epoch': 0.08}
{'loss': 5.7137, 'grad_norm': 2.72456955909729, 'learning_rate': 0.0009935174903271864, 'epoch': 0.08}
{'loss': 5.6142, 'grad_norm': 2.8380820751190186, 'learning_rate': 0.0009934876476870524, 'epoch': 0.08}
{'loss': 5.4588, 'grad_norm': 2.7244882583618164, 'learning_rate': 0.0009934577369636077, 'epoch': 0.08}
{'loss': 5.3408, 'grad_norm': 2.777010440826416, 'learning_rate': 0.000993427758160979, 'epoch': 0.08}
{'loss': 5.724, 'grad_norm': 2.9039313793182373, 'learning_rate': 0.0009933977112833025, 'epoch': 0.08}
{'loss': 5.7921, 'grad_norm': 2.791280508041382, 'learning_rate': 0.0009933675963347231, 'epoch': 0.08}
{'loss': 5.5484, 'grad_norm': 2.340233087539673, 'learning_rate': 0.000993337413319396, 'epoch': 0.08}
{'loss': 5.3342, 'grad_norm': 2.74419903755188, 'learning_rate': 0.0009933071622414854, 'epoch': 0.08}
{'loss': 5.7845, 'grad_norm': 2.4980053901672363, 'learning_rate': 0.0009932768431051644, 'epoch': 0.08}
{'loss': 5.4077, 'grad_norm': 2.484705686569214, 'learning_rate': 0.000993246455914616, 'epoch': 0.08}
{'loss': 5.5914, 'grad_norm': 3.30511736869812, 'learning_rate': 0.0009932160006740332, 'epoch': 0.08}
{'loss': 5.7042, 'grad_norm': 3.216580629348755, 'learning_rate': 0.0009931854773876168, 'epoch': 0.08}
{'loss': 5.4, 'grad_norm': 2.4442577362060547, 'learning_rate': 0.0009931548860595786, 'epoch': 0.08}
{'loss': 5.3603, 'grad_norm': 2.6106116771698, 'learning_rate': 0.0009931242266941387, 'epoch': 0.08}
{'loss': 5.5698, 'grad_norm': 2.658930540084839, 'learning_rate': 0.0009930934992955272, 'epoch': 0.08}
{'loss': 5.471, 'grad_norm': 2.808034896850586, 'learning_rate': 0.000993062703867983, 'epoch': 0.08}
{'loss': 5.5317, 'grad_norm': 3.15681791305542, 'learning_rate': 0.0009930318404157551, 'epoch': 0.08}
{'loss': 5.4526, 'grad_norm': 3.635862112045288, 'learning_rate': 0.0009930009089431015, 'epoch': 0.08}
{'loss': 5.4892, 'grad_norm': 2.9325063228607178, 'learning_rate': 0.0009929699094542897, 'epoch': 0.08}
{'loss': 5.4718, 'grad_norm': 2.6637253761291504, 'learning_rate': 0.000992938841953596, 'epoch': 0.08}
{'loss': 5.7147, 'grad_norm': 2.6233038902282715, 'learning_rate': 0.000992907706445307, 'epoch': 0.08}
{'loss': 5.4908, 'grad_norm': 3.203906536102295, 'learning_rate': 0.0009928765029337183, 'epoch': 0.08}
{'loss': 5.5544, 'grad_norm': 2.7084248065948486, 'learning_rate': 0.0009928452314231348, 'epoch': 0.08}
{'loss': 5.2281, 'grad_norm': 2.8507633209228516, 'learning_rate': 0.0009928138919178707, 'epoch': 0.08}
{'loss': 5.2484, 'grad_norm': 2.5362205505371094, 'learning_rate': 0.0009927824844222497, 'epoch': 0.08}
{'loss': 5.3933, 'grad_norm': 2.639484405517578, 'learning_rate': 0.000992751008940605, 'epoch': 0.08}
{'loss': 5.2861, 'grad_norm': 2.9715962409973145, 'learning_rate': 0.000992719465477279, 'epoch': 0.08}
{'loss': 5.435, 'grad_norm': 2.896923542022705, 'learning_rate': 0.0009926878540366237, 'epoch': 0.08}
{'loss': 5.4788, 'grad_norm': 2.6361892223358154, 'learning_rate': 0.0009926561746230003, 'epoch': 0.08}
{'loss': 5.6493, 'grad_norm': 2.7809135913848877, 'learning_rate': 0.000992624427240779, 'epoch': 0.08}
{'loss': 5.3987, 'grad_norm': 3.2698190212249756, 'learning_rate': 0.0009925926118943406, 'epoch': 0.08}
{'loss': 5.5154, 'grad_norm': 2.481186628341675, 'learning_rate': 0.0009925607285880735, 'epoch': 0.08}
{'loss': 5.5116, 'grad_norm': 3.092979907989502, 'learning_rate': 0.000992528777326377, 'epoch': 0.08}
{'loss': 5.6213, 'grad_norm': 2.9335665702819824, 'learning_rate': 0.000992496758113659, 'epoch': 0.08}
{'loss': 5.4298, 'grad_norm': 2.7116127014160156, 'learning_rate': 0.0009924646709543372, 'epoch': 0.08}
{'loss': 5.5821, 'grad_norm': 2.828464984893799, 'learning_rate': 0.0009924325158528384, 'epoch': 0.08}
{'loss': 5.5882, 'grad_norm': 2.5856921672821045, 'learning_rate': 0.0009924002928135987, 'epoch': 0.08}
{'loss': 5.5364, 'grad_norm': 3.2115120887756348, 'learning_rate': 0.000992368001841064, 'epoch': 0.08}
{'loss': 5.6287, 'grad_norm': 2.809767246246338, 'learning_rate': 0.0009923356429396887, 'epoch': 0.09}
{'loss': 5.4614, 'grad_norm': 3.4060635566711426, 'learning_rate': 0.0009923032161139377, 'epoch': 0.09}
{'loss': 5.4187, 'grad_norm': 2.8189103603363037, 'learning_rate': 0.0009922707213682845, 'epoch': 0.09}
{'loss': 5.5509, 'grad_norm': 2.923535108566284, 'learning_rate': 0.0009922381587072122, 'epoch': 0.09}
{'loss': 5.5031, 'grad_norm': 2.572153091430664, 'learning_rate': 0.0009922055281352132, 'epoch': 0.09}
{'loss': 5.6934, 'grad_norm': 2.70955228805542, 'learning_rate': 0.0009921728296567896, 'epoch': 0.09}
{'loss': 5.4376, 'grad_norm': 2.733687400817871, 'learning_rate': 0.0009921400632764523, 'epoch': 0.09}
{'loss': 5.5782, 'grad_norm': 3.0090487003326416, 'learning_rate': 0.0009921072289987218, 'epoch': 0.09}
{'loss': 5.4205, 'grad_norm': 2.8015315532684326, 'learning_rate': 0.0009920743268281285, 'epoch': 0.09}
{'loss': 5.4125, 'grad_norm': 3.2552154064178467, 'learning_rate': 0.0009920413567692113, 'epoch': 0.09}
{'loss': 5.589, 'grad_norm': 2.9798953533172607, 'learning_rate': 0.000992008318826519, 'epoch': 0.09}
{'loss': 5.5475, 'grad_norm': 2.7895169258117676, 'learning_rate': 0.0009919752130046096, 'epoch': 0.09}
{'loss': 5.4164, 'grad_norm': 3.458228826522827, 'learning_rate': 0.0009919420393080503, 'epoch': 0.09}
{'loss': 5.5159, 'grad_norm': 2.9315457344055176, 'learning_rate': 0.0009919087977414184, 'epoch': 0.09}
{'loss': 5.4591, 'grad_norm': 2.8609817028045654, 'learning_rate': 0.0009918754883092994, 'epoch': 0.09}
{'loss': 5.6378, 'grad_norm': 6.8756303787231445, 'learning_rate': 0.0009918421110162892, 'epoch': 0.09}
{'loss': 5.5671, 'grad_norm': 3.353064775466919, 'learning_rate': 0.0009918086658669925, 'epoch': 0.09}
{'loss': 5.4592, 'grad_norm': 3.295346975326538, 'learning_rate': 0.0009917751528660235, 'epoch': 0.09}
{'loss': 5.53, 'grad_norm': 2.8142716884613037, 'learning_rate': 0.000991741572018006, 'epoch': 0.09}
{'loss': 5.3976, 'grad_norm': 3.269294023513794, 'learning_rate': 0.0009917079233275725, 'epoch': 0.09}
{'loss': 5.3946, 'grad_norm': 2.6873245239257812, 'learning_rate': 0.0009916742067993657, 'epoch': 0.09}
{'loss': 5.3679, 'grad_norm': 3.126558542251587, 'learning_rate': 0.000991640422438037, 'epoch': 0.09}
{'loss': 5.6729, 'grad_norm': 2.8376810550689697, 'learning_rate': 0.0009916065702482476, 'epoch': 0.09}
{'loss': 5.5269, 'grad_norm': 2.897172451019287, 'learning_rate': 0.0009915726502346678, 'epoch': 0.09}
{'loss': 5.3947, 'grad_norm': 3.021054744720459, 'learning_rate': 0.0009915386624019772, 'epoch': 0.09}
{'loss': 5.5229, 'grad_norm': 3.1139721870422363, 'learning_rate': 0.0009915046067548647, 'epoch': 0.09}
{'loss': 5.3871, 'grad_norm': 2.9903082847595215, 'learning_rate': 0.0009914704832980296, 'epoch': 0.09}
{'loss': 5.4805, 'grad_norm': 2.9394736289978027, 'learning_rate': 0.0009914362920361785, 'epoch': 0.09}
{'loss': 5.7594, 'grad_norm': 3.660560369491577, 'learning_rate': 0.0009914020329740295, 'epoch': 0.09}
{'loss': 5.682, 'grad_norm': 2.5854952335357666, 'learning_rate': 0.0009913677061163088, 'epoch': 0.09}
{'loss': 5.2881, 'grad_norm': 3.34006404876709, 'learning_rate': 0.000991333311467752, 'epoch': 0.09}
{'loss': 5.5377, 'grad_norm': 2.998420476913452, 'learning_rate': 0.0009912988490331047, 'epoch': 0.09}
{'loss': 5.6243, 'grad_norm': 3.0410258769989014, 'learning_rate': 0.0009912643188171213, 'epoch': 0.09}
{'loss': 5.523, 'grad_norm': 3.431642532348633, 'learning_rate': 0.0009912297208245656, 'epoch': 0.09}
{'loss': 5.4947, 'grad_norm': 2.4395055770874023, 'learning_rate': 0.000991195055060211, 'epoch': 0.09}
{'loss': 5.6004, 'grad_norm': 3.3375084400177, 'learning_rate': 0.0009911603215288398, 'epoch': 0.09}
{'loss': 5.3241, 'grad_norm': 2.508476495742798, 'learning_rate': 0.0009911255202352445, 'epoch': 0.09}
{'loss': 5.5526, 'grad_norm': 3.4950618743896484, 'learning_rate': 0.0009910906511842261, 'epoch': 0.09}
{'loss': 5.585, 'grad_norm': 2.545542001724243, 'learning_rate': 0.0009910557143805953, 'epoch': 0.09}
{'loss': 5.4696, 'grad_norm': 2.9757080078125, 'learning_rate': 0.0009910207098291722, 'epoch': 0.09}
{'loss': 5.5243, 'grad_norm': 3.544921636581421, 'learning_rate': 0.0009909856375347858, 'epoch': 0.09}
{'loss': 5.618, 'grad_norm': 2.8140718936920166, 'learning_rate': 0.0009909504975022753, 'epoch': 0.09}
{'loss': 5.7741, 'grad_norm': 3.215205669403076, 'learning_rate': 0.0009909152897364885, 'epoch': 0.09}
{'loss': 5.246, 'grad_norm': 2.4419353008270264, 'learning_rate': 0.0009908800142422827, 'epoch': 0.09}
{'loss': 5.5487, 'grad_norm': 3.3075461387634277, 'learning_rate': 0.0009908446710245246, 'epoch': 0.09}
{'loss': 5.2784, 'grad_norm': 2.585263967514038, 'learning_rate': 0.0009908092600880904, 'epoch': 0.09}
{'loss': 5.5613, 'grad_norm': 3.009060859680176, 'learning_rate': 0.0009907737814378657, 'epoch': 0.09}
{'loss': 5.5819, 'grad_norm': 2.846322774887085, 'learning_rate': 0.000990738235078745, 'epoch': 0.09}
{'loss': 5.5344, 'grad_norm': 2.3139488697052, 'learning_rate': 0.0009907026210156324, 'epoch': 0.09}
{'loss': 5.2011, 'grad_norm': 2.8813207149505615, 'learning_rate': 0.0009906669392534414, 'epoch': 0.09}
{'loss': 5.1116, 'grad_norm': 2.648958206176758, 'learning_rate': 0.0009906311897970948, 'epoch': 0.09}
{'loss': 5.5224, 'grad_norm': 2.6163225173950195, 'learning_rate': 0.0009905953726515248, 'epoch': 0.09}
{'loss': 5.4833, 'grad_norm': 2.877715826034546, 'learning_rate': 0.0009905594878216728, 'epoch': 0.09}
{'loss': 5.5775, 'grad_norm': 2.7346842288970947, 'learning_rate': 0.0009905235353124895, 'epoch': 0.09}
{'loss': 5.4948, 'grad_norm': 2.872516632080078, 'learning_rate': 0.0009904875151289353, 'epoch': 0.09}
{'loss': 5.4697, 'grad_norm': 2.624271869659424, 'learning_rate': 0.0009904514272759794, 'epoch': 0.09}
{'loss': 5.5632, 'grad_norm': 3.1246249675750732, 'learning_rate': 0.0009904152717586006, 'epoch': 0.09}
{'loss': 5.2023, 'grad_norm': 3.183891534805298, 'learning_rate': 0.0009903790485817872, 'epoch': 0.09}
{'loss': 5.4165, 'grad_norm': 3.0265097618103027, 'learning_rate': 0.0009903427577505365, 'epoch': 0.09}
{'loss': 5.6314, 'grad_norm': 2.575610876083374, 'learning_rate': 0.0009903063992698557, 'epoch': 0.09}
{'loss': 5.2654, 'grad_norm': 2.421935558319092, 'learning_rate': 0.0009902699731447607, 'epoch': 0.09}
{'loss': 5.6335, 'grad_norm': 2.685037612915039, 'learning_rate': 0.0009902334793802767, 'epoch': 0.09}
{'loss': 5.5582, 'grad_norm': 2.9592607021331787, 'learning_rate': 0.000990196917981439, 'epoch': 0.09}
{'loss': 5.4174, 'grad_norm': 3.0493922233581543, 'learning_rate': 0.0009901602889532913, 'epoch': 0.09}
{'loss': 5.5007, 'grad_norm': 2.677206039428711, 'learning_rate': 0.0009901235923008872, 'epoch': 0.09}
{'loss': 5.7051, 'grad_norm': 2.6679863929748535, 'learning_rate': 0.00099008682802929, 'epoch': 0.09}
{'loss': 5.5572, 'grad_norm': 3.0344457626342773, 'learning_rate': 0.0009900499961435708, 'epoch': 0.09}
{'loss': 5.3683, 'grad_norm': 2.590531349182129, 'learning_rate': 0.000990013096648812, 'epoch': 0.09}
{'loss': 5.1788, 'grad_norm': 2.712587594985962, 'learning_rate': 0.0009899761295501042, 'epoch': 0.09}
{'loss': 5.3759, 'grad_norm': 2.4433517456054688, 'learning_rate': 0.0009899390948525473, 'epoch': 0.09}
{'loss': 5.3284, 'grad_norm': 2.503786563873291, 'learning_rate': 0.0009899019925612505, 'epoch': 0.09}
{'loss': 5.3488, 'grad_norm': 2.8014743328094482, 'learning_rate': 0.0009898648226813332, 'epoch': 0.09}
{'loss': 5.4127, 'grad_norm': 2.7327473163604736, 'learning_rate': 0.0009898275852179231, 'epoch': 0.09}
{'loss': 5.4895, 'grad_norm': 2.433023452758789, 'learning_rate': 0.0009897902801761576, 'epoch': 0.09}
{'loss': 5.6218, 'grad_norm': 2.6225268840789795, 'learning_rate': 0.0009897529075611833, 'epoch': 0.09}
{'loss': 5.5749, 'grad_norm': 3.034879684448242, 'learning_rate': 0.0009897154673781567, 'epoch': 0.09}
{'loss': 5.2623, 'grad_norm': 2.7188467979431152, 'learning_rate': 0.000989677959632243, 'epoch': 0.09}
{'loss': 5.5085, 'grad_norm': 2.689821720123291, 'learning_rate': 0.0009896403843286169, 'epoch': 0.09}
{'loss': 5.2187, 'grad_norm': 2.634402275085449, 'learning_rate': 0.000989602741472462, 'epoch': 0.09}
{'loss': 5.4211, 'grad_norm': 2.7678050994873047, 'learning_rate': 0.0009895650310689722, 'epoch': 0.09}
{'loss': 5.4573, 'grad_norm': 2.6789281368255615, 'learning_rate': 0.0009895272531233502, 'epoch': 0.09}
{'loss': 5.3541, 'grad_norm': 3.0322394371032715, 'learning_rate': 0.0009894894076408075, 'epoch': 0.09}
{'loss': 5.5684, 'grad_norm': 2.830730676651001, 'learning_rate': 0.0009894514946265657, 'epoch': 0.09}
{'loss': 5.2468, 'grad_norm': 2.3488731384277344, 'learning_rate': 0.0009894135140858555, 'epoch': 0.09}
{'loss': 5.542, 'grad_norm': 2.5221831798553467, 'learning_rate': 0.0009893754660239165, 'epoch': 0.09}
{'loss': 5.1815, 'grad_norm': 2.59032940864563, 'learning_rate': 0.0009893373504459982, 'epoch': 0.09}
{'loss': 5.3425, 'grad_norm': 2.753448247909546, 'learning_rate': 0.000989299167357359, 'epoch': 0.09}
{'loss': 5.2404, 'grad_norm': 2.6512959003448486, 'learning_rate': 0.0009892609167632671, 'epoch': 0.1}
{'loss': 5.4821, 'grad_norm': 2.5566279888153076, 'learning_rate': 0.0009892225986689992, 'epoch': 0.1}
{'loss': 5.4064, 'grad_norm': 2.604860305786133, 'learning_rate': 0.0009891842130798423, 'epoch': 0.1}
{'loss': 5.5429, 'grad_norm': 2.5530073642730713, 'learning_rate': 0.0009891457600010919, 'epoch': 0.1}
{'loss': 5.4264, 'grad_norm': 2.476233720779419, 'learning_rate': 0.000989107239438053, 'epoch': 0.1}
{'loss': 5.2223, 'grad_norm': 2.698941469192505, 'learning_rate': 0.0009890686513960407, 'epoch': 0.1}
{'loss': 5.517, 'grad_norm': 2.4974751472473145, 'learning_rate': 0.000989029995880378, 'epoch': 0.1}
{'loss': 5.5116, 'grad_norm': 2.260430097579956, 'learning_rate': 0.000988991272896398, 'epoch': 0.1}
{'loss': 5.3826, 'grad_norm': 2.5331249237060547, 'learning_rate': 0.0009889524824494436, 'epoch': 0.1}
{'loss': 5.2203, 'grad_norm': 2.349670648574829, 'learning_rate': 0.000988913624544866, 'epoch': 0.1}
{'loss': 5.5855, 'grad_norm': 2.7894644737243652, 'learning_rate': 0.0009888746991880265, 'epoch': 0.1}
{'loss': 5.2561, 'grad_norm': 2.323274850845337, 'learning_rate': 0.0009888357063842952, 'epoch': 0.1}
{'loss': 5.5688, 'grad_norm': 2.45353627204895, 'learning_rate': 0.0009887966461390517, 'epoch': 0.1}
{'loss': 5.5067, 'grad_norm': 3.103222131729126, 'learning_rate': 0.0009887575184576846, 'epoch': 0.1}
{'loss': 5.5681, 'grad_norm': 2.7623801231384277, 'learning_rate': 0.0009887183233455927, 'epoch': 0.1}
{'loss': 5.5078, 'grad_norm': 3.431370735168457, 'learning_rate': 0.000988679060808183, 'epoch': 0.1}
{'loss': 5.3638, 'grad_norm': 2.7882239818573, 'learning_rate': 0.0009886397308508726, 'epoch': 0.1}
{'loss': 5.5358, 'grad_norm': 2.9649672508239746, 'learning_rate': 0.0009886003334790873, 'epoch': 0.1}
{'loss': 5.6122, 'grad_norm': 2.8372225761413574, 'learning_rate': 0.000988560868698263, 'epoch': 0.1}
{'loss': 5.4688, 'grad_norm': 2.823547840118408, 'learning_rate': 0.0009885213365138437, 'epoch': 0.1}
{'loss': 5.555, 'grad_norm': 3.0098419189453125, 'learning_rate': 0.000988481736931284, 'epoch': 0.1}
{'loss': 5.4037, 'grad_norm': 2.3152942657470703, 'learning_rate': 0.000988442069956047, 'epoch': 0.1}
{'loss': 5.6769, 'grad_norm': 3.041391372680664, 'learning_rate': 0.0009884023355936052, 'epoch': 0.1}
{'loss': 5.4342, 'grad_norm': 2.575566530227661, 'learning_rate': 0.0009883625338494406, 'epoch': 0.1}
{'loss': 5.3451, 'grad_norm': 2.574129581451416, 'learning_rate': 0.0009883226647290444, 'epoch': 0.1}
{'loss': 5.2309, 'grad_norm': 3.131164073944092, 'learning_rate': 0.000988282728237917, 'epoch': 0.1}
{'loss': 5.6719, 'grad_norm': 2.9792990684509277, 'learning_rate': 0.0009882427243815683, 'epoch': 0.1}
{'loss': 5.5571, 'grad_norm': 2.548506498336792, 'learning_rate': 0.0009882026531655172, 'epoch': 0.1}
{'loss': 5.6245, 'grad_norm': 2.7652957439422607, 'learning_rate': 0.0009881625145952923, 'epoch': 0.1}
{'loss': 5.4657, 'grad_norm': 2.208561897277832, 'learning_rate': 0.0009881223086764311, 'epoch': 0.1}
{'loss': 5.6217, 'grad_norm': 2.871230363845825, 'learning_rate': 0.0009880820354144803, 'epoch': 0.1}
{'loss': 5.3407, 'grad_norm': 2.202763557434082, 'learning_rate': 0.0009880416948149968, 'epoch': 0.1}
{'loss': 5.5505, 'grad_norm': 3.251352548599243, 'learning_rate': 0.0009880012868835456, 'epoch': 0.1}
{'loss': 5.4263, 'grad_norm': 2.6410903930664062, 'learning_rate': 0.0009879608116257017, 'epoch': 0.1}
{'loss': 5.5864, 'grad_norm': 2.620495557785034, 'learning_rate': 0.0009879202690470492, 'epoch': 0.1}
{'loss': 5.2409, 'grad_norm': 2.6426661014556885, 'learning_rate': 0.0009878796591531816, 'epoch': 0.1}
{'loss': 5.7341, 'grad_norm': 2.536628246307373, 'learning_rate': 0.0009878389819497012, 'epoch': 0.1}
{'loss': 5.2828, 'grad_norm': 2.4635071754455566, 'learning_rate': 0.0009877982374422206, 'epoch': 0.1}
{'loss': 5.4298, 'grad_norm': 2.610694408416748, 'learning_rate': 0.0009877574256363605, 'epoch': 0.1}
{'loss': 5.5927, 'grad_norm': 2.519105911254883, 'learning_rate': 0.0009877165465377515, 'epoch': 0.1}
{'loss': 5.3797, 'grad_norm': 2.723855495452881, 'learning_rate': 0.0009876756001520337, 'epoch': 0.1}
{'loss': 5.562, 'grad_norm': 2.7906758785247803, 'learning_rate': 0.0009876345864848562, 'epoch': 0.1}
{'loss': 5.4442, 'grad_norm': 2.7526535987854004, 'learning_rate': 0.0009875935055418772, 'epoch': 0.1}
{'loss': 5.2947, 'grad_norm': 2.328885078430176, 'learning_rate': 0.0009875523573287643, 'epoch': 0.1}
{'loss': 5.4282, 'grad_norm': 2.5420150756835938, 'learning_rate': 0.0009875111418511948, 'epoch': 0.1}
{'loss': 5.5978, 'grad_norm': 2.8295629024505615, 'learning_rate': 0.0009874698591148545, 'epoch': 0.1}
{'loss': 5.323, 'grad_norm': 2.4637880325317383, 'learning_rate': 0.0009874285091254393, 'epoch': 0.1}
{'loss': 5.1848, 'grad_norm': 2.7962467670440674, 'learning_rate': 0.0009873870918886537, 'epoch': 0.1}
{'loss': 5.3596, 'grad_norm': 2.436460256576538, 'learning_rate': 0.0009873456074102123, 'epoch': 0.1}
{'loss': 5.5122, 'grad_norm': 2.567237138748169, 'learning_rate': 0.0009873040556958377, 'epoch': 0.1}
{'loss': 5.3899, 'grad_norm': 2.7395222187042236, 'learning_rate': 0.000987262436751263, 'epoch': 0.1}
{'loss': 5.4398, 'grad_norm': 2.316244125366211, 'learning_rate': 0.0009872207505822299, 'epoch': 0.1}
{'loss': 5.3661, 'grad_norm': 2.274343729019165, 'learning_rate': 0.0009871789971944898, 'epoch': 0.1}
{'loss': 5.4914, 'grad_norm': 2.541790246963501, 'learning_rate': 0.0009871371765938026, 'epoch': 0.1}
{'loss': 5.4612, 'grad_norm': 2.4103567600250244, 'learning_rate': 0.0009870952887859389, 'epoch': 0.1}
{'loss': 5.5162, 'grad_norm': 2.768052816390991, 'learning_rate': 0.0009870533337766768, 'epoch': 0.1}
{'loss': 5.2134, 'grad_norm': 2.3240275382995605, 'learning_rate': 0.0009870113115718051, 'epoch': 0.1}
{'loss': 5.2526, 'grad_norm': 2.663562536239624, 'learning_rate': 0.0009869692221771214, 'epoch': 0.1}
{'loss': 5.3737, 'grad_norm': 2.6275582313537598, 'learning_rate': 0.000986927065598432, 'epoch': 0.1}
{'loss': 5.3497, 'grad_norm': 2.473174571990967, 'learning_rate': 0.0009868848418415534, 'epoch': 0.1}
{'loss': 5.3748, 'grad_norm': 2.4644553661346436, 'learning_rate': 0.0009868425509123107, 'epoch': 0.1}
{'loss': 5.212, 'grad_norm': 2.307917833328247, 'learning_rate': 0.0009868001928165387, 'epoch': 0.1}
{'loss': 5.2201, 'grad_norm': 2.275256395339966, 'learning_rate': 0.0009867577675600812, 'epoch': 0.1}
{'loss': 5.5218, 'grad_norm': 2.4903881549835205, 'learning_rate': 0.0009867152751487913, 'epoch': 0.1}
{'loss': 5.3673, 'grad_norm': 2.7170956134796143, 'learning_rate': 0.0009866727155885316, 'epoch': 0.1}
{'loss': 5.5093, 'grad_norm': 2.628746509552002, 'learning_rate': 0.0009866300888851734, 'epoch': 0.1}
{'loss': 5.1569, 'grad_norm': 2.430333137512207, 'learning_rate': 0.0009865873950445979, 'epoch': 0.1}
{'loss': 5.3009, 'grad_norm': 3.01998233795166, 'learning_rate': 0.0009865446340726952, 'epoch': 0.1}
{'loss': 5.3896, 'grad_norm': 2.523236036300659, 'learning_rate': 0.0009865018059753647, 'epoch': 0.1}
{'loss': 5.2237, 'grad_norm': 2.443593978881836, 'learning_rate': 0.0009864589107585154, 'epoch': 0.1}
{'loss': 5.3749, 'grad_norm': 2.869309425354004, 'learning_rate': 0.0009864159484280649, 'epoch': 0.1}
{'loss': 5.2133, 'grad_norm': 2.414914131164551, 'learning_rate': 0.0009863729189899407, 'epoch': 0.1}
{'loss': 5.3382, 'grad_norm': 3.077200412750244, 'learning_rate': 0.0009863298224500792, 'epoch': 0.1}
{'loss': 5.1749, 'grad_norm': 2.5614209175109863, 'learning_rate': 0.000986286658814426, 'epoch': 0.1}
{'loss': 5.294, 'grad_norm': 2.8685388565063477, 'learning_rate': 0.0009862434280889366, 'epoch': 0.1}
{'loss': 5.3312, 'grad_norm': 2.871378183364868, 'learning_rate': 0.0009862001302795747, 'epoch': 0.1}
{'loss': 5.2243, 'grad_norm': 2.885312080383301, 'learning_rate': 0.000986156765392314, 'epoch': 0.1}
{'loss': 5.5317, 'grad_norm': 2.566755533218384, 'learning_rate': 0.0009861133334331373, 'epoch': 0.1}
{'loss': 5.2548, 'grad_norm': 3.3294074535369873, 'learning_rate': 0.0009860698344080368, 'epoch': 0.1}
{'loss': 5.4753, 'grad_norm': 2.990734815597534, 'learning_rate': 0.0009860262683230136, 'epoch': 0.1}
{'loss': 5.4911, 'grad_norm': 3.1897947788238525, 'learning_rate': 0.0009859826351840783, 'epoch': 0.1}
{'loss': 5.3368, 'grad_norm': 2.8953921794891357, 'learning_rate': 0.0009859389349972504, 'epoch': 0.1}
{'loss': 5.4173, 'grad_norm': 2.70733642578125, 'learning_rate': 0.0009858951677685595, 'epoch': 0.1}
{'loss': 5.4698, 'grad_norm': 2.356078863143921, 'learning_rate': 0.0009858513335040434, 'epoch': 0.1}
{'loss': 5.5487, 'grad_norm': 2.723334550857544, 'learning_rate': 0.00098580743220975, 'epoch': 0.1}
{'loss': 5.2963, 'grad_norm': 2.383298635482788, 'learning_rate': 0.0009857634638917355, 'epoch': 0.1}
{'loss': 5.257, 'grad_norm': 2.5656087398529053, 'learning_rate': 0.0009857194285560666, 'epoch': 0.1}
{'loss': 5.4977, 'grad_norm': 2.615878105163574, 'learning_rate': 0.000985675326208818, 'epoch': 0.11}
{'loss': 5.4515, 'grad_norm': 3.2616126537323, 'learning_rate': 0.0009856311568560748, 'epoch': 0.11}
{'loss': 5.2254, 'grad_norm': 2.869361400604248, 'learning_rate': 0.0009855869205039303, 'epoch': 0.11}
{'loss': 5.3804, 'grad_norm': 2.763249158859253, 'learning_rate': 0.0009855426171584876, 'epoch': 0.11}
{'loss': 5.2626, 'grad_norm': 2.767195701599121, 'learning_rate': 0.000985498246825859, 'epoch': 0.11}
{'loss': 5.4068, 'grad_norm': 3.0594711303710938, 'learning_rate': 0.000985453809512166, 'epoch': 0.11}
{'loss': 5.3611, 'grad_norm': 2.4743735790252686, 'learning_rate': 0.0009854093052235394, 'epoch': 0.11}
{'loss': 5.4078, 'grad_norm': 2.458223581314087, 'learning_rate': 0.0009853647339661189, 'epoch': 0.11}
{'loss': 5.4177, 'grad_norm': 2.7843894958496094, 'learning_rate': 0.0009853200957460541, 'epoch': 0.11}
{'loss': 5.5365, 'grad_norm': 2.4719505310058594, 'learning_rate': 0.000985275390569503, 'epoch': 0.11}
{'loss': 5.381, 'grad_norm': 2.2613120079040527, 'learning_rate': 0.0009852306184426338, 'epoch': 0.11}
{'loss': 5.4221, 'grad_norm': 2.3204498291015625, 'learning_rate': 0.000985185779371623, 'epoch': 0.11}
{'loss': 5.562, 'grad_norm': 2.526379108428955, 'learning_rate': 0.000985140873362657, 'epoch': 0.11}
{'loss': 5.4311, 'grad_norm': 2.8482093811035156, 'learning_rate': 0.000985095900421931, 'epoch': 0.11}
{'loss': 5.1851, 'grad_norm': 2.1987593173980713, 'learning_rate': 0.0009850508605556499, 'epoch': 0.11}
{'loss': 5.3652, 'grad_norm': 2.399965286254883, 'learning_rate': 0.0009850057537700272, 'epoch': 0.11}
{'loss': 5.2397, 'grad_norm': 2.525078296661377, 'learning_rate': 0.0009849605800712861, 'epoch': 0.11}
{'loss': 5.5481, 'grad_norm': 2.758756637573242, 'learning_rate': 0.0009849153394656594, 'epoch': 0.11}
{'loss': 5.5327, 'grad_norm': 2.506204128265381, 'learning_rate': 0.000984870031959388, 'epoch': 0.11}
{'loss': 5.43, 'grad_norm': 2.8401575088500977, 'learning_rate': 0.0009848246575587228, 'epoch': 0.11}
{'loss': 5.387, 'grad_norm': 2.5637686252593994, 'learning_rate': 0.0009847792162699241, 'epoch': 0.11}
{'loss': 5.555, 'grad_norm': 2.43166446685791, 'learning_rate': 0.000984733708099261, 'epoch': 0.11}
{'loss': 5.1006, 'grad_norm': 2.402651786804199, 'learning_rate': 0.000984688133053012, 'epoch': 0.11}
{'loss': 5.2532, 'grad_norm': 2.736436605453491, 'learning_rate': 0.0009846424911374647, 'epoch': 0.11}
{'loss': 5.6183, 'grad_norm': 2.4438681602478027, 'learning_rate': 0.000984596782358916, 'epoch': 0.11}
{'loss': 5.2818, 'grad_norm': 2.4909658432006836, 'learning_rate': 0.0009845510067236724, 'epoch': 0.11}
{'loss': 5.5271, 'grad_norm': 2.451411247253418, 'learning_rate': 0.0009845051642380488, 'epoch': 0.11}
{'loss': 5.4741, 'grad_norm': 2.261777400970459, 'learning_rate': 0.00098445925490837, 'epoch': 0.11}
{'loss': 5.2088, 'grad_norm': 2.446171283721924, 'learning_rate': 0.00098441327874097, 'epoch': 0.11}
{'loss': 5.4065, 'grad_norm': 2.3741073608398438, 'learning_rate': 0.0009843672357421913, 'epoch': 0.11}
{'loss': 5.3233, 'grad_norm': 2.711294174194336, 'learning_rate': 0.0009843211259183866, 'epoch': 0.11}
{'loss': 5.2499, 'grad_norm': 2.4680118560791016, 'learning_rate': 0.0009842749492759175, 'epoch': 0.11}
{'loss': 5.3341, 'grad_norm': 2.454512596130371, 'learning_rate': 0.0009842287058211543, 'epoch': 0.11}
{'loss': 5.5271, 'grad_norm': 2.507220983505249, 'learning_rate': 0.0009841823955604773, 'epoch': 0.11}
{'loss': 5.2611, 'grad_norm': 2.7959444522857666, 'learning_rate': 0.000984136018500275, 'epoch': 0.11}
{'loss': 5.4003, 'grad_norm': 2.602875232696533, 'learning_rate': 0.0009840895746469462, 'epoch': 0.11}
{'loss': 5.2521, 'grad_norm': 2.8343076705932617, 'learning_rate': 0.0009840430640068987, 'epoch': 0.11}
{'loss': 5.4843, 'grad_norm': 2.6529359817504883, 'learning_rate': 0.0009839964865865488, 'epoch': 0.11}
{'loss': 5.3914, 'grad_norm': 2.0534682273864746, 'learning_rate': 0.0009839498423923228, 'epoch': 0.11}
{'loss': 5.3311, 'grad_norm': 2.3123843669891357, 'learning_rate': 0.0009839031314306556, 'epoch': 0.11}
{'loss': 5.3884, 'grad_norm': 2.5747487545013428, 'learning_rate': 0.000983856353707992, 'epoch': 0.11}
{'loss': 5.2869, 'grad_norm': 2.6231191158294678, 'learning_rate': 0.0009838095092307851, 'epoch': 0.11}
{'loss': 5.104, 'grad_norm': 2.3440375328063965, 'learning_rate': 0.0009837625980054982, 'epoch': 0.11}
{'loss': 5.3652, 'grad_norm': 2.394589424133301, 'learning_rate': 0.000983715620038603, 'epoch': 0.11}
{'loss': 5.2688, 'grad_norm': 2.462646007537842, 'learning_rate': 0.0009836685753365812, 'epoch': 0.11}
{'loss': 5.4043, 'grad_norm': 2.2451257705688477, 'learning_rate': 0.0009836214639059229, 'epoch': 0.11}
{'loss': 5.3631, 'grad_norm': 2.0725347995758057, 'learning_rate': 0.0009835742857531276, 'epoch': 0.11}
{'loss': 5.189, 'grad_norm': 2.4260916709899902, 'learning_rate': 0.0009835270408847046, 'epoch': 0.11}
{'loss': 5.4839, 'grad_norm': 3.0494120121002197, 'learning_rate': 0.0009834797293071717, 'epoch': 0.11}
{'loss': 5.1626, 'grad_norm': 2.5133633613586426, 'learning_rate': 0.0009834323510270564, 'epoch': 0.11}
{'loss': 5.1973, 'grad_norm': 2.6417531967163086, 'learning_rate': 0.0009833849060508948, 'epoch': 0.11}
{'loss': 5.2848, 'grad_norm': 2.139857530593872, 'learning_rate': 0.000983337394385233, 'epoch': 0.11}
{'loss': 5.3714, 'grad_norm': 2.6311087608337402, 'learning_rate': 0.0009832898160366255, 'epoch': 0.11}
{'loss': 5.2672, 'grad_norm': 2.2009546756744385, 'learning_rate': 0.0009832421710116365, 'epoch': 0.11}
{'loss': 5.5076, 'grad_norm': 2.3479557037353516, 'learning_rate': 0.0009831944593168395, 'epoch': 0.11}
{'loss': 5.2746, 'grad_norm': 2.793302059173584, 'learning_rate': 0.0009831466809588167, 'epoch': 0.11}
{'loss': 5.3879, 'grad_norm': 2.446837902069092, 'learning_rate': 0.00098309883594416, 'epoch': 0.11}
{'loss': 5.4975, 'grad_norm': 2.7609405517578125, 'learning_rate': 0.0009830509242794699, 'epoch': 0.11}
{'loss': 5.3052, 'grad_norm': 2.64882493019104, 'learning_rate': 0.000983002945971357, 'epoch': 0.11}
{'loss': 5.1402, 'grad_norm': 2.6794216632843018, 'learning_rate': 0.00098295490102644, 'epoch': 0.11}
{'loss': 5.3186, 'grad_norm': 2.717402696609497, 'learning_rate': 0.0009829067894513478, 'epoch': 0.11}
{'loss': 5.0614, 'grad_norm': 2.8496968746185303, 'learning_rate': 0.0009828586112527178, 'epoch': 0.11}
{'loss': 5.5881, 'grad_norm': 2.877631664276123, 'learning_rate': 0.0009828103664371968, 'epoch': 0.11}
{'loss': 5.6943, 'grad_norm': 3.065631628036499, 'learning_rate': 0.000982762055011441, 'epoch': 0.11}
{'loss': 5.4812, 'grad_norm': 3.195798397064209, 'learning_rate': 0.0009827136769821156, 'epoch': 0.11}
{'loss': 5.4778, 'grad_norm': 2.549328565597534, 'learning_rate': 0.000982665232355895, 'epoch': 0.11}
{'loss': 5.4093, 'grad_norm': 2.93353533744812, 'learning_rate': 0.0009826167211394626, 'epoch': 0.11}
{'loss': 5.2807, 'grad_norm': 2.518836259841919, 'learning_rate': 0.0009825681433395113, 'epoch': 0.11}
{'loss': 5.2265, 'grad_norm': 2.4331161975860596, 'learning_rate': 0.0009825194989627431, 'epoch': 0.11}
{'loss': 5.166, 'grad_norm': 2.3084352016448975, 'learning_rate': 0.0009824707880158692, 'epoch': 0.11}
{'loss': 5.1252, 'grad_norm': 2.414586067199707, 'learning_rate': 0.0009824220105056098, 'epoch': 0.11}
{'loss': 5.324, 'grad_norm': 2.409602165222168, 'learning_rate': 0.0009823731664386946, 'epoch': 0.11}
{'loss': 5.2969, 'grad_norm': 2.3393235206604004, 'learning_rate': 0.000982324255821862, 'epoch': 0.11}
{'loss': 5.2341, 'grad_norm': 2.0214059352874756, 'learning_rate': 0.0009822752786618602, 'epoch': 0.11}
{'loss': 5.0531, 'grad_norm': 2.3469319343566895, 'learning_rate': 0.000982226234965446, 'epoch': 0.11}
{'loss': 5.5979, 'grad_norm': 2.741788387298584, 'learning_rate': 0.000982177124739386, 'epoch': 0.11}
{'loss': 5.3878, 'grad_norm': 2.2540268898010254, 'learning_rate': 0.0009821279479904552, 'epoch': 0.11}
{'loss': 5.3322, 'grad_norm': 2.53519868850708, 'learning_rate': 0.0009820787047254385, 'epoch': 0.11}
{'loss': 5.514, 'grad_norm': 2.437411308288574, 'learning_rate': 0.0009820293949511297, 'epoch': 0.11}
{'loss': 5.2248, 'grad_norm': 3.6769163608551025, 'learning_rate': 0.0009819800186743313, 'epoch': 0.11}
{'loss': 5.3809, 'grad_norm': 2.724053382873535, 'learning_rate': 0.000981930575901856, 'epoch': 0.11}
{'loss': 5.3, 'grad_norm': 2.827894449234009, 'learning_rate': 0.000981881066640525, 'epoch': 0.11}
{'loss': 5.2553, 'grad_norm': 2.3677611351013184, 'learning_rate': 0.0009818314908971683, 'epoch': 0.11}
{'loss': 5.5508, 'grad_norm': 2.9355757236480713, 'learning_rate': 0.0009817818486786258, 'epoch': 0.11}
{'loss': 5.3017, 'grad_norm': 3.198477268218994, 'learning_rate': 0.0009817321399917466, 'epoch': 0.11}
{'loss': 5.4555, 'grad_norm': 3.1421711444854736, 'learning_rate': 0.0009816823648433886, 'epoch': 0.11}
{'loss': 5.6018, 'grad_norm': 3.600896120071411, 'learning_rate': 0.0009816325232404187, 'epoch': 0.11}
{'loss': 4.9967, 'grad_norm': 2.598867654800415, 'learning_rate': 0.0009815826151897133, 'epoch': 0.12}
{'loss': 5.2609, 'grad_norm': 3.309715509414673, 'learning_rate': 0.000981532640698158, 'epoch': 0.12}
{'loss': 5.3233, 'grad_norm': 3.036807060241699, 'learning_rate': 0.0009814825997726472, 'epoch': 0.12}
{'loss': 5.4572, 'grad_norm': 3.56636905670166, 'learning_rate': 0.0009814324924200854, 'epoch': 0.12}
{'loss': 5.389, 'grad_norm': 3.2497782707214355, 'learning_rate': 0.0009813823186473848, 'epoch': 0.12}
{'loss': 5.4201, 'grad_norm': 3.1139464378356934, 'learning_rate': 0.000981332078461468, 'epoch': 0.12}
{'loss': 5.1966, 'grad_norm': 3.094574213027954, 'learning_rate': 0.0009812817718692658, 'epoch': 0.12}
{'loss': 5.4524, 'grad_norm': 2.6966071128845215, 'learning_rate': 0.0009812313988777194, 'epoch': 0.12}
{'loss': 5.1658, 'grad_norm': 2.737830400466919, 'learning_rate': 0.0009811809594937782, 'epoch': 0.12}
{'loss': 5.1353, 'grad_norm': 2.848630905151367, 'learning_rate': 0.0009811304537244007, 'epoch': 0.12}
{'loss': 5.473, 'grad_norm': 2.9688546657562256, 'learning_rate': 0.0009810798815765552, 'epoch': 0.12}
{'loss': 5.2886, 'grad_norm': 2.4430408477783203, 'learning_rate': 0.0009810292430572185, 'epoch': 0.12}
{'loss': 5.4687, 'grad_norm': 2.654693126678467, 'learning_rate': 0.0009809785381733771, 'epoch': 0.12}
{'loss': 5.6412, 'grad_norm': 2.9209251403808594, 'learning_rate': 0.0009809277669320265, 'epoch': 0.12}
{'loss': 5.6996, 'grad_norm': 2.6514947414398193, 'learning_rate': 0.0009808769293401709, 'epoch': 0.12}
{'loss': 5.6239, 'grad_norm': 2.993150472640991, 'learning_rate': 0.0009808260254048245, 'epoch': 0.12}
{'loss': 5.0997, 'grad_norm': 2.4364266395568848, 'learning_rate': 0.0009807750551330098, 'epoch': 0.12}
{'loss': 5.3679, 'grad_norm': 2.400491952896118, 'learning_rate': 0.0009807240185317591, 'epoch': 0.12}
{'loss': 5.3194, 'grad_norm': 2.886730194091797, 'learning_rate': 0.0009806729156081136, 'epoch': 0.12}
{'loss': 5.4322, 'grad_norm': 2.4621386528015137, 'learning_rate': 0.0009806217463691233, 'epoch': 0.12}
{'loss': 5.664, 'grad_norm': 2.7727649211883545, 'learning_rate': 0.0009805705108218482, 'epoch': 0.12}
{'loss': 5.3906, 'grad_norm': 2.466059923171997, 'learning_rate': 0.0009805192089733564, 'epoch': 0.12}
{'loss': 5.819, 'grad_norm': 2.691488027572632, 'learning_rate': 0.000980467840830726, 'epoch': 0.12}
{'loss': 5.23, 'grad_norm': 2.4690253734588623, 'learning_rate': 0.000980416406401044, 'epoch': 0.12}
{'loss': 5.4485, 'grad_norm': 2.345808267593384, 'learning_rate': 0.0009803649056914063, 'epoch': 0.12}
{'loss': 5.4848, 'grad_norm': 2.6553618907928467, 'learning_rate': 0.0009803133387089184, 'epoch': 0.12}
{'loss': 5.4396, 'grad_norm': 2.5873348712921143, 'learning_rate': 0.000980261705460694, 'epoch': 0.12}
{'loss': 5.6113, 'grad_norm': 3.0047075748443604, 'learning_rate': 0.0009802100059538574, 'epoch': 0.12}
{'loss': 5.3075, 'grad_norm': 2.413289785385132, 'learning_rate': 0.0009801582401955408, 'epoch': 0.12}
{'loss': 5.2083, 'grad_norm': 2.628072738647461, 'learning_rate': 0.000980106408192886, 'epoch': 0.12}
{'loss': 5.5042, 'grad_norm': 2.5269341468811035, 'learning_rate': 0.0009800545099530442, 'epoch': 0.12}
{'loss': 5.1827, 'grad_norm': 2.3668484687805176, 'learning_rate': 0.0009800025454831751, 'epoch': 0.12}
{'loss': 5.4027, 'grad_norm': 2.4014668464660645, 'learning_rate': 0.0009799505147904482, 'epoch': 0.12}
{'loss': 5.5704, 'grad_norm': 2.137539863586426, 'learning_rate': 0.0009798984178820416, 'epoch': 0.12}
{'loss': 5.6546, 'grad_norm': 2.550490617752075, 'learning_rate': 0.000979846254765143, 'epoch': 0.12}
{'loss': 5.2624, 'grad_norm': 2.6946096420288086, 'learning_rate': 0.0009797940254469488, 'epoch': 0.12}
{'loss': 5.3352, 'grad_norm': 2.634413957595825, 'learning_rate': 0.0009797417299346651, 'epoch': 0.12}
{'loss': 5.4462, 'grad_norm': 2.39699125289917, 'learning_rate': 0.0009796893682355063, 'epoch': 0.12}
{'loss': 5.365, 'grad_norm': 2.4317212104797363, 'learning_rate': 0.0009796369403566967, 'epoch': 0.12}
{'loss': 5.5034, 'grad_norm': 2.2866125106811523, 'learning_rate': 0.0009795844463054693, 'epoch': 0.12}
{'loss': 5.3573, 'grad_norm': 2.652646780014038, 'learning_rate': 0.0009795318860890666, 'epoch': 0.12}
{'loss': 5.0635, 'grad_norm': 2.3567042350769043, 'learning_rate': 0.0009794792597147396, 'epoch': 0.12}
{'loss': 5.1177, 'grad_norm': 2.2455782890319824, 'learning_rate': 0.0009794265671897494, 'epoch': 0.12}
{'loss': 5.3249, 'grad_norm': 2.587587356567383, 'learning_rate': 0.0009793738085213648, 'epoch': 0.12}
{'loss': 5.2501, 'grad_norm': 2.5049922466278076, 'learning_rate': 0.0009793209837168654, 'epoch': 0.12}
{'loss': 5.2261, 'grad_norm': 2.3999133110046387, 'learning_rate': 0.0009792680927835388, 'epoch': 0.12}
{'loss': 5.3553, 'grad_norm': 2.167663097381592, 'learning_rate': 0.0009792151357286818, 'epoch': 0.12}
{'loss': 5.5483, 'grad_norm': 2.703927516937256, 'learning_rate': 0.000979162112559601, 'epoch': 0.12}
{'loss': 5.4735, 'grad_norm': 2.399075746536255, 'learning_rate': 0.000979109023283611, 'epoch': 0.12}
{'loss': 5.3155, 'grad_norm': 2.4465863704681396, 'learning_rate': 0.000979055867908037, 'epoch': 0.12}
{'loss': 5.1863, 'grad_norm': 2.476193904876709, 'learning_rate': 0.000979002646440212, 'epoch': 0.12}
{'loss': 5.5857, 'grad_norm': 2.642380952835083, 'learning_rate': 0.0009789493588874786, 'epoch': 0.12}
{'loss': 5.451, 'grad_norm': 2.1915433406829834, 'learning_rate': 0.0009788960052571887, 'epoch': 0.12}
{'loss': 5.5334, 'grad_norm': 2.526430130004883, 'learning_rate': 0.000978842585556703, 'epoch': 0.12}
{'loss': 5.3882, 'grad_norm': 2.4266371726989746, 'learning_rate': 0.0009787890997933917, 'epoch': 0.12}
{'loss': 5.3969, 'grad_norm': 2.611295700073242, 'learning_rate': 0.0009787355479746337, 'epoch': 0.12}
{'loss': 5.2314, 'grad_norm': 2.328404664993286, 'learning_rate': 0.0009786819301078173, 'epoch': 0.12}
{'loss': 5.2023, 'grad_norm': 2.5140750408172607, 'learning_rate': 0.0009786282462003397, 'epoch': 0.12}
{'loss': 5.5674, 'grad_norm': 2.34411358833313, 'learning_rate': 0.0009785744962596075, 'epoch': 0.12}
{'loss': 5.1244, 'grad_norm': 3.135190963745117, 'learning_rate': 0.0009785206802930362, 'epoch': 0.12}
{'loss': 5.3195, 'grad_norm': 2.796971559524536, 'learning_rate': 0.0009784667983080502, 'epoch': 0.12}
{'loss': 5.1193, 'grad_norm': 2.3055579662323, 'learning_rate': 0.0009784128503120834, 'epoch': 0.12}
{'loss': 5.2389, 'grad_norm': 2.2673020362854004, 'learning_rate': 0.0009783588363125788, 'epoch': 0.12}
{'loss': 5.1376, 'grad_norm': 2.327538251876831, 'learning_rate': 0.0009783047563169884, 'epoch': 0.12}
{'loss': 5.0006, 'grad_norm': 2.4973843097686768, 'learning_rate': 0.0009782506103327728, 'epoch': 0.12}
{'loss': 5.3877, 'grad_norm': 2.3152503967285156, 'learning_rate': 0.0009781963983674026, 'epoch': 0.12}
{'loss': 5.2976, 'grad_norm': 2.611218214035034, 'learning_rate': 0.0009781421204283572, 'epoch': 0.12}
{'loss': 5.3755, 'grad_norm': 2.6645500659942627, 'learning_rate': 0.0009780877765231243, 'epoch': 0.12}
{'loss': 5.2462, 'grad_norm': 2.8523290157318115, 'learning_rate': 0.0009780333666592022, 'epoch': 0.12}
{'loss': 5.5007, 'grad_norm': 2.3889012336730957, 'learning_rate': 0.000977978890844097, 'epoch': 0.12}
{'loss': 5.3466, 'grad_norm': 2.60734224319458, 'learning_rate': 0.0009779243490853245, 'epoch': 0.12}
{'loss': 5.5068, 'grad_norm': 2.89223575592041, 'learning_rate': 0.0009778697413904093, 'epoch': 0.12}
{'loss': 5.4807, 'grad_norm': 2.558201313018799, 'learning_rate': 0.0009778150677668854, 'epoch': 0.12}
{'loss': 5.2568, 'grad_norm': 2.52213454246521, 'learning_rate': 0.000977760328222296, 'epoch': 0.12}
{'loss': 5.4665, 'grad_norm': 2.6439402103424072, 'learning_rate': 0.0009777055227641928, 'epoch': 0.12}
{'loss': 5.6509, 'grad_norm': 2.557267427444458, 'learning_rate': 0.000977650651400137, 'epoch': 0.12}
{'loss': 5.4401, 'grad_norm': 2.4043002128601074, 'learning_rate': 0.0009775957141376992, 'epoch': 0.12}
{'loss': 5.1444, 'grad_norm': 2.0892412662506104, 'learning_rate': 0.0009775407109844584, 'epoch': 0.12}
{'loss': 5.3651, 'grad_norm': 2.761655330657959, 'learning_rate': 0.0009774856419480032, 'epoch': 0.12}
{'loss': 5.1509, 'grad_norm': 2.1806797981262207, 'learning_rate': 0.0009774305070359309, 'epoch': 0.12}
{'loss': 5.3289, 'grad_norm': 2.692074775695801, 'learning_rate': 0.0009773753062558483, 'epoch': 0.12}
{'loss': 5.2208, 'grad_norm': 2.5656344890594482, 'learning_rate': 0.0009773200396153712, 'epoch': 0.12}
{'loss': 5.1903, 'grad_norm': 2.5882725715637207, 'learning_rate': 0.000977264707122124, 'epoch': 0.12}
{'loss': 5.3962, 'grad_norm': 2.9693048000335693, 'learning_rate': 0.000977209308783741, 'epoch': 0.12}
{'loss': 5.4631, 'grad_norm': 2.6518397331237793, 'learning_rate': 0.0009771538446078647, 'epoch': 0.12}
{'loss': 5.1551, 'grad_norm': 2.431614398956299, 'learning_rate': 0.0009770983146021475, 'epoch': 0.12}
{'loss': 5.4402, 'grad_norm': 2.402944564819336, 'learning_rate': 0.0009770427187742506, 'epoch': 0.12}
{'loss': 5.416, 'grad_norm': 2.614163637161255, 'learning_rate': 0.0009769870571318439, 'epoch': 0.12}
{'loss': 5.2882, 'grad_norm': 2.534252882003784, 'learning_rate': 0.0009769313296826066, 'epoch': 0.13}
{'loss': 5.2445, 'grad_norm': 2.6512181758880615, 'learning_rate': 0.0009768755364342274, 'epoch': 0.13}
{'loss': 5.2976, 'grad_norm': 2.471177816390991, 'learning_rate': 0.0009768196773944035, 'epoch': 0.13}
{'loss': 5.4573, 'grad_norm': 2.3019845485687256, 'learning_rate': 0.0009767637525708414, 'epoch': 0.13}
{'loss': 5.2799, 'grad_norm': 2.8583014011383057, 'learning_rate': 0.000976707761971257, 'epoch': 0.13}
{'loss': 5.2247, 'grad_norm': 2.3390817642211914, 'learning_rate': 0.0009766517056033746, 'epoch': 0.13}
{'loss': 5.5615, 'grad_norm': 2.9417598247528076, 'learning_rate': 0.0009765955834749281, 'epoch': 0.13}
{'loss': 5.1592, 'grad_norm': 2.2238869667053223, 'learning_rate': 0.0009765393955936602, 'epoch': 0.13}
{'loss': 5.3236, 'grad_norm': 2.4190733432769775, 'learning_rate': 0.0009764831419673229, 'epoch': 0.13}
{'loss': 5.2536, 'grad_norm': 2.44245982170105, 'learning_rate': 0.0009764268226036772, 'epoch': 0.13}
{'loss': 5.3252, 'grad_norm': 2.894608974456787, 'learning_rate': 0.000976370437510493, 'epoch': 0.13}
{'loss': 5.6146, 'grad_norm': 2.355175495147705, 'learning_rate': 0.0009763139866955493, 'epoch': 0.13}
{'loss': 5.3347, 'grad_norm': 2.8687431812286377, 'learning_rate': 0.0009762574701666345, 'epoch': 0.13}
{'loss': 5.7368, 'grad_norm': 2.4303855895996094, 'learning_rate': 0.0009762008879315455, 'epoch': 0.13}
{'loss': 5.5231, 'grad_norm': 2.392603635787964, 'learning_rate': 0.0009761442399980889, 'epoch': 0.13}
{'loss': 5.3633, 'grad_norm': 2.192498207092285, 'learning_rate': 0.00097608752637408, 'epoch': 0.13}
{'loss': 5.3897, 'grad_norm': 2.2005865573883057, 'learning_rate': 0.0009760307470673431, 'epoch': 0.13}
{'loss': 5.2647, 'grad_norm': 2.4477691650390625, 'learning_rate': 0.0009759739020857117, 'epoch': 0.13}
{'loss': 5.1457, 'grad_norm': 2.601409673690796, 'learning_rate': 0.0009759169914370282, 'epoch': 0.13}
{'loss': 5.6252, 'grad_norm': 2.6615536212921143, 'learning_rate': 0.0009758600151291446, 'epoch': 0.13}
{'loss': 5.2443, 'grad_norm': 2.327333450317383, 'learning_rate': 0.0009758029731699212, 'epoch': 0.13}
{'loss': 5.4345, 'grad_norm': 2.350598096847534, 'learning_rate': 0.0009757458655672278, 'epoch': 0.13}
{'loss': 5.2753, 'grad_norm': 2.364211082458496, 'learning_rate': 0.0009756886923289431, 'epoch': 0.13}
{'loss': 5.4958, 'grad_norm': 2.722565174102783, 'learning_rate': 0.0009756314534629551, 'epoch': 0.13}
{'loss': 5.2321, 'grad_norm': 2.1468112468719482, 'learning_rate': 0.0009755741489771606, 'epoch': 0.13}
{'loss': 5.3219, 'grad_norm': 2.2783308029174805, 'learning_rate': 0.0009755167788794655, 'epoch': 0.13}
{'loss': 5.4216, 'grad_norm': 2.437868118286133, 'learning_rate': 0.0009754593431777847, 'epoch': 0.13}
{'loss': 5.0783, 'grad_norm': 2.029557228088379, 'learning_rate': 0.0009754018418800425, 'epoch': 0.13}
{'loss': 5.297, 'grad_norm': 2.306387424468994, 'learning_rate': 0.0009753442749941717, 'epoch': 0.13}
{'loss': 5.0354, 'grad_norm': 2.3659911155700684, 'learning_rate': 0.0009752866425281146, 'epoch': 0.13}
{'loss': 5.3056, 'grad_norm': 2.3200080394744873, 'learning_rate': 0.0009752289444898224, 'epoch': 0.13}
{'loss': 5.3494, 'grad_norm': 2.457803249359131, 'learning_rate': 0.000975171180887255, 'epoch': 0.13}
{'loss': 5.3605, 'grad_norm': 2.3048558235168457, 'learning_rate': 0.0009751133517283821, 'epoch': 0.13}
{'loss': 5.3198, 'grad_norm': 2.4243383407592773, 'learning_rate': 0.0009750554570211818, 'epoch': 0.13}
{'loss': 5.4857, 'grad_norm': 2.5450422763824463, 'learning_rate': 0.0009749974967736414, 'epoch': 0.13}
{'loss': 5.5446, 'grad_norm': 2.3198206424713135, 'learning_rate': 0.0009749394709937575, 'epoch': 0.13}
{'loss': 5.5142, 'grad_norm': 2.256615161895752, 'learning_rate': 0.0009748813796895355, 'epoch': 0.13}
{'loss': 5.0884, 'grad_norm': 2.431637763977051, 'learning_rate': 0.0009748232228689899, 'epoch': 0.13}
{'loss': 5.4026, 'grad_norm': 2.6623942852020264, 'learning_rate': 0.000974765000540144, 'epoch': 0.13}
{'loss': 5.2908, 'grad_norm': 2.3399391174316406, 'learning_rate': 0.0009747067127110305, 'epoch': 0.13}
{'loss': 5.6056, 'grad_norm': 2.5656800270080566, 'learning_rate': 0.0009746483593896911, 'epoch': 0.13}
{'loss': 5.3958, 'grad_norm': 2.4951653480529785, 'learning_rate': 0.0009745899405841763, 'epoch': 0.13}
{'loss': 5.4405, 'grad_norm': 2.5642080307006836, 'learning_rate': 0.0009745314563025457, 'epoch': 0.13}
{'loss': 5.281, 'grad_norm': 3.07912540435791, 'learning_rate': 0.0009744729065528681, 'epoch': 0.13}
{'loss': 5.392, 'grad_norm': 2.5473668575286865, 'learning_rate': 0.0009744142913432213, 'epoch': 0.13}
{'loss': 5.1554, 'grad_norm': 2.842773675918579, 'learning_rate': 0.0009743556106816921, 'epoch': 0.13}
{'loss': 5.4119, 'grad_norm': 2.564617395401001, 'learning_rate': 0.0009742968645763761, 'epoch': 0.13}
{'loss': 5.53, 'grad_norm': 2.6965136528015137, 'learning_rate': 0.0009742380530353782, 'epoch': 0.13}
{'loss': 5.4097, 'grad_norm': 2.477555990219116, 'learning_rate': 0.0009741791760668122, 'epoch': 0.13}
{'loss': 5.1919, 'grad_norm': 2.1800146102905273, 'learning_rate': 0.0009741202336788011, 'epoch': 0.13}
{'loss': 5.1329, 'grad_norm': 2.3803515434265137, 'learning_rate': 0.0009740612258794767, 'epoch': 0.13}
{'loss': 5.6895, 'grad_norm': 2.429459810256958, 'learning_rate': 0.00097400215267698, 'epoch': 0.13}
{'loss': 5.2041, 'grad_norm': 2.360978126525879, 'learning_rate': 0.0009739430140794609, 'epoch': 0.13}
{'loss': 5.3646, 'grad_norm': 2.3796801567077637, 'learning_rate': 0.0009738838100950784, 'epoch': 0.13}
{'loss': 5.3666, 'grad_norm': 2.2727115154266357, 'learning_rate': 0.0009738245407320006, 'epoch': 0.13}
{'loss': 5.5381, 'grad_norm': 2.385416030883789, 'learning_rate': 0.0009737652059984041, 'epoch': 0.13}
{'loss': 5.3503, 'grad_norm': 2.3481523990631104, 'learning_rate': 0.0009737058059024755, 'epoch': 0.13}
{'loss': 5.1274, 'grad_norm': 2.3205788135528564, 'learning_rate': 0.0009736463404524094, 'epoch': 0.13}
{'loss': 5.4747, 'grad_norm': 2.32950496673584, 'learning_rate': 0.00097358680965641, 'epoch': 0.13}
{'loss': 5.0042, 'grad_norm': 2.4160664081573486, 'learning_rate': 0.0009735272135226905, 'epoch': 0.13}
{'loss': 5.5238, 'grad_norm': 2.312934160232544, 'learning_rate': 0.0009734675520594729, 'epoch': 0.13}
{'loss': 5.1433, 'grad_norm': 2.4074079990386963, 'learning_rate': 0.0009734078252749882, 'epoch': 0.13}
{'loss': 5.1437, 'grad_norm': 2.550931692123413, 'learning_rate': 0.0009733480331774769, 'epoch': 0.13}
{'loss': 5.1743, 'grad_norm': 2.828094244003296, 'learning_rate': 0.0009732881757751877, 'epoch': 0.13}
{'loss': 5.1479, 'grad_norm': 2.550410032272339, 'learning_rate': 0.0009732282530763788, 'epoch': 0.13}
{'loss': 5.4032, 'grad_norm': 2.2860167026519775, 'learning_rate': 0.0009731682650893175, 'epoch': 0.13}
{'loss': 5.364, 'grad_norm': 2.1556949615478516, 'learning_rate': 0.0009731082118222801, 'epoch': 0.13}
{'loss': 5.0897, 'grad_norm': 2.699917793273926, 'learning_rate': 0.0009730480932835514, 'epoch': 0.13}
{'loss': 5.2423, 'grad_norm': 2.2305748462677, 'learning_rate': 0.0009729879094814257, 'epoch': 0.13}
{'loss': 5.3363, 'grad_norm': 2.2643375396728516, 'learning_rate': 0.0009729276604242064, 'epoch': 0.13}
{'loss': 5.1033, 'grad_norm': 2.206851005554199, 'learning_rate': 0.0009728673461202053, 'epoch': 0.13}
{'loss': 5.4603, 'grad_norm': 2.5792644023895264, 'learning_rate': 0.0009728069665777437, 'epoch': 0.13}
{'loss': 5.4056, 'grad_norm': 2.6093552112579346, 'learning_rate': 0.0009727465218051521, 'epoch': 0.13}
{'loss': 5.3459, 'grad_norm': 2.184053421020508, 'learning_rate': 0.0009726860118107692, 'epoch': 0.13}
{'loss': 5.0607, 'grad_norm': 2.552201986312866, 'learning_rate': 0.0009726254366029434, 'epoch': 0.13}
{'loss': 5.2533, 'grad_norm': 2.3765628337860107, 'learning_rate': 0.000972564796190032, 'epoch': 0.13}
{'loss': 5.2157, 'grad_norm': 2.3868701457977295, 'learning_rate': 0.0009725040905804009, 'epoch': 0.13}
{'loss': 5.3438, 'grad_norm': 2.735733985900879, 'learning_rate': 0.0009724433197824254, 'epoch': 0.13}
{'loss': 5.4088, 'grad_norm': 2.562950372695923, 'learning_rate': 0.0009723824838044897, 'epoch': 0.13}
{'loss': 5.2785, 'grad_norm': 2.27836537361145, 'learning_rate': 0.0009723215826549868, 'epoch': 0.13}
{'loss': 5.2592, 'grad_norm': 2.3608109951019287, 'learning_rate': 0.0009722606163423188, 'epoch': 0.13}
{'loss': 5.3115, 'grad_norm': 2.48362135887146, 'learning_rate': 0.0009721995848748972, 'epoch': 0.13}
{'loss': 5.0965, 'grad_norm': 2.44344162940979, 'learning_rate': 0.0009721384882611419, 'epoch': 0.13}
{'loss': 5.4211, 'grad_norm': 2.304800033569336, 'learning_rate': 0.0009720773265094819, 'epoch': 0.13}
{'loss': 5.4109, 'grad_norm': 2.7194876670837402, 'learning_rate': 0.0009720160996283554, 'epoch': 0.13}
{'loss': 5.1676, 'grad_norm': 2.5534448623657227, 'learning_rate': 0.0009719548076262093, 'epoch': 0.13}
{'loss': 5.3656, 'grad_norm': 2.944549322128296, 'learning_rate': 0.0009718934505115, 'epoch': 0.13}
{'loss': 5.2833, 'grad_norm': 2.491071939468384, 'learning_rate': 0.0009718320282926922, 'epoch': 0.14}
{'loss': 5.1892, 'grad_norm': 2.493121862411499, 'learning_rate': 0.0009717705409782602, 'epoch': 0.14}
{'loss': 5.5645, 'grad_norm': 2.520699977874756, 'learning_rate': 0.0009717089885766869, 'epoch': 0.14}
{'loss': 5.1396, 'grad_norm': 2.1397817134857178, 'learning_rate': 0.0009716473710964642, 'epoch': 0.14}
{'loss': 5.4761, 'grad_norm': 2.387007713317871, 'learning_rate': 0.0009715856885460932, 'epoch': 0.14}
{'loss': 5.3544, 'grad_norm': 2.3243250846862793, 'learning_rate': 0.0009715239409340839, 'epoch': 0.14}
{'loss': 5.4725, 'grad_norm': 2.1208386421203613, 'learning_rate': 0.000971462128268955, 'epoch': 0.14}
{'loss': 5.2816, 'grad_norm': 2.301868438720703, 'learning_rate': 0.0009714002505592346, 'epoch': 0.14}
{'loss': 5.0741, 'grad_norm': 2.160776138305664, 'learning_rate': 0.0009713383078134593, 'epoch': 0.14}
{'loss': 5.3633, 'grad_norm': 2.3215272426605225, 'learning_rate': 0.0009712763000401752, 'epoch': 0.14}
{'loss': 5.2935, 'grad_norm': 2.576423406600952, 'learning_rate': 0.000971214227247937, 'epoch': 0.14}
{'loss': 5.3688, 'grad_norm': 2.341444492340088, 'learning_rate': 0.0009711520894453087, 'epoch': 0.14}
{'loss': 5.0291, 'grad_norm': 2.456056833267212, 'learning_rate': 0.0009710898866408626, 'epoch': 0.14}
{'loss': 5.4489, 'grad_norm': 2.5208985805511475, 'learning_rate': 0.0009710276188431809, 'epoch': 0.14}
{'loss': 5.397, 'grad_norm': 2.2706756591796875, 'learning_rate': 0.000970965286060854, 'epoch': 0.14}
{'loss': 5.2818, 'grad_norm': 2.545166015625, 'learning_rate': 0.0009709028883024816, 'epoch': 0.14}
{'loss': 5.5626, 'grad_norm': 2.2976646423339844, 'learning_rate': 0.0009708404255766725, 'epoch': 0.14}
{'loss': 5.5194, 'grad_norm': 2.2910499572753906, 'learning_rate': 0.000970777897892044, 'epoch': 0.14}
{'loss': 5.192, 'grad_norm': 2.2803916931152344, 'learning_rate': 0.0009707153052572227, 'epoch': 0.14}
{'loss': 5.3402, 'grad_norm': 2.405256509780884, 'learning_rate': 0.0009706526476808443, 'epoch': 0.14}
{'loss': 5.0345, 'grad_norm': 2.0098278522491455, 'learning_rate': 0.0009705899251715531, 'epoch': 0.14}
{'loss': 5.4958, 'grad_norm': 2.0207529067993164, 'learning_rate': 0.0009705271377380025, 'epoch': 0.14}
{'loss': 5.381, 'grad_norm': 2.2693583965301514, 'learning_rate': 0.0009704642853888549, 'epoch': 0.14}
{'loss': 5.3894, 'grad_norm': 1.9872949123382568, 'learning_rate': 0.0009704013681327817, 'epoch': 0.14}
{'loss': 5.2134, 'grad_norm': 2.2737514972686768, 'learning_rate': 0.0009703383859784631, 'epoch': 0.14}
{'loss': 5.0375, 'grad_norm': 2.3396599292755127, 'learning_rate': 0.0009702753389345886, 'epoch': 0.14}
{'loss': 5.4042, 'grad_norm': 2.4113433361053467, 'learning_rate': 0.0009702122270098559, 'epoch': 0.14}
{'loss': 5.0621, 'grad_norm': 2.220512866973877, 'learning_rate': 0.0009701490502129726, 'epoch': 0.14}
{'loss': 5.2394, 'grad_norm': 2.43800687789917, 'learning_rate': 0.0009700858085526547, 'epoch': 0.14}
{'loss': 5.4962, 'grad_norm': 2.431442975997925, 'learning_rate': 0.000970022502037627, 'epoch': 0.14}
{'loss': 5.2941, 'grad_norm': 2.251204490661621, 'learning_rate': 0.0009699591306766238, 'epoch': 0.14}
{'loss': 5.1919, 'grad_norm': 2.361203908920288, 'learning_rate': 0.0009698956944783879, 'epoch': 0.14}
{'loss': 5.4024, 'grad_norm': 2.4443752765655518, 'learning_rate': 0.000969832193451671, 'epoch': 0.14}
{'loss': 5.3871, 'grad_norm': 2.4874215126037598, 'learning_rate': 0.0009697686276052343, 'epoch': 0.14}
{'loss': 5.3042, 'grad_norm': 2.3298351764678955, 'learning_rate': 0.0009697049969478474, 'epoch': 0.14}
{'loss': 5.3867, 'grad_norm': 2.605966329574585, 'learning_rate': 0.0009696413014882888, 'epoch': 0.14}
{'loss': 5.2219, 'grad_norm': 2.3631742000579834, 'learning_rate': 0.0009695775412353465, 'epoch': 0.14}
{'loss': 5.0237, 'grad_norm': 2.3102948665618896, 'learning_rate': 0.000969513716197817, 'epoch': 0.14}
{'loss': 5.147, 'grad_norm': 2.4867215156555176, 'learning_rate': 0.0009694498263845055, 'epoch': 0.14}
{'loss': 5.3466, 'grad_norm': 2.1585960388183594, 'learning_rate': 0.000969385871804227, 'epoch': 0.14}
{'loss': 5.5625, 'grad_norm': 1.9369211196899414, 'learning_rate': 0.0009693218524658045, 'epoch': 0.14}
{'loss': 5.5675, 'grad_norm': 2.0158841609954834, 'learning_rate': 0.0009692577683780705, 'epoch': 0.14}
{'loss': 5.1923, 'grad_norm': 1.9833451509475708, 'learning_rate': 0.0009691936195498663, 'epoch': 0.14}
{'loss': 5.1546, 'grad_norm': 2.135467767715454, 'learning_rate': 0.0009691294059900419, 'epoch': 0.14}
{'loss': 5.2284, 'grad_norm': 2.17097544670105, 'learning_rate': 0.0009690651277074567, 'epoch': 0.14}
{'loss': 5.293, 'grad_norm': 2.675706386566162, 'learning_rate': 0.0009690007847109786, 'epoch': 0.14}
{'loss': 5.2942, 'grad_norm': 2.4744937419891357, 'learning_rate': 0.0009689363770094846, 'epoch': 0.14}
{'loss': 5.4017, 'grad_norm': 2.1958839893341064, 'learning_rate': 0.0009688719046118607, 'epoch': 0.14}
{'loss': 5.3695, 'grad_norm': 2.24039363861084, 'learning_rate': 0.0009688073675270016, 'epoch': 0.14}
{'loss': 5.4632, 'grad_norm': 2.6823463439941406, 'learning_rate': 0.0009687427657638112, 'epoch': 0.14}
{'loss': 5.2565, 'grad_norm': 2.4807064533233643, 'learning_rate': 0.0009686780993312021, 'epoch': 0.14}
{'loss': 5.3091, 'grad_norm': 2.301778554916382, 'learning_rate': 0.0009686133682380958, 'epoch': 0.14}
{'loss': 5.3026, 'grad_norm': 2.194382905960083, 'learning_rate': 0.0009685485724934232, 'epoch': 0.14}
{'loss': 5.1835, 'grad_norm': 2.4969708919525146, 'learning_rate': 0.0009684837121061234, 'epoch': 0.14}
{'loss': 5.3238, 'grad_norm': 2.4562313556671143, 'learning_rate': 0.000968418787085145, 'epoch': 0.14}
{'loss': 5.346, 'grad_norm': 2.1453146934509277, 'learning_rate': 0.000968353797439445, 'epoch': 0.14}
{'loss': 5.1383, 'grad_norm': 2.1959495544433594, 'learning_rate': 0.0009682887431779899, 'epoch': 0.14}
{'loss': 5.0859, 'grad_norm': 2.5390660762786865, 'learning_rate': 0.0009682236243097548, 'epoch': 0.14}
{'loss': 5.3082, 'grad_norm': 2.4868037700653076, 'learning_rate': 0.0009681584408437235, 'epoch': 0.14}
{'loss': 5.1471, 'grad_norm': 2.458399534225464, 'learning_rate': 0.0009680931927888891, 'epoch': 0.14}
{'loss': 5.2591, 'grad_norm': 2.289855718612671, 'learning_rate': 0.0009680278801542535, 'epoch': 0.14}
{'loss': 5.3389, 'grad_norm': 2.4554057121276855, 'learning_rate': 0.0009679625029488273, 'epoch': 0.14}
{'loss': 5.3723, 'grad_norm': 2.2126991748809814, 'learning_rate': 0.0009678970611816302, 'epoch': 0.14}
{'loss': 5.1306, 'grad_norm': 2.5249099731445312, 'learning_rate': 0.0009678315548616909, 'epoch': 0.14}
{'loss': 5.3001, 'grad_norm': 2.6175930500030518, 'learning_rate': 0.0009677659839980469, 'epoch': 0.14}
{'loss': 5.2085, 'grad_norm': 2.7091422080993652, 'learning_rate': 0.0009677003485997444, 'epoch': 0.14}
{'loss': 5.2592, 'grad_norm': 2.042327404022217, 'learning_rate': 0.0009676346486758389, 'epoch': 0.14}
{'loss': 5.3665, 'grad_norm': 2.6992783546447754, 'learning_rate': 0.0009675688842353945, 'epoch': 0.14}
{'loss': 5.2001, 'grad_norm': 2.708771228790283, 'learning_rate': 0.0009675030552874844, 'epoch': 0.14}
{'loss': 5.1654, 'grad_norm': 2.975615978240967, 'learning_rate': 0.0009674371618411903, 'epoch': 0.14}
{'loss': 5.3283, 'grad_norm': 2.51680326461792, 'learning_rate': 0.0009673712039056033, 'epoch': 0.14}
{'loss': 5.1491, 'grad_norm': 1.9800595045089722, 'learning_rate': 0.0009673051814898233, 'epoch': 0.14}
{'loss': 5.2859, 'grad_norm': 2.5736753940582275, 'learning_rate': 0.0009672390946029588, 'epoch': 0.14}
{'loss': 5.1172, 'grad_norm': 2.428220510482788, 'learning_rate': 0.0009671729432541276, 'epoch': 0.14}
{'loss': 5.2328, 'grad_norm': 2.6895828247070312, 'learning_rate': 0.0009671067274524558, 'epoch': 0.14}
{'loss': 5.2175, 'grad_norm': 2.3852107524871826, 'learning_rate': 0.000967040447207079, 'epoch': 0.14}
{'loss': 5.3086, 'grad_norm': 2.7412476539611816, 'learning_rate': 0.0009669741025271417, 'epoch': 0.14}
{'loss': 5.3012, 'grad_norm': 2.6965157985687256, 'learning_rate': 0.0009669076934217966, 'epoch': 0.14}
{'loss': 5.5387, 'grad_norm': 2.4127309322357178, 'learning_rate': 0.0009668412199002059, 'epoch': 0.14}
{'loss': 5.3592, 'grad_norm': 2.7231969833374023, 'learning_rate': 0.0009667746819715408, 'epoch': 0.14}
{'loss': 4.9982, 'grad_norm': 2.7692325115203857, 'learning_rate': 0.0009667080796449805, 'epoch': 0.14}
{'loss': 5.1304, 'grad_norm': 2.6006009578704834, 'learning_rate': 0.0009666414129297144, 'epoch': 0.14}
{'loss': 5.2667, 'grad_norm': 2.8560519218444824, 'learning_rate': 0.0009665746818349395, 'epoch': 0.14}
{'loss': 5.1881, 'grad_norm': 2.5282273292541504, 'learning_rate': 0.0009665078863698626, 'epoch': 0.14}
{'loss': 5.3781, 'grad_norm': 2.8250536918640137, 'learning_rate': 0.0009664410265436991, 'epoch': 0.14}
{'loss': 5.2847, 'grad_norm': 2.5320346355438232, 'learning_rate': 0.0009663741023656729, 'epoch': 0.14}
{'loss': 5.4563, 'grad_norm': 2.507171154022217, 'learning_rate': 0.0009663071138450172, 'epoch': 0.14}
{'loss': 5.6289, 'grad_norm': 2.542802333831787, 'learning_rate': 0.000966240060990974, 'epoch': 0.15}
{'loss': 5.2858, 'grad_norm': 2.4473910331726074, 'learning_rate': 0.0009661729438127944, 'epoch': 0.15}
{'loss': 5.1852, 'grad_norm': 2.649142265319824, 'learning_rate': 0.0009661057623197378, 'epoch': 0.15}
{'loss': 5.2853, 'grad_norm': 2.0799965858459473, 'learning_rate': 0.0009660385165210728, 'epoch': 0.15}
{'loss': 5.3123, 'grad_norm': 2.5797905921936035, 'learning_rate': 0.000965971206426077, 'epoch': 0.15}
{'loss': 5.435, 'grad_norm': 2.4327878952026367, 'learning_rate': 0.0009659038320440369, 'epoch': 0.15}
{'loss': 5.1617, 'grad_norm': 2.1100690364837646, 'learning_rate': 0.0009658363933842474, 'epoch': 0.15}
{'loss': 5.1493, 'grad_norm': 2.310492515563965, 'learning_rate': 0.0009657688904560126, 'epoch': 0.15}
{'loss': 5.1529, 'grad_norm': 2.3402833938598633, 'learning_rate': 0.0009657013232686456, 'epoch': 0.15}
{'loss': 5.2844, 'grad_norm': 2.247328519821167, 'learning_rate': 0.0009656336918314682, 'epoch': 0.15}
{'loss': 5.4888, 'grad_norm': 2.072352170944214, 'learning_rate': 0.0009655659961538111, 'epoch': 0.15}
{'loss': 5.1238, 'grad_norm': 2.42313289642334, 'learning_rate': 0.0009654982362450135, 'epoch': 0.15}
{'loss': 5.3138, 'grad_norm': 2.5397889614105225, 'learning_rate': 0.0009654304121144243, 'epoch': 0.15}
{'loss': 5.2234, 'grad_norm': 2.2059946060180664, 'learning_rate': 0.0009653625237714005, 'epoch': 0.15}
{'loss': 5.3195, 'grad_norm': 2.355072021484375, 'learning_rate': 0.000965294571225308, 'epoch': 0.15}
{'loss': 5.3006, 'grad_norm': 2.2269883155822754, 'learning_rate': 0.0009652265544855223, 'epoch': 0.15}
{'loss': 5.3321, 'grad_norm': 2.671473264694214, 'learning_rate': 0.0009651584735614269, 'epoch': 0.15}
{'loss': 5.2559, 'grad_norm': 2.299834966659546, 'learning_rate': 0.0009650903284624144, 'epoch': 0.15}
{'loss': 5.3328, 'grad_norm': 2.302616834640503, 'learning_rate': 0.0009650221191978865, 'epoch': 0.15}
{'loss': 5.4913, 'grad_norm': 2.41312575340271, 'learning_rate': 0.0009649538457772535, 'epoch': 0.15}
{'loss': 5.4102, 'grad_norm': 2.3868205547332764, 'learning_rate': 0.0009648855082099348, 'epoch': 0.15}
{'loss': 5.5617, 'grad_norm': 2.6830403804779053, 'learning_rate': 0.0009648171065053583, 'epoch': 0.15}
{'loss': 5.228, 'grad_norm': 2.2162837982177734, 'learning_rate': 0.0009647486406729613, 'epoch': 0.15}
{'loss': 5.3046, 'grad_norm': 2.785994291305542, 'learning_rate': 0.0009646801107221891, 'epoch': 0.15}
{'loss': 5.2531, 'grad_norm': 2.151482105255127, 'learning_rate': 0.0009646115166624967, 'epoch': 0.15}
{'loss': 5.1999, 'grad_norm': 2.683605432510376, 'learning_rate': 0.0009645428585033473, 'epoch': 0.15}
{'loss': 5.2514, 'grad_norm': 2.186166763305664, 'learning_rate': 0.0009644741362542134, 'epoch': 0.15}
{'loss': 5.4514, 'grad_norm': 2.828054666519165, 'learning_rate': 0.0009644053499245762, 'epoch': 0.15}
{'loss': 5.1321, 'grad_norm': 2.112593173980713, 'learning_rate': 0.0009643364995239257, 'epoch': 0.15}
{'loss': 5.5571, 'grad_norm': 2.8948261737823486, 'learning_rate': 0.0009642675850617606, 'epoch': 0.15}
{'loss': 5.113, 'grad_norm': 2.2801742553710938, 'learning_rate': 0.0009641986065475886, 'epoch': 0.15}
{'loss': 5.2627, 'grad_norm': 2.53304123878479, 'learning_rate': 0.0009641295639909264, 'epoch': 0.15}
{'loss': 5.2468, 'grad_norm': 2.120281457901001, 'learning_rate': 0.0009640604574012992, 'epoch': 0.15}
{'loss': 5.3122, 'grad_norm': 2.5473854541778564, 'learning_rate': 0.0009639912867882412, 'epoch': 0.15}
{'loss': 5.1637, 'grad_norm': 2.584406614303589, 'learning_rate': 0.0009639220521612956, 'epoch': 0.15}
{'loss': 5.0266, 'grad_norm': 2.494389772415161, 'learning_rate': 0.0009638527535300141, 'epoch': 0.15}
{'loss': 5.4537, 'grad_norm': 2.8535406589508057, 'learning_rate': 0.0009637833909039573, 'epoch': 0.15}
{'loss': 5.2594, 'grad_norm': 2.3983774185180664, 'learning_rate': 0.0009637139642926949, 'epoch': 0.15}
{'loss': 5.3432, 'grad_norm': 2.646148443222046, 'learning_rate': 0.0009636444737058051, 'epoch': 0.15}
{'loss': 5.0852, 'grad_norm': 2.195599317550659, 'learning_rate': 0.0009635749191528753, 'epoch': 0.15}
{'loss': 5.3233, 'grad_norm': 2.391146421432495, 'learning_rate': 0.000963505300643501, 'epoch': 0.15}
{'loss': 5.3999, 'grad_norm': 2.405449628829956, 'learning_rate': 0.0009634356181872876, 'epoch': 0.15}
{'loss': 5.2034, 'grad_norm': 2.576833963394165, 'learning_rate': 0.0009633658717938485, 'epoch': 0.15}
{'loss': 5.3403, 'grad_norm': 2.898900032043457, 'learning_rate': 0.0009632960614728059, 'epoch': 0.15}
{'loss': 5.0453, 'grad_norm': 2.217424154281616, 'learning_rate': 0.0009632261872337915, 'epoch': 0.15}
{'loss': 5.4517, 'grad_norm': 2.6501028537750244, 'learning_rate': 0.0009631562490864453, 'epoch': 0.15}
{'loss': 5.3757, 'grad_norm': 2.1761481761932373, 'learning_rate': 0.000963086247040416, 'epoch': 0.15}
{'loss': 5.3991, 'grad_norm': 2.2010653018951416, 'learning_rate': 0.0009630161811053615, 'epoch': 0.15}
{'loss': 5.2024, 'grad_norm': 2.772111177444458, 'learning_rate': 0.0009629460512909483, 'epoch': 0.15}
{'loss': 5.1501, 'grad_norm': 2.654766082763672, 'learning_rate': 0.0009628758576068518, 'epoch': 0.15}
{'loss': 5.7152, 'grad_norm': 2.3330700397491455, 'learning_rate': 0.0009628056000627561, 'epoch': 0.15}
{'loss': 5.0647, 'grad_norm': 2.8375964164733887, 'learning_rate': 0.0009627352786683543, 'epoch': 0.15}
{'loss': 5.4624, 'grad_norm': 2.575256109237671, 'learning_rate': 0.000962664893433348, 'epoch': 0.15}
{'loss': 4.9855, 'grad_norm': 2.2955894470214844, 'learning_rate': 0.0009625944443674479, 'epoch': 0.15}
{'loss': 5.2163, 'grad_norm': 2.7501718997955322, 'learning_rate': 0.0009625239314803736, 'epoch': 0.15}
{'loss': 5.4834, 'grad_norm': 2.3835227489471436, 'learning_rate': 0.000962453354781853, 'epoch': 0.15}
{'loss': 5.292, 'grad_norm': 2.0733916759490967, 'learning_rate': 0.0009623827142816232, 'epoch': 0.15}
{'loss': 5.2803, 'grad_norm': 2.053316593170166, 'learning_rate': 0.0009623120099894301, 'epoch': 0.15}
{'loss': 5.0536, 'grad_norm': 2.155644655227661, 'learning_rate': 0.0009622412419150282, 'epoch': 0.15}
{'loss': 5.3262, 'grad_norm': 2.2596163749694824, 'learning_rate': 0.0009621704100681811, 'epoch': 0.15}
{'loss': 5.2978, 'grad_norm': 2.218942165374756, 'learning_rate': 0.0009620995144586608, 'epoch': 0.15}
{'loss': 5.3784, 'grad_norm': 2.2537670135498047, 'learning_rate': 0.0009620285550962485, 'epoch': 0.15}
{'loss': 5.3726, 'grad_norm': 2.0106678009033203, 'learning_rate': 0.0009619575319907336, 'epoch': 0.15}
{'loss': 5.226, 'grad_norm': 2.201209306716919, 'learning_rate': 0.0009618864451519153, 'epoch': 0.15}
{'loss': 5.5418, 'grad_norm': 2.2264795303344727, 'learning_rate': 0.0009618152945896007, 'epoch': 0.15}
{'loss': 5.1117, 'grad_norm': 2.095150947570801, 'learning_rate': 0.000961744080313606, 'epoch': 0.15}
{'loss': 5.2511, 'grad_norm': 2.08736515045166, 'learning_rate': 0.000961672802333756, 'epoch': 0.15}
{'loss': 5.2643, 'grad_norm': 2.4401321411132812, 'learning_rate': 0.0009616014606598847, 'epoch': 0.15}
{'loss': 5.0409, 'grad_norm': 2.3283560276031494, 'learning_rate': 0.0009615300553018346, 'epoch': 0.15}
{'loss': 5.2634, 'grad_norm': 2.650707244873047, 'learning_rate': 0.0009614585862694569, 'epoch': 0.15}
{'loss': 5.2647, 'grad_norm': 2.15643048286438, 'learning_rate': 0.000961387053572612, 'epoch': 0.15}
{'loss': 5.4956, 'grad_norm': 2.6340084075927734, 'learning_rate': 0.0009613154572211686, 'epoch': 0.15}
{'loss': 5.2172, 'grad_norm': 2.051990509033203, 'learning_rate': 0.0009612437972250043, 'epoch': 0.15}
{'loss': 5.0145, 'grad_norm': 2.5039381980895996, 'learning_rate': 0.0009611720735940058, 'epoch': 0.15}
{'loss': 5.2776, 'grad_norm': 2.3763997554779053, 'learning_rate': 0.0009611002863380683, 'epoch': 0.15}
{'loss': 5.2661, 'grad_norm': 2.825873374938965, 'learning_rate': 0.0009610284354670957, 'epoch': 0.15}
{'loss': 5.2267, 'grad_norm': 2.153916358947754, 'learning_rate': 0.0009609565209910009, 'epoch': 0.15}
{'loss': 5.2709, 'grad_norm': 3.150233507156372, 'learning_rate': 0.0009608845429197052, 'epoch': 0.15}
{'loss': 5.3103, 'grad_norm': 2.3387069702148438, 'learning_rate': 0.0009608125012631395, 'epoch': 0.15}
{'loss': 5.0244, 'grad_norm': 2.2468502521514893, 'learning_rate': 0.0009607403960312426, 'epoch': 0.15}
{'loss': 5.2727, 'grad_norm': 2.181292772293091, 'learning_rate': 0.0009606682272339622, 'epoch': 0.15}
{'loss': 5.3576, 'grad_norm': 2.3889636993408203, 'learning_rate': 0.0009605959948812555, 'epoch': 0.15}
{'loss': 5.0698, 'grad_norm': 2.5651040077209473, 'learning_rate': 0.0009605236989830874, 'epoch': 0.15}
{'loss': 5.2441, 'grad_norm': 2.593230962753296, 'learning_rate': 0.0009604513395494323, 'epoch': 0.15}
{'loss': 5.1745, 'grad_norm': 2.1116557121276855, 'learning_rate': 0.0009603789165902732, 'epoch': 0.15}
{'loss': 5.259, 'grad_norm': 2.2838215827941895, 'learning_rate': 0.0009603064301156018, 'epoch': 0.15}
{'loss': 5.099, 'grad_norm': 2.3511950969696045, 'learning_rate': 0.0009602338801354187, 'epoch': 0.15}
{'loss': 5.3207, 'grad_norm': 2.2944626808166504, 'learning_rate': 0.0009601612666597328, 'epoch': 0.16}
{'loss': 5.3192, 'grad_norm': 2.2241053581237793, 'learning_rate': 0.0009600885896985626, 'epoch': 0.16}
{'loss': 5.2536, 'grad_norm': 2.410526752471924, 'learning_rate': 0.0009600158492619344, 'epoch': 0.16}
{'loss': 5.1488, 'grad_norm': 2.41961407661438, 'learning_rate': 0.0009599430453598842, 'epoch': 0.16}
{'loss': 5.0642, 'grad_norm': 2.3976683616638184, 'learning_rate': 0.0009598701780024559, 'epoch': 0.16}
{'loss': 5.1591, 'grad_norm': 2.2613577842712402, 'learning_rate': 0.0009597972471997027, 'epoch': 0.16}
{'loss': 5.104, 'grad_norm': 2.414264440536499, 'learning_rate': 0.0009597242529616866, 'epoch': 0.16}
{'loss': 5.3035, 'grad_norm': 2.679748058319092, 'learning_rate': 0.0009596511952984776, 'epoch': 0.16}
{'loss': 5.3567, 'grad_norm': 2.3007984161376953, 'learning_rate': 0.0009595780742201554, 'epoch': 0.16}
{'loss': 5.461, 'grad_norm': 2.2534451484680176, 'learning_rate': 0.0009595048897368081, 'epoch': 0.16}
{'loss': 5.2853, 'grad_norm': 2.17445969581604, 'learning_rate': 0.0009594316418585323, 'epoch': 0.16}
{'loss': 5.267, 'grad_norm': 2.22794246673584, 'learning_rate': 0.0009593583305954335, 'epoch': 0.16}
{'loss': 5.2319, 'grad_norm': 2.1230273246765137, 'learning_rate': 0.0009592849559576262, 'epoch': 0.16}
{'loss': 4.9259, 'grad_norm': 2.1703262329101562, 'learning_rate': 0.0009592115179552332, 'epoch': 0.16}
{'loss': 5.4619, 'grad_norm': 2.0809876918792725, 'learning_rate': 0.0009591380165983865, 'epoch': 0.16}
{'loss': 5.4608, 'grad_norm': 2.1532745361328125, 'learning_rate': 0.0009590644518972264, 'epoch': 0.16}
{'loss': 5.1515, 'grad_norm': 1.9326928853988647, 'learning_rate': 0.0009589908238619022, 'epoch': 0.16}
{'loss': 5.2334, 'grad_norm': 2.541849136352539, 'learning_rate': 0.0009589171325025718, 'epoch': 0.16}
{'loss': 5.258, 'grad_norm': 2.0192272663116455, 'learning_rate': 0.0009588433778294022, 'epoch': 0.16}
{'loss': 5.1524, 'grad_norm': 2.770122766494751, 'learning_rate': 0.0009587695598525688, 'epoch': 0.16}
{'loss': 5.1919, 'grad_norm': 2.3485076427459717, 'learning_rate': 0.0009586956785822554, 'epoch': 0.16}
{'loss': 5.0889, 'grad_norm': 2.4911446571350098, 'learning_rate': 0.0009586217340286553, 'epoch': 0.16}
{'loss': 5.0208, 'grad_norm': 2.1624913215637207, 'learning_rate': 0.0009585477262019702, 'epoch': 0.16}
{'loss': 5.1588, 'grad_norm': 2.1817574501037598, 'learning_rate': 0.0009584736551124102, 'epoch': 0.16}
{'loss': 5.1728, 'grad_norm': 2.2209644317626953, 'learning_rate': 0.0009583995207701945, 'epoch': 0.16}
{'loss': 5.0097, 'grad_norm': 2.149064064025879, 'learning_rate': 0.0009583253231855511, 'epoch': 0.16}
{'loss': 5.2334, 'grad_norm': 2.5567057132720947, 'learning_rate': 0.0009582510623687164, 'epoch': 0.16}
{'loss': 5.3389, 'grad_norm': 2.407679557800293, 'learning_rate': 0.0009581767383299357, 'epoch': 0.16}
{'loss': 5.4828, 'grad_norm': 2.444927453994751, 'learning_rate': 0.0009581023510794631, 'epoch': 0.16}
{'loss': 5.033, 'grad_norm': 2.236063003540039, 'learning_rate': 0.0009580279006275614, 'epoch': 0.16}
{'loss': 5.0791, 'grad_norm': 2.5249617099761963, 'learning_rate': 0.0009579533869845017, 'epoch': 0.16}
{'loss': 5.3131, 'grad_norm': 2.3660507202148438, 'learning_rate': 0.0009578788101605644, 'epoch': 0.16}
{'loss': 5.1036, 'grad_norm': 2.4109158515930176, 'learning_rate': 0.0009578041701660385, 'epoch': 0.16}
{'loss': 5.4607, 'grad_norm': 2.449207305908203, 'learning_rate': 0.0009577294670112215, 'epoch': 0.16}
{'loss': 5.1735, 'grad_norm': 2.4222195148468018, 'learning_rate': 0.0009576547007064196, 'epoch': 0.16}
{'loss': 5.1775, 'grad_norm': 2.0884790420532227, 'learning_rate': 0.0009575798712619479, 'epoch': 0.16}
{'loss': 5.2888, 'grad_norm': 2.368326187133789, 'learning_rate': 0.0009575049786881303, 'epoch': 0.16}
{'loss': 5.2235, 'grad_norm': 2.4392857551574707, 'learning_rate': 0.0009574300229952989, 'epoch': 0.16}
{'loss': 5.6011, 'grad_norm': 2.6308257579803467, 'learning_rate': 0.0009573550041937951, 'epoch': 0.16}
{'loss': 5.4704, 'grad_norm': 1.94803786277771, 'learning_rate': 0.0009572799222939687, 'epoch': 0.16}
{'loss': 5.1678, 'grad_norm': 2.536302328109741, 'learning_rate': 0.0009572047773061783, 'epoch': 0.16}
{'loss': 5.3395, 'grad_norm': 2.166905403137207, 'learning_rate': 0.0009571295692407911, 'epoch': 0.16}
{'loss': 5.2919, 'grad_norm': 2.139326333999634, 'learning_rate': 0.0009570542981081833, 'epoch': 0.16}
{'loss': 5.2335, 'grad_norm': 1.9890776872634888, 'learning_rate': 0.0009569789639187391, 'epoch': 0.16}
{'loss': 5.2899, 'grad_norm': 2.3228421211242676, 'learning_rate': 0.0009569035666828525, 'epoch': 0.16}
{'loss': 5.2656, 'grad_norm': 2.3378148078918457, 'learning_rate': 0.000956828106410925, 'epoch': 0.16}
{'loss': 5.2162, 'grad_norm': 2.29500150680542, 'learning_rate': 0.0009567525831133677, 'epoch': 0.16}
{'loss': 5.1375, 'grad_norm': 2.341569423675537, 'learning_rate': 0.0009566769968005998, 'epoch': 0.16}
{'loss': 5.1255, 'grad_norm': 2.2767527103424072, 'learning_rate': 0.0009566013474830497, 'epoch': 0.16}
{'loss': 5.2857, 'grad_norm': 2.4400649070739746, 'learning_rate': 0.0009565256351711542, 'epoch': 0.16}
{'loss': 5.2078, 'grad_norm': 2.1602652072906494, 'learning_rate': 0.0009564498598753588, 'epoch': 0.16}
{'loss': 5.0829, 'grad_norm': 2.112649440765381, 'learning_rate': 0.0009563740216061179, 'epoch': 0.16}
{'loss': 5.155, 'grad_norm': 2.5947117805480957, 'learning_rate': 0.0009562981203738941, 'epoch': 0.16}
{'loss': 5.2823, 'grad_norm': 2.369154453277588, 'learning_rate': 0.0009562221561891591, 'epoch': 0.16}
{'loss': 5.2485, 'grad_norm': 2.46873140335083, 'learning_rate': 0.0009561461290623932, 'epoch': 0.16}
{'loss': 5.2625, 'grad_norm': 2.239952802658081, 'learning_rate': 0.0009560700390040855, 'epoch': 0.16}
{'loss': 5.3694, 'grad_norm': 2.355074644088745, 'learning_rate': 0.0009559938860247337, 'epoch': 0.16}
{'loss': 5.1871, 'grad_norm': 2.3436272144317627, 'learning_rate': 0.0009559176701348439, 'epoch': 0.16}
{'loss': 5.0927, 'grad_norm': 2.193742275238037, 'learning_rate': 0.0009558413913449312, 'epoch': 0.16}
{'loss': 5.4739, 'grad_norm': 2.5979719161987305, 'learning_rate': 0.0009557650496655193, 'epoch': 0.16}
{'loss': 5.3893, 'grad_norm': 2.6309471130371094, 'learning_rate': 0.0009556886451071407, 'epoch': 0.16}
{'loss': 5.2285, 'grad_norm': 2.4444847106933594, 'learning_rate': 0.0009556121776803363, 'epoch': 0.16}
{'loss': 5.2761, 'grad_norm': 1.9199901819229126, 'learning_rate': 0.0009555356473956558, 'epoch': 0.16}
{'loss': 4.9819, 'grad_norm': 1.8087387084960938, 'learning_rate': 0.0009554590542636577, 'epoch': 0.16}
{'loss': 5.1506, 'grad_norm': 2.0619776248931885, 'learning_rate': 0.0009553823982949089, 'epoch': 0.16}
{'loss': 5.4138, 'grad_norm': 2.000729560852051, 'learning_rate': 0.0009553056794999853, 'epoch': 0.16}
{'loss': 5.2429, 'grad_norm': 2.3250882625579834, 'learning_rate': 0.0009552288978894712, 'epoch': 0.16}
{'loss': 5.2069, 'grad_norm': 2.0295889377593994, 'learning_rate': 0.0009551520534739598, 'epoch': 0.16}
{'loss': 5.3328, 'grad_norm': 2.373577356338501, 'learning_rate': 0.0009550751462640525, 'epoch': 0.16}
{'loss': 5.4905, 'grad_norm': 2.1212072372436523, 'learning_rate': 0.0009549981762703602, 'epoch': 0.16}
{'loss': 4.9841, 'grad_norm': 1.9533106088638306, 'learning_rate': 0.0009549211435035015, 'epoch': 0.16}
{'loss': 5.1602, 'grad_norm': 2.1584815979003906, 'learning_rate': 0.0009548440479741043, 'epoch': 0.16}
{'loss': 5.2704, 'grad_norm': 2.126535654067993, 'learning_rate': 0.000954766889692805, 'epoch': 0.16}
{'loss': 5.1784, 'grad_norm': 2.285676956176758, 'learning_rate': 0.0009546896686702485, 'epoch': 0.16}
{'loss': 4.9628, 'grad_norm': 2.495065927505493, 'learning_rate': 0.0009546123849170887, 'epoch': 0.16}
{'loss': 5.4389, 'grad_norm': 2.3517115116119385, 'learning_rate': 0.0009545350384439877, 'epoch': 0.16}
{'loss': 5.4211, 'grad_norm': 2.1769142150878906, 'learning_rate': 0.0009544576292616167, 'epoch': 0.16}
{'loss': 5.1694, 'grad_norm': 2.4176011085510254, 'learning_rate': 0.0009543801573806552, 'epoch': 0.16}
{'loss': 5.3714, 'grad_norm': 2.136630058288574, 'learning_rate': 0.0009543026228117916, 'epoch': 0.16}
{'loss': 5.3525, 'grad_norm': 2.207014560699463, 'learning_rate': 0.0009542250255657228, 'epoch': 0.16}
{'loss': 5.4314, 'grad_norm': 2.2027127742767334, 'learning_rate': 0.0009541473656531543, 'epoch': 0.16}
{'loss': 5.0787, 'grad_norm': 2.11505389213562, 'learning_rate': 0.0009540696430848005, 'epoch': 0.16}
{'loss': 4.9645, 'grad_norm': 2.169562339782715, 'learning_rate': 0.0009539918578713842, 'epoch': 0.16}
{'loss': 5.1893, 'grad_norm': 2.5276730060577393, 'learning_rate': 0.0009539140100236369, 'epoch': 0.16}
{'loss': 4.9144, 'grad_norm': 1.8831597566604614, 'learning_rate': 0.0009538360995522988, 'epoch': 0.16}
{'loss': 5.1901, 'grad_norm': 2.019472122192383, 'learning_rate': 0.0009537581264681187, 'epoch': 0.16}
{'loss': 5.2976, 'grad_norm': 2.232931137084961, 'learning_rate': 0.0009536800907818541, 'epoch': 0.16}
{'loss': 5.2844, 'grad_norm': 2.2088398933410645, 'learning_rate': 0.0009536019925042709, 'epoch': 0.17}
{'loss': 5.287, 'grad_norm': 2.1463820934295654, 'learning_rate': 0.000953523831646144, 'epoch': 0.17}
{'loss': 5.2541, 'grad_norm': 2.114539623260498, 'learning_rate': 0.0009534456082182569, 'epoch': 0.17}
{'loss': 5.0104, 'grad_norm': 2.0814671516418457, 'learning_rate': 0.0009533673222314012, 'epoch': 0.17}
{'loss': 5.311, 'grad_norm': 1.830373764038086, 'learning_rate': 0.0009532889736963777, 'epoch': 0.17}
{'loss': 4.8788, 'grad_norm': 2.4214751720428467, 'learning_rate': 0.0009532105626239956, 'epoch': 0.17}
{'loss': 5.258, 'grad_norm': 1.8272374868392944, 'learning_rate': 0.000953132089025073, 'epoch': 0.17}
{'loss': 5.2212, 'grad_norm': 2.7691409587860107, 'learning_rate': 0.000953053552910436, 'epoch': 0.17}
{'loss': 5.3876, 'grad_norm': 2.1387205123901367, 'learning_rate': 0.0009529749542909199, 'epoch': 0.17}
{'loss': 5.3147, 'grad_norm': 2.4424898624420166, 'learning_rate': 0.0009528962931773686, 'epoch': 0.17}
{'loss': 5.1215, 'grad_norm': 2.257294178009033, 'learning_rate': 0.0009528175695806343, 'epoch': 0.17}
{'loss': 5.1073, 'grad_norm': 2.671135187149048, 'learning_rate': 0.000952738783511578, 'epoch': 0.17}
{'loss': 5.1693, 'grad_norm': 2.18499493598938, 'learning_rate': 0.0009526599349810693, 'epoch': 0.17}
{'loss': 5.2075, 'grad_norm': 2.307070255279541, 'learning_rate': 0.0009525810239999863, 'epoch': 0.17}
{'loss': 5.1725, 'grad_norm': 2.044928550720215, 'learning_rate': 0.0009525020505792163, 'epoch': 0.17}
{'loss': 5.1102, 'grad_norm': 2.546266794204712, 'learning_rate': 0.0009524230147296543, 'epoch': 0.17}
{'loss': 5.4155, 'grad_norm': 2.1485049724578857, 'learning_rate': 0.0009523439164622045, 'epoch': 0.17}
{'loss': 5.2254, 'grad_norm': 2.407691240310669, 'learning_rate': 0.0009522647557877797, 'epoch': 0.17}
{'loss': 5.3306, 'grad_norm': 1.955068588256836, 'learning_rate': 0.0009521855327173009, 'epoch': 0.17}
{'loss': 5.1442, 'grad_norm': 2.3354742527008057, 'learning_rate': 0.0009521062472616984, 'epoch': 0.17}
{'loss': 5.2188, 'grad_norm': 2.3136684894561768, 'learning_rate': 0.0009520268994319103, 'epoch': 0.17}
{'loss': 5.3522, 'grad_norm': 2.2444851398468018, 'learning_rate': 0.0009519474892388839, 'epoch': 0.17}
{'loss': 5.2984, 'grad_norm': 2.469759464263916, 'learning_rate': 0.0009518680166935749, 'epoch': 0.17}
{'loss': 5.1159, 'grad_norm': 2.1472561359405518, 'learning_rate': 0.0009517884818069476, 'epoch': 0.17}
{'loss': 5.468, 'grad_norm': 2.6103715896606445, 'learning_rate': 0.0009517088845899751, 'epoch': 0.17}
{'loss': 5.0856, 'grad_norm': 2.4169721603393555, 'learning_rate': 0.0009516292250536384, 'epoch': 0.17}
{'loss': 5.3807, 'grad_norm': 2.4121909141540527, 'learning_rate': 0.0009515495032089283, 'epoch': 0.17}
{'loss': 5.4935, 'grad_norm': 2.6634223461151123, 'learning_rate': 0.0009514697190668431, 'epoch': 0.17}
{'loss': 5.3823, 'grad_norm': 2.221505880355835, 'learning_rate': 0.00095138987263839, 'epoch': 0.17}
{'loss': 5.3099, 'grad_norm': 2.787708044052124, 'learning_rate': 0.0009513099639345853, 'epoch': 0.17}
{'loss': 5.3022, 'grad_norm': 2.2557120323181152, 'learning_rate': 0.0009512299929664529, 'epoch': 0.17}
{'loss': 5.2441, 'grad_norm': 2.290764093399048, 'learning_rate': 0.0009511499597450266, 'epoch': 0.17}
{'loss': 5.2497, 'grad_norm': 2.810265064239502, 'learning_rate': 0.0009510698642813476, 'epoch': 0.17}
{'loss': 5.1603, 'grad_norm': 2.3660287857055664, 'learning_rate': 0.0009509897065864663, 'epoch': 0.17}
{'loss': 5.2633, 'grad_norm': 2.4916038513183594, 'learning_rate': 0.0009509094866714414, 'epoch': 0.17}
{'loss': 5.2783, 'grad_norm': 2.4803645610809326, 'learning_rate': 0.0009508292045473404, 'epoch': 0.17}
{'loss': 4.9814, 'grad_norm': 2.150881767272949, 'learning_rate': 0.0009507488602252394, 'epoch': 0.17}
{'loss': 5.2141, 'grad_norm': 2.6439311504364014, 'learning_rate': 0.0009506684537162229, 'epoch': 0.17}
{'loss': 5.2199, 'grad_norm': 2.2233850955963135, 'learning_rate': 0.0009505879850313841, 'epoch': 0.17}
{'loss': 5.172, 'grad_norm': 2.6677675247192383, 'learning_rate': 0.0009505074541818247, 'epoch': 0.17}
{'loss': 5.2546, 'grad_norm': 2.138960123062134, 'learning_rate': 0.0009504268611786551, 'epoch': 0.17}
{'loss': 5.3096, 'grad_norm': 2.1439335346221924, 'learning_rate': 0.0009503462060329942, 'epoch': 0.17}
{'loss': 5.2585, 'grad_norm': 2.505260944366455, 'learning_rate': 0.0009502654887559693, 'epoch': 0.17}
{'loss': 5.0268, 'grad_norm': 1.7767446041107178, 'learning_rate': 0.0009501847093587166, 'epoch': 0.17}
{'loss': 5.1155, 'grad_norm': 2.5991861820220947, 'learning_rate': 0.0009501038678523808, 'epoch': 0.17}
{'loss': 5.0848, 'grad_norm': 2.065326690673828, 'learning_rate': 0.0009500229642481149, 'epoch': 0.17}
{'loss': 5.2321, 'grad_norm': 2.2577717304229736, 'learning_rate': 0.0009499419985570805, 'epoch': 0.17}
{'loss': 5.2569, 'grad_norm': 2.3930792808532715, 'learning_rate': 0.0009498609707904484, 'epoch': 0.17}
{'loss': 5.0995, 'grad_norm': 2.1820662021636963, 'learning_rate': 0.0009497798809593971, 'epoch': 0.17}
{'loss': 5.4274, 'grad_norm': 2.535259485244751, 'learning_rate': 0.0009496987290751141, 'epoch': 0.17}
{'loss': 5.0868, 'grad_norm': 2.5743889808654785, 'learning_rate': 0.0009496175151487956, 'epoch': 0.17}
{'loss': 5.338, 'grad_norm': 2.220432996749878, 'learning_rate': 0.0009495362391916458, 'epoch': 0.17}
{'loss': 5.5873, 'grad_norm': 2.5726380348205566, 'learning_rate': 0.0009494549012148781, 'epoch': 0.17}
{'loss': 5.2417, 'grad_norm': 1.8188718557357788, 'learning_rate': 0.0009493735012297142, 'epoch': 0.17}
{'loss': 5.1099, 'grad_norm': 2.45088791847229, 'learning_rate': 0.0009492920392473842, 'epoch': 0.17}
{'loss': 5.1259, 'grad_norm': 1.8849308490753174, 'learning_rate': 0.0009492105152791268, 'epoch': 0.17}
{'loss': 4.9657, 'grad_norm': 2.5336694717407227, 'learning_rate': 0.0009491289293361896, 'epoch': 0.17}
{'loss': 5.2749, 'grad_norm': 2.2550859451293945, 'learning_rate': 0.0009490472814298283, 'epoch': 0.17}
{'loss': 5.2659, 'grad_norm': 1.911808967590332, 'learning_rate': 0.0009489655715713075, 'epoch': 0.17}
{'loss': 5.22, 'grad_norm': 2.4281249046325684, 'learning_rate': 0.0009488837997718998, 'epoch': 0.17}
{'loss': 5.0397, 'grad_norm': 2.149134397506714, 'learning_rate': 0.0009488019660428873, 'epoch': 0.17}
{'loss': 5.2988, 'grad_norm': 2.1300125122070312, 'learning_rate': 0.0009487200703955595, 'epoch': 0.17}
{'loss': 5.0896, 'grad_norm': 2.106487274169922, 'learning_rate': 0.0009486381128412153, 'epoch': 0.17}
{'loss': 5.1309, 'grad_norm': 2.1451032161712646, 'learning_rate': 0.000948556093391162, 'epoch': 0.17}
{'loss': 5.1958, 'grad_norm': 2.194270610809326, 'learning_rate': 0.000948474012056715, 'epoch': 0.17}
{'loss': 5.1864, 'grad_norm': 2.014329671859741, 'learning_rate': 0.0009483918688491988, 'epoch': 0.17}
{'loss': 5.0369, 'grad_norm': 1.9891327619552612, 'learning_rate': 0.0009483096637799459, 'epoch': 0.17}
{'loss': 5.1012, 'grad_norm': 2.006251096725464, 'learning_rate': 0.0009482273968602977, 'epoch': 0.17}
{'loss': 5.1228, 'grad_norm': 2.0271365642547607, 'learning_rate': 0.0009481450681016042, 'epoch': 0.17}
{'loss': 5.1703, 'grad_norm': 2.220137596130371, 'learning_rate': 0.0009480626775152236, 'epoch': 0.17}
{'loss': 4.9368, 'grad_norm': 2.1081645488739014, 'learning_rate': 0.0009479802251125228, 'epoch': 0.17}
{'loss': 5.2393, 'grad_norm': 2.1576831340789795, 'learning_rate': 0.0009478977109048772, 'epoch': 0.17}
{'loss': 5.3647, 'grad_norm': 2.4677276611328125, 'learning_rate': 0.000947815134903671, 'epoch': 0.17}
{'loss': 5.2311, 'grad_norm': 2.1511764526367188, 'learning_rate': 0.0009477324971202963, 'epoch': 0.17}
{'loss': 5.4039, 'grad_norm': 2.0784809589385986, 'learning_rate': 0.0009476497975661545, 'epoch': 0.17}
{'loss': 5.1113, 'grad_norm': 2.0282254219055176, 'learning_rate': 0.0009475670362526547, 'epoch': 0.17}
{'loss': 5.1682, 'grad_norm': 2.1584856510162354, 'learning_rate': 0.0009474842131912154, 'epoch': 0.17}
{'loss': 5.0469, 'grad_norm': 1.9790583848953247, 'learning_rate': 0.0009474013283932627, 'epoch': 0.17}
{'loss': 5.0312, 'grad_norm': 2.132517099380493, 'learning_rate': 0.0009473183818702321, 'epoch': 0.17}
{'loss': 5.3329, 'grad_norm': 2.0458061695098877, 'learning_rate': 0.000947235373633567, 'epoch': 0.17}
{'loss': 4.9974, 'grad_norm': 2.1268253326416016, 'learning_rate': 0.0009471523036947194, 'epoch': 0.17}
{'loss': 5.2638, 'grad_norm': 2.2575724124908447, 'learning_rate': 0.00094706917206515, 'epoch': 0.17}
{'loss': 5.0973, 'grad_norm': 2.3838579654693604, 'learning_rate': 0.0009469859787563282, 'epoch': 0.17}
{'loss': 5.1803, 'grad_norm': 2.264436721801758, 'learning_rate': 0.0009469027237797314, 'epoch': 0.17}
{'loss': 5.2447, 'grad_norm': 2.1611032485961914, 'learning_rate': 0.0009468194071468456, 'epoch': 0.17}
{'loss': 5.1156, 'grad_norm': 2.1313178539276123, 'learning_rate': 0.0009467360288691657, 'epoch': 0.17}
{'loss': 5.2319, 'grad_norm': 2.124450206756592, 'learning_rate': 0.0009466525889581949, 'epoch': 0.17}
{'loss': 5.1217, 'grad_norm': 2.2497384548187256, 'learning_rate': 0.0009465690874254447, 'epoch': 0.17}
{'loss': 5.0139, 'grad_norm': 1.8641290664672852, 'learning_rate': 0.0009464855242824354, 'epoch': 0.18}
{'loss': 5.4599, 'grad_norm': 2.406963586807251, 'learning_rate': 0.0009464018995406955, 'epoch': 0.18}
{'loss': 5.4848, 'grad_norm': 2.383727788925171, 'learning_rate': 0.0009463182132117624, 'epoch': 0.18}
{'loss': 5.1096, 'grad_norm': 2.056471347808838, 'learning_rate': 0.0009462344653071815, 'epoch': 0.18}
{'loss': 4.9986, 'grad_norm': 1.8655574321746826, 'learning_rate': 0.0009461506558385071, 'epoch': 0.18}
{'loss': 5.2404, 'grad_norm': 2.0573720932006836, 'learning_rate': 0.000946066784817302, 'epoch': 0.18}
{'loss': 5.044, 'grad_norm': 2.105933666229248, 'learning_rate': 0.0009459828522551371, 'epoch': 0.18}
{'loss': 5.3312, 'grad_norm': 2.112077236175537, 'learning_rate': 0.0009458988581635921, 'epoch': 0.18}
{'loss': 5.3031, 'grad_norm': 1.9647399187088013, 'learning_rate': 0.0009458148025542553, 'epoch': 0.18}
{'loss': 5.329, 'grad_norm': 2.0481128692626953, 'learning_rate': 0.0009457306854387229, 'epoch': 0.18}
{'loss': 5.1552, 'grad_norm': 2.1864066123962402, 'learning_rate': 0.0009456465068286004, 'epoch': 0.18}
{'loss': 5.339, 'grad_norm': 2.145272731781006, 'learning_rate': 0.0009455622667355013, 'epoch': 0.18}
{'loss': 5.126, 'grad_norm': 2.049868583679199, 'learning_rate': 0.0009454779651710475, 'epoch': 0.18}
{'loss': 5.3851, 'grad_norm': 2.024360179901123, 'learning_rate': 0.0009453936021468697, 'epoch': 0.18}
{'loss': 5.2811, 'grad_norm': 2.093534469604492, 'learning_rate': 0.0009453091776746068, 'epoch': 0.18}
{'loss': 4.9919, 'grad_norm': 2.157219648361206, 'learning_rate': 0.0009452246917659063, 'epoch': 0.18}
{'loss': 5.017, 'grad_norm': 1.9627606868743896, 'learning_rate': 0.0009451401444324244, 'epoch': 0.18}
{'loss': 5.2554, 'grad_norm': 2.163724422454834, 'learning_rate': 0.0009450555356858252, 'epoch': 0.18}
{'loss': 5.1609, 'grad_norm': 2.1740827560424805, 'learning_rate': 0.000944970865537782, 'epoch': 0.18}
{'loss': 5.1954, 'grad_norm': 2.519805908203125, 'learning_rate': 0.0009448861339999761, 'epoch': 0.18}
{'loss': 5.2423, 'grad_norm': 2.004333019256592, 'learning_rate': 0.0009448013410840969, 'epoch': 0.18}
{'loss': 4.8733, 'grad_norm': 2.1760306358337402, 'learning_rate': 0.0009447164868018434, 'epoch': 0.18}
{'loss': 5.3661, 'grad_norm': 2.0269055366516113, 'learning_rate': 0.0009446315711649221, 'epoch': 0.18}
{'loss': 5.1993, 'grad_norm': 2.109426498413086, 'learning_rate': 0.0009445465941850482, 'epoch': 0.18}
{'loss': 4.9153, 'grad_norm': 2.1589713096618652, 'learning_rate': 0.0009444615558739456, 'epoch': 0.18}
{'loss': 5.3815, 'grad_norm': 1.9984633922576904, 'learning_rate': 0.0009443764562433463, 'epoch': 0.18}
{'loss': 5.0767, 'grad_norm': 2.0280003547668457, 'learning_rate': 0.0009442912953049911, 'epoch': 0.18}
{'loss': 5.2006, 'grad_norm': 2.0164527893066406, 'learning_rate': 0.0009442060730706289, 'epoch': 0.18}
{'loss': 5.2542, 'grad_norm': 1.9634177684783936, 'learning_rate': 0.0009441207895520174, 'epoch': 0.18}
{'loss': 5.3381, 'grad_norm': 2.232759714126587, 'learning_rate': 0.0009440354447609227, 'epoch': 0.18}
{'loss': 5.1985, 'grad_norm': 2.079817056655884, 'learning_rate': 0.0009439500387091192, 'epoch': 0.18}
{'loss': 5.1456, 'grad_norm': 2.0980615615844727, 'learning_rate': 0.0009438645714083898, 'epoch': 0.18}
{'loss': 5.2148, 'grad_norm': 2.131086587905884, 'learning_rate': 0.0009437790428705259, 'epoch': 0.18}
{'loss': 4.9631, 'grad_norm': 1.9609185457229614, 'learning_rate': 0.0009436934531073273, 'epoch': 0.18}
{'loss': 5.4333, 'grad_norm': 2.0833640098571777, 'learning_rate': 0.0009436078021306021, 'epoch': 0.18}
{'loss': 5.0302, 'grad_norm': 2.124842643737793, 'learning_rate': 0.0009435220899521675, 'epoch': 0.18}
{'loss': 5.1747, 'grad_norm': 2.105358600616455, 'learning_rate': 0.000943436316583848, 'epoch': 0.18}
{'loss': 5.3926, 'grad_norm': 2.1797971725463867, 'learning_rate': 0.0009433504820374778, 'epoch': 0.18}
{'loss': 5.3203, 'grad_norm': 2.275982141494751, 'learning_rate': 0.0009432645863248985, 'epoch': 0.18}
{'loss': 5.0882, 'grad_norm': 2.1375739574432373, 'learning_rate': 0.0009431786294579609, 'epoch': 0.18}
{'loss': 5.5177, 'grad_norm': 2.109464168548584, 'learning_rate': 0.0009430926114485237, 'epoch': 0.18}
{'loss': 5.2632, 'grad_norm': 1.8879889249801636, 'learning_rate': 0.0009430065323084545, 'epoch': 0.18}
{'loss': 5.1393, 'grad_norm': 1.853933572769165, 'learning_rate': 0.0009429203920496286, 'epoch': 0.18}
{'loss': 5.4022, 'grad_norm': 2.0638768672943115, 'learning_rate': 0.0009428341906839308, 'epoch': 0.18}
{'loss': 5.3052, 'grad_norm': 1.867197871208191, 'learning_rate': 0.0009427479282232534, 'epoch': 0.18}
{'loss': 5.3116, 'grad_norm': 1.8914239406585693, 'learning_rate': 0.0009426616046794974, 'epoch': 0.18}
{'loss': 5.4843, 'grad_norm': 1.9617758989334106, 'learning_rate': 0.0009425752200645725, 'epoch': 0.18}
{'loss': 5.3124, 'grad_norm': 2.052717685699463, 'learning_rate': 0.0009424887743903968, 'epoch': 0.18}
{'loss': 5.2879, 'grad_norm': 2.09608793258667, 'learning_rate': 0.0009424022676688961, 'epoch': 0.18}
{'loss': 5.1887, 'grad_norm': 1.852393388748169, 'learning_rate': 0.0009423156999120057, 'epoch': 0.18}
{'loss': 5.0435, 'grad_norm': 1.9032514095306396, 'learning_rate': 0.0009422290711316685, 'epoch': 0.18}
{'loss': 5.4943, 'grad_norm': 1.9451056718826294, 'learning_rate': 0.0009421423813398364, 'epoch': 0.18}
{'loss': 5.2487, 'grad_norm': 2.213029384613037, 'learning_rate': 0.0009420556305484691, 'epoch': 0.18}
{'loss': 5.1736, 'grad_norm': 2.1322460174560547, 'learning_rate': 0.0009419688187695352, 'epoch': 0.18}
{'loss': 5.1142, 'grad_norm': 2.0454142093658447, 'learning_rate': 0.0009418819460150117, 'epoch': 0.18}
{'loss': 5.0715, 'grad_norm': 1.831760048866272, 'learning_rate': 0.0009417950122968836, 'epoch': 0.18}
{'loss': 5.1918, 'grad_norm': 2.2676589488983154, 'learning_rate': 0.0009417080176271447, 'epoch': 0.18}
{'loss': 5.1234, 'grad_norm': 2.219789743423462, 'learning_rate': 0.0009416209620177971, 'epoch': 0.18}
{'loss': 5.5874, 'grad_norm': 2.146984100341797, 'learning_rate': 0.0009415338454808515, 'epoch': 0.18}
{'loss': 4.9863, 'grad_norm': 2.0672502517700195, 'learning_rate': 0.0009414466680283264, 'epoch': 0.18}
{'loss': 5.0219, 'grad_norm': 2.236636161804199, 'learning_rate': 0.0009413594296722494, 'epoch': 0.18}
{'loss': 5.0762, 'grad_norm': 2.120353937149048, 'learning_rate': 0.0009412721304246564, 'epoch': 0.18}
{'loss': 4.7821, 'grad_norm': 2.20755934715271, 'learning_rate': 0.0009411847702975909, 'epoch': 0.18}
{'loss': 5.3681, 'grad_norm': 2.0547282695770264, 'learning_rate': 0.0009410973493031059, 'epoch': 0.18}
{'loss': 5.1241, 'grad_norm': 2.0938451290130615, 'learning_rate': 0.0009410098674532621, 'epoch': 0.18}
{'loss': 5.0836, 'grad_norm': 2.0256214141845703, 'learning_rate': 0.000940922324760129, 'epoch': 0.18}
{'loss': 5.1472, 'grad_norm': 2.0002338886260986, 'learning_rate': 0.0009408347212357842, 'epoch': 0.18}
{'loss': 4.9491, 'grad_norm': 1.9011574983596802, 'learning_rate': 0.0009407470568923138, 'epoch': 0.18}
{'loss': 5.5093, 'grad_norm': 2.0715854167938232, 'learning_rate': 0.0009406593317418121, 'epoch': 0.18}
{'loss': 5.1794, 'grad_norm': 2.100867986679077, 'learning_rate': 0.0009405715457963823, 'epoch': 0.18}
{'loss': 5.362, 'grad_norm': 2.324237108230591, 'learning_rate': 0.0009404836990681355, 'epoch': 0.18}
{'loss': 5.0962, 'grad_norm': 2.1086761951446533, 'learning_rate': 0.0009403957915691913, 'epoch': 0.18}
{'loss': 5.0636, 'grad_norm': 2.128075361251831, 'learning_rate': 0.0009403078233116778, 'epoch': 0.18}
{'loss': 5.0719, 'grad_norm': 2.1038622856140137, 'learning_rate': 0.0009402197943077314, 'epoch': 0.18}
{'loss': 5.1912, 'grad_norm': 2.392047643661499, 'learning_rate': 0.0009401317045694968, 'epoch': 0.18}
{'loss': 5.0412, 'grad_norm': 1.9713011980056763, 'learning_rate': 0.0009400435541091275, 'epoch': 0.18}
{'loss': 5.0026, 'grad_norm': 1.975137710571289, 'learning_rate': 0.0009399553429387846, 'epoch': 0.18}
{'loss': 5.2211, 'grad_norm': 2.0450878143310547, 'learning_rate': 0.0009398670710706382, 'epoch': 0.18}
{'loss': 5.0615, 'grad_norm': 2.1689159870147705, 'learning_rate': 0.0009397787385168669, 'epoch': 0.18}
{'loss': 5.4364, 'grad_norm': 2.2971575260162354, 'learning_rate': 0.000939690345289657, 'epoch': 0.18}
{'loss': 5.1393, 'grad_norm': 2.3247594833374023, 'learning_rate': 0.0009396018914012037, 'epoch': 0.18}
{'loss': 5.321, 'grad_norm': 2.223597764968872, 'learning_rate': 0.0009395133768637103, 'epoch': 0.18}
{'loss': 4.9709, 'grad_norm': 2.3490967750549316, 'learning_rate': 0.0009394248016893886, 'epoch': 0.18}
{'loss': 5.0822, 'grad_norm': 2.2426602840423584, 'learning_rate': 0.0009393361658904588, 'epoch': 0.18}
{'loss': 5.7076, 'grad_norm': 2.589808464050293, 'learning_rate': 0.0009392474694791495, 'epoch': 0.18}
{'loss': 5.0654, 'grad_norm': 2.4618754386901855, 'learning_rate': 0.0009391587124676974, 'epoch': 0.18}
{'loss': 5.1364, 'grad_norm': 2.695711135864258, 'learning_rate': 0.000939069894868348, 'epoch': 0.18}
{'loss': 5.3364, 'grad_norm': 2.5235326290130615, 'learning_rate': 0.0009389810166933546, 'epoch': 0.19}
{'loss': 5.2949, 'grad_norm': 2.455623149871826, 'learning_rate': 0.0009388920779549793, 'epoch': 0.19}
{'loss': 5.1404, 'grad_norm': 1.8770906925201416, 'learning_rate': 0.0009388030786654922, 'epoch': 0.19}
{'loss': 5.174, 'grad_norm': 3.014709711074829, 'learning_rate': 0.0009387140188371723, 'epoch': 0.19}
{'loss': 5.2952, 'grad_norm': 2.194840908050537, 'learning_rate': 0.0009386248984823062, 'epoch': 0.19}
{'loss': 5.4016, 'grad_norm': 2.086571216583252, 'learning_rate': 0.0009385357176131897, 'epoch': 0.19}
{'loss': 5.3552, 'grad_norm': 2.4809536933898926, 'learning_rate': 0.0009384464762421264, 'epoch': 0.19}
{'loss': 5.2929, 'grad_norm': 1.945754885673523, 'learning_rate': 0.0009383571743814279, 'epoch': 0.19}
{'loss': 5.1483, 'grad_norm': 2.4080872535705566, 'learning_rate': 0.0009382678120434153, 'epoch': 0.19}
{'loss': 5.1318, 'grad_norm': 2.4462523460388184, 'learning_rate': 0.0009381783892404167, 'epoch': 0.19}
{'loss': 5.2803, 'grad_norm': 2.054123878479004, 'learning_rate': 0.0009380889059847697, 'epoch': 0.19}
{'loss': 5.1841, 'grad_norm': 2.4593546390533447, 'learning_rate': 0.0009379993622888195, 'epoch': 0.19}
{'loss': 5.2515, 'grad_norm': 2.087326765060425, 'learning_rate': 0.0009379097581649199, 'epoch': 0.19}
{'loss': 5.2668, 'grad_norm': 2.83664870262146, 'learning_rate': 0.0009378200936254329, 'epoch': 0.19}
{'loss': 4.9574, 'grad_norm': 2.087066888809204, 'learning_rate': 0.0009377303686827292, 'epoch': 0.19}
{'loss': 5.1776, 'grad_norm': 2.3173792362213135, 'learning_rate': 0.0009376405833491872, 'epoch': 0.19}
{'loss': 5.2246, 'grad_norm': 2.6302120685577393, 'learning_rate': 0.0009375507376371944, 'epoch': 0.19}
{'loss': 5.3893, 'grad_norm': 2.1558926105499268, 'learning_rate': 0.000937460831559146, 'epoch': 0.19}
{'loss': 5.2838, 'grad_norm': 2.2037947177886963, 'learning_rate': 0.0009373708651274457, 'epoch': 0.19}
{'loss': 4.9339, 'grad_norm': 2.2552249431610107, 'learning_rate': 0.0009372808383545057, 'epoch': 0.19}
{'loss': 5.1608, 'grad_norm': 2.3600423336029053, 'learning_rate': 0.0009371907512527464, 'epoch': 0.19}
{'loss': 5.2981, 'grad_norm': 2.5420637130737305, 'learning_rate': 0.0009371006038345966, 'epoch': 0.19}
{'loss': 5.0688, 'grad_norm': 2.167379379272461, 'learning_rate': 0.0009370103961124932, 'epoch': 0.19}
{'loss': 5.2838, 'grad_norm': 2.483414649963379, 'learning_rate': 0.0009369201280988818, 'epoch': 0.19}
{'loss': 5.1985, 'grad_norm': 2.058450698852539, 'learning_rate': 0.000936829799806216, 'epoch': 0.19}
{'loss': 5.3102, 'grad_norm': 2.332724094390869, 'learning_rate': 0.0009367394112469577, 'epoch': 0.19}
{'loss': 4.7547, 'grad_norm': 2.362600803375244, 'learning_rate': 0.0009366489624335774, 'epoch': 0.19}
{'loss': 5.1572, 'grad_norm': 2.358724594116211, 'learning_rate': 0.0009365584533785535, 'epoch': 0.19}
{'loss': 5.0227, 'grad_norm': 2.3466227054595947, 'learning_rate': 0.0009364678840943732, 'epoch': 0.19}
{'loss': 5.155, 'grad_norm': 2.375140905380249, 'learning_rate': 0.0009363772545935317, 'epoch': 0.19}
{'loss': 5.298, 'grad_norm': 2.129213809967041, 'learning_rate': 0.0009362865648885325, 'epoch': 0.19}
{'loss': 5.1316, 'grad_norm': 2.24617600440979, 'learning_rate': 0.0009361958149918875, 'epoch': 0.19}
{'loss': 5.1827, 'grad_norm': 2.115466833114624, 'learning_rate': 0.0009361050049161168, 'epoch': 0.19}
{'loss': 5.2086, 'grad_norm': 2.4041428565979004, 'learning_rate': 0.000936014134673749, 'epoch': 0.19}
{'loss': 5.2884, 'grad_norm': 2.243738889694214, 'learning_rate': 0.0009359232042773209, 'epoch': 0.19}
{'loss': 4.9884, 'grad_norm': 1.8811348676681519, 'learning_rate': 0.0009358322137393777, 'epoch': 0.19}
{'loss': 5.1403, 'grad_norm': 2.7219414710998535, 'learning_rate': 0.0009357411630724723, 'epoch': 0.19}
{'loss': 5.127, 'grad_norm': 1.9393593072891235, 'learning_rate': 0.0009356500522891669, 'epoch': 0.19}
{'loss': 5.1127, 'grad_norm': 2.485872507095337, 'learning_rate': 0.0009355588814020312, 'epoch': 0.19}
{'loss': 5.3572, 'grad_norm': 1.9841502904891968, 'learning_rate': 0.0009354676504236435, 'epoch': 0.19}
{'loss': 5.2359, 'grad_norm': 2.551889657974243, 'learning_rate': 0.0009353763593665902, 'epoch': 0.19}
{'loss': 5.2786, 'grad_norm': 1.9279736280441284, 'learning_rate': 0.0009352850082434666, 'epoch': 0.19}
{'loss': 5.44, 'grad_norm': 2.2286505699157715, 'learning_rate': 0.0009351935970668753, 'epoch': 0.19}
{'loss': 5.1888, 'grad_norm': 2.0867366790771484, 'learning_rate': 0.000935102125849428, 'epoch': 0.19}
{'loss': 5.3986, 'grad_norm': 2.117985725402832, 'learning_rate': 0.0009350105946037444, 'epoch': 0.19}
{'loss': 5.2809, 'grad_norm': 1.9512367248535156, 'learning_rate': 0.0009349190033424522, 'epoch': 0.19}
{'loss': 5.4981, 'grad_norm': 2.092716932296753, 'learning_rate': 0.0009348273520781881, 'epoch': 0.19}
{'loss': 5.2934, 'grad_norm': 1.8029993772506714, 'learning_rate': 0.0009347356408235964, 'epoch': 0.19}
{'loss': 5.2695, 'grad_norm': 2.0418214797973633, 'learning_rate': 0.0009346438695913296, 'epoch': 0.19}
{'loss': 5.4015, 'grad_norm': 2.137399196624756, 'learning_rate': 0.0009345520383940494, 'epoch': 0.19}
{'loss': 5.1836, 'grad_norm': 2.0506393909454346, 'learning_rate': 0.0009344601472444247, 'epoch': 0.19}
{'loss': 5.2589, 'grad_norm': 2.251187324523926, 'learning_rate': 0.0009343681961551332, 'epoch': 0.19}
{'loss': 5.4357, 'grad_norm': 1.993125319480896, 'learning_rate': 0.000934276185138861, 'epoch': 0.19}
{'loss': 5.347, 'grad_norm': 2.1252641677856445, 'learning_rate': 0.0009341841142083022, 'epoch': 0.19}
{'loss': 5.3052, 'grad_norm': 1.9674255847930908, 'learning_rate': 0.0009340919833761591, 'epoch': 0.19}
{'loss': 4.9951, 'grad_norm': 2.0836427211761475, 'learning_rate': 0.0009339997926551425, 'epoch': 0.19}
{'loss': 5.0996, 'grad_norm': 2.4516470432281494, 'learning_rate': 0.0009339075420579713, 'epoch': 0.19}
{'loss': 5.1401, 'grad_norm': 2.0288407802581787, 'learning_rate': 0.0009338152315973728, 'epoch': 0.19}
{'loss': 5.3772, 'grad_norm': 1.8960862159729004, 'learning_rate': 0.0009337228612860824, 'epoch': 0.19}
{'loss': 5.1671, 'grad_norm': 2.6376590728759766, 'learning_rate': 0.000933630431136844, 'epoch': 0.19}
{'loss': 4.9818, 'grad_norm': 2.3125557899475098, 'learning_rate': 0.0009335379411624093, 'epoch': 0.19}
{'loss': 5.3451, 'grad_norm': 2.1941123008728027, 'learning_rate': 0.0009334453913755387, 'epoch': 0.19}
{'loss': 4.9173, 'grad_norm': 2.20696759223938, 'learning_rate': 0.0009333527817890009, 'epoch': 0.19}
{'loss': 5.1798, 'grad_norm': 1.9746631383895874, 'learning_rate': 0.0009332601124155723, 'epoch': 0.19}
{'loss': 5.2468, 'grad_norm': 2.230818033218384, 'learning_rate': 0.0009331673832680381, 'epoch': 0.19}
{'loss': 5.0891, 'grad_norm': 2.071298599243164, 'learning_rate': 0.0009330745943591915, 'epoch': 0.19}
{'loss': 5.0451, 'grad_norm': 2.174246072769165, 'learning_rate': 0.0009329817457018339, 'epoch': 0.19}
{'loss': 5.1876, 'grad_norm': 2.081679105758667, 'learning_rate': 0.0009328888373087753, 'epoch': 0.19}
{'loss': 5.3633, 'grad_norm': 1.9423633813858032, 'learning_rate': 0.0009327958691928333, 'epoch': 0.19}
{'loss': 5.261, 'grad_norm': 2.1990609169006348, 'learning_rate': 0.0009327028413668344, 'epoch': 0.19}
{'loss': 5.2573, 'grad_norm': 2.231567859649658, 'learning_rate': 0.0009326097538436129, 'epoch': 0.19}
{'loss': 5.358, 'grad_norm': 2.3229994773864746, 'learning_rate': 0.0009325166066360116, 'epoch': 0.19}
{'loss': 5.3211, 'grad_norm': 2.3687336444854736, 'learning_rate': 0.0009324233997568812, 'epoch': 0.19}
{'loss': 5.2747, 'grad_norm': 2.1957921981811523, 'learning_rate': 0.0009323301332190812, 'epoch': 0.19}
{'loss': 5.1457, 'grad_norm': 2.6380765438079834, 'learning_rate': 0.0009322368070354786, 'epoch': 0.19}
{'loss': 5.1732, 'grad_norm': 2.0378613471984863, 'learning_rate': 0.0009321434212189492, 'epoch': 0.19}
{'loss': 5.1093, 'grad_norm': 2.20768404006958, 'learning_rate': 0.000932049975782377, 'epoch': 0.19}
{'loss': 4.9726, 'grad_norm': 2.416262626647949, 'learning_rate': 0.0009319564707386538, 'epoch': 0.19}
{'loss': 4.9632, 'grad_norm': 2.23934006690979, 'learning_rate': 0.0009318629061006802, 'epoch': 0.19}
{'loss': 5.1633, 'grad_norm': 2.414750337600708, 'learning_rate': 0.0009317692818813642, 'epoch': 0.19}
{'loss': 5.1922, 'grad_norm': 2.4121649265289307, 'learning_rate': 0.000931675598093623, 'epoch': 0.19}
{'loss': 5.0601, 'grad_norm': 2.2804014682769775, 'learning_rate': 0.0009315818547503814, 'epoch': 0.19}
{'loss': 5.1047, 'grad_norm': 2.670844554901123, 'learning_rate': 0.0009314880518645725, 'epoch': 0.19}
{'loss': 5.1419, 'grad_norm': 2.3032703399658203, 'learning_rate': 0.0009313941894491377, 'epoch': 0.19}
{'loss': 5.2719, 'grad_norm': 1.9139045476913452, 'learning_rate': 0.0009313002675170266, 'epoch': 0.19}
{'loss': 5.2233, 'grad_norm': 2.9155750274658203, 'learning_rate': 0.0009312062860811972, 'epoch': 0.19}
{'loss': 4.9955, 'grad_norm': 2.1353509426116943, 'learning_rate': 0.0009311122451546151, 'epoch': 0.19}
{'loss': 5.0963, 'grad_norm': 2.1677446365356445, 'learning_rate': 0.0009310181447502548, 'epoch': 0.2}
{'loss': 5.4199, 'grad_norm': 2.789614677429199, 'learning_rate': 0.0009309239848810988, 'epoch': 0.2}
{'loss': 5.2259, 'grad_norm': 2.0547759532928467, 'learning_rate': 0.0009308297655601376, 'epoch': 0.2}
{'loss': 5.3229, 'grad_norm': 2.545541286468506, 'learning_rate': 0.0009307354868003699, 'epoch': 0.2}
{'loss': 5.2862, 'grad_norm': 2.046255350112915, 'learning_rate': 0.0009306411486148029, 'epoch': 0.2}
{'loss': 5.0685, 'grad_norm': 2.1025450229644775, 'learning_rate': 0.000930546751016452, 'epoch': 0.2}
{'loss': 5.048, 'grad_norm': 2.2276670932769775, 'learning_rate': 0.0009304522940183404, 'epoch': 0.2}
{'loss': 5.0416, 'grad_norm': 2.2797305583953857, 'learning_rate': 0.0009303577776334997, 'epoch': 0.2}
{'loss': 5.1736, 'grad_norm': 2.097903251647949, 'learning_rate': 0.0009302632018749697, 'epoch': 0.2}
{'loss': 5.1553, 'grad_norm': 2.454233407974243, 'learning_rate': 0.0009301685667557986, 'epoch': 0.2}
{'loss': 5.4446, 'grad_norm': 2.0440831184387207, 'learning_rate': 0.0009300738722890425, 'epoch': 0.2}
{'loss': 5.0966, 'grad_norm': 2.472170352935791, 'learning_rate': 0.0009299791184877657, 'epoch': 0.2}
{'loss': 5.2446, 'grad_norm': 2.2625572681427, 'learning_rate': 0.0009298843053650407, 'epoch': 0.2}
{'loss': 5.3338, 'grad_norm': 2.204723358154297, 'learning_rate': 0.0009297894329339487, 'epoch': 0.2}
{'loss': 5.232, 'grad_norm': 2.236426591873169, 'learning_rate': 0.0009296945012075782, 'epoch': 0.2}
{'loss': 5.2046, 'grad_norm': 2.3326528072357178, 'learning_rate': 0.0009295995101990263, 'epoch': 0.2}
{'loss': 5.1083, 'grad_norm': 2.584603786468506, 'learning_rate': 0.0009295044599213987, 'epoch': 0.2}
{'loss': 5.0563, 'grad_norm': 1.9387215375900269, 'learning_rate': 0.0009294093503878085, 'epoch': 0.2}
{'loss': 5.1019, 'grad_norm': 2.1691949367523193, 'learning_rate': 0.0009293141816113775, 'epoch': 0.2}
{'loss': 5.3269, 'grad_norm': 2.067323684692383, 'learning_rate': 0.0009292189536052354, 'epoch': 0.2}
{'loss': 5.2625, 'grad_norm': 2.4125609397888184, 'learning_rate': 0.0009291236663825205, 'epoch': 0.2}
{'loss': 5.3216, 'grad_norm': 1.9561446905136108, 'learning_rate': 0.0009290283199563785, 'epoch': 0.2}
{'loss': 4.9999, 'grad_norm': 2.254258632659912, 'learning_rate': 0.000928932914339964, 'epoch': 0.2}
{'loss': 5.0961, 'grad_norm': 2.294055700302124, 'learning_rate': 0.0009288374495464396, 'epoch': 0.2}
{'loss': 5.1281, 'grad_norm': 2.1231892108917236, 'learning_rate': 0.000928741925588976, 'epoch': 0.2}
{'loss': 4.9044, 'grad_norm': 2.0528645515441895, 'learning_rate': 0.0009286463424807516, 'epoch': 0.2}
{'loss': 4.9644, 'grad_norm': 2.2280869483947754, 'learning_rate': 0.0009285507002349538, 'epoch': 0.2}
{'loss': 5.1317, 'grad_norm': 2.423490524291992, 'learning_rate': 0.0009284549988647776, 'epoch': 0.2}
{'loss': 5.4054, 'grad_norm': 2.3736965656280518, 'learning_rate': 0.0009283592383834263, 'epoch': 0.2}
{'loss': 5.3109, 'grad_norm': 2.4072489738464355, 'learning_rate': 0.0009282634188041112, 'epoch': 0.2}
{'loss': 5.3242, 'grad_norm': 2.034440755844116, 'learning_rate': 0.0009281675401400522, 'epoch': 0.2}
{'loss': 5.1282, 'grad_norm': 2.54384446144104, 'learning_rate': 0.000928071602404477, 'epoch': 0.2}
{'loss': 5.0699, 'grad_norm': 1.9236105680465698, 'learning_rate': 0.0009279756056106215, 'epoch': 0.2}
{'loss': 4.7935, 'grad_norm': 2.3364179134368896, 'learning_rate': 0.0009278795497717294, 'epoch': 0.2}
{'loss': 5.1394, 'grad_norm': 1.971685767173767, 'learning_rate': 0.0009277834349010535, 'epoch': 0.2}
{'loss': 5.2035, 'grad_norm': 2.3207688331604004, 'learning_rate': 0.0009276872610118536, 'epoch': 0.2}
{'loss': 4.9674, 'grad_norm': 2.037205457687378, 'learning_rate': 0.0009275910281173987, 'epoch': 0.2}
{'loss': 5.2654, 'grad_norm': 2.424736738204956, 'learning_rate': 0.000927494736230965, 'epoch': 0.2}
{'loss': 5.2175, 'grad_norm': 2.1647753715515137, 'learning_rate': 0.0009273983853658376, 'epoch': 0.2}
{'loss': 5.2962, 'grad_norm': 2.0997650623321533, 'learning_rate': 0.0009273019755353092, 'epoch': 0.2}
{'loss': 5.0411, 'grad_norm': 2.272845983505249, 'learning_rate': 0.0009272055067526808, 'epoch': 0.2}
{'loss': 5.3746, 'grad_norm': 2.141618490219116, 'learning_rate': 0.0009271089790312618, 'epoch': 0.2}
{'loss': 5.3387, 'grad_norm': 2.357330799102783, 'learning_rate': 0.0009270123923843693, 'epoch': 0.2}
{'loss': 5.1956, 'grad_norm': 1.8833287954330444, 'learning_rate': 0.0009269157468253288, 'epoch': 0.2}
{'loss': 5.2066, 'grad_norm': 2.0448756217956543, 'learning_rate': 0.0009268190423674741, 'epoch': 0.2}
{'loss': 5.1488, 'grad_norm': 2.190633535385132, 'learning_rate': 0.0009267222790241464, 'epoch': 0.2}
{'loss': 5.2809, 'grad_norm': 2.155777931213379, 'learning_rate': 0.0009266254568086959, 'epoch': 0.2}
{'loss': 4.9946, 'grad_norm': 2.1106815338134766, 'learning_rate': 0.0009265285757344805, 'epoch': 0.2}
{'loss': 5.2466, 'grad_norm': 2.041835308074951, 'learning_rate': 0.0009264316358148662, 'epoch': 0.2}
{'loss': 5.237, 'grad_norm': 1.8197373151779175, 'learning_rate': 0.000926334637063227, 'epoch': 0.2}
{'loss': 5.2846, 'grad_norm': 2.0783920288085938, 'learning_rate': 0.0009262375794929455, 'epoch': 0.2}
{'loss': 5.3976, 'grad_norm': 1.8989508152008057, 'learning_rate': 0.0009261404631174119, 'epoch': 0.2}
{'loss': 5.0908, 'grad_norm': 1.7932368516921997, 'learning_rate': 0.0009260432879500249, 'epoch': 0.2}
{'loss': 5.2901, 'grad_norm': 1.8109090328216553, 'learning_rate': 0.0009259460540041909, 'epoch': 0.2}
{'loss': 4.9342, 'grad_norm': 2.0617096424102783, 'learning_rate': 0.0009258487612933248, 'epoch': 0.2}
{'loss': 4.8798, 'grad_norm': 1.9586539268493652, 'learning_rate': 0.0009257514098308493, 'epoch': 0.2}
{'loss': 5.2711, 'grad_norm': 2.2540013790130615, 'learning_rate': 0.0009256539996301956, 'epoch': 0.2}
{'loss': 5.0332, 'grad_norm': 1.8543787002563477, 'learning_rate': 0.0009255565307048025, 'epoch': 0.2}
{'loss': 5.4607, 'grad_norm': 2.011260986328125, 'learning_rate': 0.0009254590030681174, 'epoch': 0.2}
{'loss': 5.0229, 'grad_norm': 2.160660743713379, 'learning_rate': 0.0009253614167335953, 'epoch': 0.2}
{'loss': 5.3667, 'grad_norm': 1.8877065181732178, 'learning_rate': 0.0009252637717146999, 'epoch': 0.2}
{'loss': 5.2208, 'grad_norm': 1.7990918159484863, 'learning_rate': 0.0009251660680249022, 'epoch': 0.2}
{'loss': 5.1456, 'grad_norm': 1.7325412034988403, 'learning_rate': 0.0009250683056776821, 'epoch': 0.2}
{'loss': 5.1737, 'grad_norm': 1.9544086456298828, 'learning_rate': 0.0009249704846865272, 'epoch': 0.2}
{'loss': 5.0279, 'grad_norm': 1.8691127300262451, 'learning_rate': 0.0009248726050649331, 'epoch': 0.2}
{'loss': 5.2645, 'grad_norm': 2.283221483230591, 'learning_rate': 0.0009247746668264036, 'epoch': 0.2}
{'loss': 5.2604, 'grad_norm': 2.044095754623413, 'learning_rate': 0.0009246766699844509, 'epoch': 0.2}
{'loss': 5.1875, 'grad_norm': 1.9565248489379883, 'learning_rate': 0.0009245786145525947, 'epoch': 0.2}
{'loss': 5.151, 'grad_norm': 1.9906647205352783, 'learning_rate': 0.0009244805005443632, 'epoch': 0.2}
{'loss': 5.0199, 'grad_norm': 2.213608503341675, 'learning_rate': 0.0009243823279732925, 'epoch': 0.2}
{'loss': 4.9365, 'grad_norm': 1.9143657684326172, 'learning_rate': 0.0009242840968529268, 'epoch': 0.2}
{'loss': 5.3363, 'grad_norm': 1.8991650342941284, 'learning_rate': 0.0009241858071968185, 'epoch': 0.2}
{'loss': 5.0419, 'grad_norm': 2.0684332847595215, 'learning_rate': 0.000924087459018528, 'epoch': 0.2}
{'loss': 5.1103, 'grad_norm': 2.0571725368499756, 'learning_rate': 0.0009239890523316237, 'epoch': 0.2}
{'loss': 5.2203, 'grad_norm': 2.4195938110351562, 'learning_rate': 0.0009238905871496822, 'epoch': 0.2}
{'loss': 5.2141, 'grad_norm': 1.9594900608062744, 'learning_rate': 0.000923792063486288, 'epoch': 0.2}
{'loss': 5.1335, 'grad_norm': 2.2835021018981934, 'learning_rate': 0.0009236934813550339, 'epoch': 0.2}
{'loss': 5.0497, 'grad_norm': 2.264524459838867, 'learning_rate': 0.0009235948407695208, 'epoch': 0.2}
{'loss': 5.0186, 'grad_norm': 1.8997400999069214, 'learning_rate': 0.000923496141743357, 'epoch': 0.2}
{'loss': 5.2274, 'grad_norm': 2.0623281002044678, 'learning_rate': 0.0009233973842901598, 'epoch': 0.2}
{'loss': 5.2274, 'grad_norm': 2.2174155712127686, 'learning_rate': 0.0009232985684235539, 'epoch': 0.2}
{'loss': 5.2918, 'grad_norm': 2.106062412261963, 'learning_rate': 0.0009231996941571723, 'epoch': 0.2}
{'loss': 5.3122, 'grad_norm': 2.2207627296447754, 'learning_rate': 0.0009231007615046563, 'epoch': 0.2}
{'loss': 5.159, 'grad_norm': 1.943725347518921, 'learning_rate': 0.0009230017704796547, 'epoch': 0.2}
{'loss': 5.0923, 'grad_norm': 2.1223056316375732, 'learning_rate': 0.0009229027210958249, 'epoch': 0.2}
{'loss': 5.2122, 'grad_norm': 2.13580322265625, 'learning_rate': 0.0009228036133668321, 'epoch': 0.2}
{'loss': 5.1577, 'grad_norm': 2.093405246734619, 'learning_rate': 0.0009227044473063492, 'epoch': 0.2}
{'loss': 5.4121, 'grad_norm': 1.9165576696395874, 'learning_rate': 0.0009226052229280578, 'epoch': 0.21}
{'loss': 5.3061, 'grad_norm': 1.7431954145431519, 'learning_rate': 0.0009225059402456473, 'epoch': 0.21}
{'loss': 5.1866, 'grad_norm': 1.9083834886550903, 'learning_rate': 0.0009224065992728148, 'epoch': 0.21}
{'loss': 4.7701, 'grad_norm': 2.0592405796051025, 'learning_rate': 0.0009223072000232661, 'epoch': 0.21}
{'loss': 5.22, 'grad_norm': 2.239762306213379, 'learning_rate': 0.0009222077425107143, 'epoch': 0.21}
{'loss': 5.3058, 'grad_norm': 2.19175386428833, 'learning_rate': 0.0009221082267488813, 'epoch': 0.21}
{'loss': 5.2099, 'grad_norm': 2.315467357635498, 'learning_rate': 0.0009220086527514964, 'epoch': 0.21}
{'loss': 5.2389, 'grad_norm': 1.9840550422668457, 'learning_rate': 0.000921909020532297, 'epoch': 0.21}
{'loss': 5.1738, 'grad_norm': 1.9014796018600464, 'learning_rate': 0.0009218093301050294, 'epoch': 0.21}
{'loss': 5.1743, 'grad_norm': 2.3485591411590576, 'learning_rate': 0.0009217095814834464, 'epoch': 0.21}
{'loss': 5.1092, 'grad_norm': 2.1473095417022705, 'learning_rate': 0.0009216097746813102, 'epoch': 0.21}
{'loss': 4.9879, 'grad_norm': 2.0666632652282715, 'learning_rate': 0.0009215099097123904, 'epoch': 0.21}
{'loss': 5.1095, 'grad_norm': 1.922697901725769, 'learning_rate': 0.0009214099865904648, 'epoch': 0.21}
{'loss': 5.2266, 'grad_norm': 2.1233179569244385, 'learning_rate': 0.0009213100053293189, 'epoch': 0.21}
{'loss': 5.094, 'grad_norm': 2.132544755935669, 'learning_rate': 0.0009212099659427467, 'epoch': 0.21}
{'loss': 5.0428, 'grad_norm': 1.8927175998687744, 'learning_rate': 0.0009211098684445498, 'epoch': 0.21}
{'loss': 5.1855, 'grad_norm': 2.240943431854248, 'learning_rate': 0.0009210097128485382, 'epoch': 0.21}
{'loss': 5.1365, 'grad_norm': 2.007957935333252, 'learning_rate': 0.0009209094991685296, 'epoch': 0.21}
{'loss': 5.3106, 'grad_norm': 2.064746618270874, 'learning_rate': 0.0009208092274183499, 'epoch': 0.21}
{'loss': 5.0264, 'grad_norm': 1.9012718200683594, 'learning_rate': 0.0009207088976118327, 'epoch': 0.21}
{'loss': 5.1615, 'grad_norm': 2.043450117111206, 'learning_rate': 0.0009206085097628203, 'epoch': 0.21}
{'loss': 5.321, 'grad_norm': 1.9976035356521606, 'learning_rate': 0.0009205080638851624, 'epoch': 0.21}
{'loss': 5.3686, 'grad_norm': 2.060421943664551, 'learning_rate': 0.0009204075599927166, 'epoch': 0.21}
{'loss': 5.3957, 'grad_norm': 2.202604293823242, 'learning_rate': 0.0009203069980993491, 'epoch': 0.21}
{'loss': 5.1811, 'grad_norm': 2.5549187660217285, 'learning_rate': 0.0009202063782189337, 'epoch': 0.21}
{'loss': 5.218, 'grad_norm': 2.062621593475342, 'learning_rate': 0.0009201057003653522, 'epoch': 0.21}
{'loss': 5.2649, 'grad_norm': 2.078457832336426, 'learning_rate': 0.0009200049645524946, 'epoch': 0.21}
{'loss': 5.0821, 'grad_norm': 1.8985373973846436, 'learning_rate': 0.0009199041707942584, 'epoch': 0.21}
{'loss': 5.1155, 'grad_norm': 2.921469211578369, 'learning_rate': 0.00091980331910455, 'epoch': 0.21}
{'loss': 5.1206, 'grad_norm': 2.325066328048706, 'learning_rate': 0.000919702409497283, 'epoch': 0.21}
{'loss': 5.1233, 'grad_norm': 2.2124600410461426, 'learning_rate': 0.0009196014419863792, 'epoch': 0.21}
{'loss': 4.9048, 'grad_norm': 2.0667202472686768, 'learning_rate': 0.0009195004165857686, 'epoch': 0.21}
{'loss': 5.2547, 'grad_norm': 2.199902057647705, 'learning_rate': 0.0009193993333093887, 'epoch': 0.21}
{'loss': 5.2834, 'grad_norm': 1.9798216819763184, 'learning_rate': 0.0009192981921711856, 'epoch': 0.21}
{'loss': 5.1486, 'grad_norm': 2.2011382579803467, 'learning_rate': 0.000919196993185113, 'epoch': 0.21}
{'loss': 5.1582, 'grad_norm': 1.9217414855957031, 'learning_rate': 0.0009190957363651327, 'epoch': 0.21}
{'loss': 4.9644, 'grad_norm': 1.9960107803344727, 'learning_rate': 0.0009189944217252144, 'epoch': 0.21}
{'loss': 4.8947, 'grad_norm': 2.2897095680236816, 'learning_rate': 0.0009188930492793359, 'epoch': 0.21}
{'loss': 5.209, 'grad_norm': 2.0397350788116455, 'learning_rate': 0.000918791619041483, 'epoch': 0.21}
{'loss': 5.3793, 'grad_norm': 2.0810203552246094, 'learning_rate': 0.0009186901310256491, 'epoch': 0.21}
{'loss': 5.0168, 'grad_norm': 2.1074602603912354, 'learning_rate': 0.000918588585245836, 'epoch': 0.21}
{'loss': 5.3147, 'grad_norm': 2.589679479598999, 'learning_rate': 0.0009184869817160534, 'epoch': 0.21}
{'loss': 5.1022, 'grad_norm': 2.1401443481445312, 'learning_rate': 0.0009183853204503187, 'epoch': 0.21}
{'loss': 5.1707, 'grad_norm': 2.3938229084014893, 'learning_rate': 0.0009182836014626577, 'epoch': 0.21}
{'loss': 5.1827, 'grad_norm': 2.0452630519866943, 'learning_rate': 0.0009181818247671035, 'epoch': 0.21}
{'loss': 4.8825, 'grad_norm': 2.1323206424713135, 'learning_rate': 0.000918079990377698, 'epoch': 0.21}
{'loss': 5.1188, 'grad_norm': 2.0544240474700928, 'learning_rate': 0.0009179780983084903, 'epoch': 0.21}
{'loss': 5.231, 'grad_norm': 1.8821213245391846, 'learning_rate': 0.0009178761485735381, 'epoch': 0.21}
{'loss': 5.1452, 'grad_norm': 2.388356924057007, 'learning_rate': 0.0009177741411869066, 'epoch': 0.21}
{'loss': 5.0805, 'grad_norm': 2.079298496246338, 'learning_rate': 0.0009176720761626691, 'epoch': 0.21}
{'loss': 5.1973, 'grad_norm': 1.982458472251892, 'learning_rate': 0.0009175699535149068, 'epoch': 0.21}
{'loss': 5.2861, 'grad_norm': 2.2617108821868896, 'learning_rate': 0.000917467773257709, 'epoch': 0.21}
{'loss': 5.0819, 'grad_norm': 1.787904143333435, 'learning_rate': 0.0009173655354051728, 'epoch': 0.21}
{'loss': 5.1366, 'grad_norm': 2.3051443099975586, 'learning_rate': 0.0009172632399714034, 'epoch': 0.21}
{'loss': 5.119, 'grad_norm': 2.0965232849121094, 'learning_rate': 0.0009171608869705137, 'epoch': 0.21}
{'loss': 5.2601, 'grad_norm': 2.0483286380767822, 'learning_rate': 0.0009170584764166247, 'epoch': 0.21}
{'loss': 4.9417, 'grad_norm': 2.4321489334106445, 'learning_rate': 0.0009169560083238653, 'epoch': 0.21}
{'loss': 5.4016, 'grad_norm': 2.103458881378174, 'learning_rate': 0.0009168534827063726, 'epoch': 0.21}
{'loss': 5.1583, 'grad_norm': 3.94012188911438, 'learning_rate': 0.000916750899578291, 'epoch': 0.21}
{'loss': 5.2637, 'grad_norm': 2.172118663787842, 'learning_rate': 0.0009166482589537737, 'epoch': 0.21}
{'loss': 5.3774, 'grad_norm': 1.9569209814071655, 'learning_rate': 0.000916545560846981, 'epoch': 0.21}
{'loss': 5.3245, 'grad_norm': 2.303577184677124, 'learning_rate': 0.0009164428052720817, 'epoch': 0.21}
{'loss': 5.1852, 'grad_norm': 2.383580446243286, 'learning_rate': 0.000916339992243252, 'epoch': 0.21}
{'loss': 5.288, 'grad_norm': 2.2899861335754395, 'learning_rate': 0.0009162371217746769, 'epoch': 0.21}
{'loss': 5.0838, 'grad_norm': 1.8876012563705444, 'learning_rate': 0.0009161341938805483, 'epoch': 0.21}
{'loss': 5.3327, 'grad_norm': 2.177326202392578, 'learning_rate': 0.0009160312085750667, 'epoch': 0.21}
{'loss': 5.1084, 'grad_norm': 2.2123684883117676, 'learning_rate': 0.0009159281658724403, 'epoch': 0.21}
{'loss': 5.3795, 'grad_norm': 2.037578582763672, 'learning_rate': 0.0009158250657868852, 'epoch': 0.21}
{'loss': 5.1597, 'grad_norm': 1.9681588411331177, 'learning_rate': 0.0009157219083326256, 'epoch': 0.21}
{'loss': 5.1216, 'grad_norm': 2.202181100845337, 'learning_rate': 0.0009156186935238931, 'epoch': 0.21}
{'loss': 5.2899, 'grad_norm': 2.0364017486572266, 'learning_rate': 0.0009155154213749279, 'epoch': 0.21}
{'loss': 5.0009, 'grad_norm': 2.0269007682800293, 'learning_rate': 0.000915412091899978, 'epoch': 0.21}
{'loss': 5.0981, 'grad_norm': 2.0520401000976562, 'learning_rate': 0.0009153087051132986, 'epoch': 0.21}
{'loss': 5.0827, 'grad_norm': 2.275102138519287, 'learning_rate': 0.0009152052610291535, 'epoch': 0.21}
{'loss': 5.1399, 'grad_norm': 2.096158981323242, 'learning_rate': 0.0009151017596618143, 'epoch': 0.21}
{'loss': 5.3079, 'grad_norm': 2.297598361968994, 'learning_rate': 0.0009149982010255604, 'epoch': 0.21}
{'loss': 5.2911, 'grad_norm': 1.810357928276062, 'learning_rate': 0.0009148945851346791, 'epoch': 0.21}
{'loss': 4.9508, 'grad_norm': 2.1073687076568604, 'learning_rate': 0.0009147909120034654, 'epoch': 0.21}
{'loss': 5.1206, 'grad_norm': 1.8393391370773315, 'learning_rate': 0.0009146871816462228, 'epoch': 0.21}
{'loss': 5.1276, 'grad_norm': 1.8830090761184692, 'learning_rate': 0.0009145833940772621, 'epoch': 0.21}
{'loss': 5.3216, 'grad_norm': 2.038219451904297, 'learning_rate': 0.0009144795493109022, 'epoch': 0.21}
{'loss': 4.9492, 'grad_norm': 1.9105998277664185, 'learning_rate': 0.0009143756473614699, 'epoch': 0.21}
{'loss': 5.287, 'grad_norm': 2.1618316173553467, 'learning_rate': 0.0009142716882432999, 'epoch': 0.21}
{'loss': 5.0105, 'grad_norm': 2.129523992538452, 'learning_rate': 0.0009141676719707348, 'epoch': 0.21}
{'loss': 5.0934, 'grad_norm': 1.9994449615478516, 'learning_rate': 0.000914063598558125, 'epoch': 0.21}
{'loss': 5.1078, 'grad_norm': 2.4468729496002197, 'learning_rate': 0.0009139594680198288, 'epoch': 0.21}
{'loss': 4.8748, 'grad_norm': 2.458655834197998, 'learning_rate': 0.0009138552803702126, 'epoch': 0.21}
{'loss': 4.952, 'grad_norm': 2.159158706665039, 'learning_rate': 0.0009137510356236503, 'epoch': 0.22}
{'loss': 5.183, 'grad_norm': 1.9980769157409668, 'learning_rate': 0.000913646733794524, 'epoch': 0.22}
{'loss': 5.2399, 'grad_norm': 2.2157247066497803, 'learning_rate': 0.0009135423748972234, 'epoch': 0.22}
{'loss': 5.1708, 'grad_norm': 2.3613550662994385, 'learning_rate': 0.0009134379589461465, 'epoch': 0.22}
{'loss': 5.0858, 'grad_norm': 1.8693435192108154, 'learning_rate': 0.0009133334859556985, 'epoch': 0.22}
{'loss': 5.2077, 'grad_norm': 1.840431571006775, 'learning_rate': 0.0009132289559402933, 'epoch': 0.22}
{'loss': 5.2432, 'grad_norm': 1.8050328493118286, 'learning_rate': 0.000913124368914352, 'epoch': 0.22}
{'loss': 5.1972, 'grad_norm': 1.8781158924102783, 'learning_rate': 0.0009130197248923038, 'epoch': 0.22}
{'loss': 5.0567, 'grad_norm': 2.0157485008239746, 'learning_rate': 0.0009129150238885857, 'epoch': 0.22}
{'loss': 5.1526, 'grad_norm': 2.0058159828186035, 'learning_rate': 0.0009128102659176427, 'epoch': 0.22}
{'loss': 5.1747, 'grad_norm': 1.998047113418579, 'learning_rate': 0.0009127054509939276, 'epoch': 0.22}
{'loss': 5.2242, 'grad_norm': 2.0171058177948, 'learning_rate': 0.0009126005791319012, 'epoch': 0.22}
{'loss': 5.1843, 'grad_norm': 2.1196253299713135, 'learning_rate': 0.0009124956503460317, 'epoch': 0.22}
{'loss': 5.2052, 'grad_norm': 2.442260503768921, 'learning_rate': 0.0009123906646507956, 'epoch': 0.22}
{'loss': 5.2796, 'grad_norm': 1.7869778871536255, 'learning_rate': 0.000912285622060677, 'epoch': 0.22}
{'loss': 5.4128, 'grad_norm': 2.3812596797943115, 'learning_rate': 0.0009121805225901681, 'epoch': 0.22}
{'loss': 5.0279, 'grad_norm': 1.9015899896621704, 'learning_rate': 0.0009120753662537687, 'epoch': 0.22}
{'loss': 4.9797, 'grad_norm': 2.020352363586426, 'learning_rate': 0.0009119701530659865, 'epoch': 0.22}
{'loss': 5.0351, 'grad_norm': 1.8598130941390991, 'learning_rate': 0.0009118648830413372, 'epoch': 0.22}
{'loss': 5.0143, 'grad_norm': 1.9071711301803589, 'learning_rate': 0.0009117595561943441, 'epoch': 0.22}
{'loss': 5.4289, 'grad_norm': 2.21968412399292, 'learning_rate': 0.0009116541725395387, 'epoch': 0.22}
{'loss': 4.9097, 'grad_norm': 2.1770825386047363, 'learning_rate': 0.0009115487320914598, 'epoch': 0.22}
{'loss': 5.4481, 'grad_norm': 1.8580683469772339, 'learning_rate': 0.0009114432348646545, 'epoch': 0.22}
{'loss': 5.0479, 'grad_norm': 2.102715492248535, 'learning_rate': 0.0009113376808736776, 'epoch': 0.22}
{'loss': 5.2919, 'grad_norm': 2.0205583572387695, 'learning_rate': 0.0009112320701330916, 'epoch': 0.22}
{'loss': 4.9684, 'grad_norm': 2.184460163116455, 'learning_rate': 0.000911126402657467, 'epoch': 0.22}
{'loss': 4.9666, 'grad_norm': 2.230853319168091, 'learning_rate': 0.0009110206784613821, 'epoch': 0.22}
{'loss': 5.1388, 'grad_norm': 2.3802366256713867, 'learning_rate': 0.0009109148975594229, 'epoch': 0.22}
{'loss': 5.0671, 'grad_norm': 2.3125205039978027, 'learning_rate': 0.0009108090599661833, 'epoch': 0.22}
{'loss': 5.1065, 'grad_norm': 1.9881975650787354, 'learning_rate': 0.0009107031656962652, 'epoch': 0.22}
{'loss': 5.19, 'grad_norm': 2.182285785675049, 'learning_rate': 0.0009105972147642779, 'epoch': 0.22}
{'loss': 5.0189, 'grad_norm': 2.161146402359009, 'learning_rate': 0.000910491207184839, 'epoch': 0.22}
{'loss': 5.0682, 'grad_norm': 2.095048427581787, 'learning_rate': 0.0009103851429725736, 'epoch': 0.22}
{'loss': 5.174, 'grad_norm': 2.0389318466186523, 'learning_rate': 0.0009102790221421146, 'epoch': 0.22}
{'loss': 5.1095, 'grad_norm': 1.8376835584640503, 'learning_rate': 0.0009101728447081028, 'epoch': 0.22}
{'loss': 5.2414, 'grad_norm': 2.0040042400360107, 'learning_rate': 0.000910066610685187, 'epoch': 0.22}
{'loss': 5.5637, 'grad_norm': 1.9200483560562134, 'learning_rate': 0.0009099603200880235, 'epoch': 0.22}
{'loss': 5.1471, 'grad_norm': 2.0401225090026855, 'learning_rate': 0.0009098539729312765, 'epoch': 0.22}
{'loss': 5.1575, 'grad_norm': 2.316805124282837, 'learning_rate': 0.0009097475692296182, 'epoch': 0.22}
{'loss': 5.2508, 'grad_norm': 1.7915369272232056, 'learning_rate': 0.0009096411089977281, 'epoch': 0.22}
{'loss': 5.0563, 'grad_norm': 2.5824387073516846, 'learning_rate': 0.0009095345922502942, 'epoch': 0.22}
{'loss': 4.9132, 'grad_norm': 2.1017465591430664, 'learning_rate': 0.0009094280190020119, 'epoch': 0.22}
{'loss': 5.1692, 'grad_norm': 2.1263155937194824, 'learning_rate': 0.000909321389267584, 'epoch': 0.22}
{'loss': 5.2813, 'grad_norm': 2.1021780967712402, 'learning_rate': 0.000909214703061722, 'epoch': 0.22}
{'loss': 5.2711, 'grad_norm': 1.9910043478012085, 'learning_rate': 0.0009091079603991446, 'epoch': 0.22}
{'loss': 5.0929, 'grad_norm': 1.846229076385498, 'learning_rate': 0.0009090011612945782, 'epoch': 0.22}
{'loss': 5.1137, 'grad_norm': 2.0528111457824707, 'learning_rate': 0.0009088943057627574, 'epoch': 0.22}
{'loss': 5.1365, 'grad_norm': 2.043135166168213, 'learning_rate': 0.0009087873938184241, 'epoch': 0.22}
{'loss': 5.3563, 'grad_norm': 2.1433310508728027, 'learning_rate': 0.0009086804254763286, 'epoch': 0.22}
{'loss': 5.0768, 'grad_norm': 2.0922913551330566, 'learning_rate': 0.0009085734007512283, 'epoch': 0.22}
{'loss': 5.2295, 'grad_norm': 1.7695263624191284, 'learning_rate': 0.000908466319657889, 'epoch': 0.22}
{'loss': 5.3878, 'grad_norm': 1.9177345037460327, 'learning_rate': 0.0009083591822110839, 'epoch': 0.22}
{'loss': 5.1843, 'grad_norm': 2.012256383895874, 'learning_rate': 0.0009082519884255939, 'epoch': 0.22}
{'loss': 5.1231, 'grad_norm': 1.8656609058380127, 'learning_rate': 0.000908144738316208, 'epoch': 0.22}
{'loss': 5.295, 'grad_norm': 1.9104913473129272, 'learning_rate': 0.0009080374318977227, 'epoch': 0.22}
{'loss': 5.0862, 'grad_norm': 1.8088359832763672, 'learning_rate': 0.0009079300691849425, 'epoch': 0.22}
{'loss': 5.1785, 'grad_norm': 1.9758847951889038, 'learning_rate': 0.0009078226501926795, 'epoch': 0.22}
{'loss': 5.1179, 'grad_norm': 1.8698766231536865, 'learning_rate': 0.0009077151749357536, 'epoch': 0.22}
{'loss': 5.0976, 'grad_norm': 1.9044362306594849, 'learning_rate': 0.0009076076434289924, 'epoch': 0.22}
{'loss': 5.1883, 'grad_norm': 1.8928654193878174, 'learning_rate': 0.0009075000556872315, 'epoch': 0.22}
{'loss': 5.0213, 'grad_norm': 1.8431943655014038, 'learning_rate': 0.0009073924117253138, 'epoch': 0.22}
{'loss': 5.2659, 'grad_norm': 1.7896575927734375, 'learning_rate': 0.0009072847115580905, 'epoch': 0.22}
{'loss': 5.0482, 'grad_norm': 1.996334433555603, 'learning_rate': 0.0009071769552004203, 'epoch': 0.22}
{'loss': 5.3474, 'grad_norm': 2.0267443656921387, 'learning_rate': 0.0009070691426671696, 'epoch': 0.22}
{'loss': 4.717, 'grad_norm': 1.9595706462860107, 'learning_rate': 0.0009069612739732124, 'epoch': 0.22}
{'loss': 5.036, 'grad_norm': 2.0631802082061768, 'learning_rate': 0.0009068533491334307, 'epoch': 0.22}
{'loss': 5.218, 'grad_norm': 1.8869706392288208, 'learning_rate': 0.0009067453681627146, 'epoch': 0.22}
{'loss': 5.1297, 'grad_norm': 2.1504368782043457, 'learning_rate': 0.0009066373310759611, 'epoch': 0.22}
{'loss': 5.1006, 'grad_norm': 2.1839725971221924, 'learning_rate': 0.0009065292378880757, 'epoch': 0.22}
{'loss': 5.0243, 'grad_norm': 2.026442050933838, 'learning_rate': 0.0009064210886139709, 'epoch': 0.22}
{'loss': 5.0655, 'grad_norm': 2.0182464122772217, 'learning_rate': 0.0009063128832685676, 'epoch': 0.22}
{'loss': 5.1182, 'grad_norm': 1.9257972240447998, 'learning_rate': 0.0009062046218667945, 'epoch': 0.22}
{'loss': 5.1952, 'grad_norm': 2.052738904953003, 'learning_rate': 0.0009060963044235871, 'epoch': 0.22}
{'loss': 4.9729, 'grad_norm': 1.8066794872283936, 'learning_rate': 0.0009059879309538897, 'epoch': 0.22}
{'loss': 4.9174, 'grad_norm': 1.83855140209198, 'learning_rate': 0.0009058795014726538, 'epoch': 0.22}
{'loss': 5.2813, 'grad_norm': 1.9593554735183716, 'learning_rate': 0.0009057710159948388, 'epoch': 0.22}
{'loss': 5.0002, 'grad_norm': 1.918412685394287, 'learning_rate': 0.0009056624745354115, 'epoch': 0.22}
{'loss': 5.299, 'grad_norm': 2.1069793701171875, 'learning_rate': 0.0009055538771093469, 'epoch': 0.22}
{'loss': 4.836, 'grad_norm': 2.2030625343322754, 'learning_rate': 0.0009054452237316272, 'epoch': 0.22}
{'loss': 5.1958, 'grad_norm': 1.7839919328689575, 'learning_rate': 0.0009053365144172429, 'epoch': 0.22}
{'loss': 5.1203, 'grad_norm': 1.8753653764724731, 'learning_rate': 0.000905227749181192, 'epoch': 0.22}
{'loss': 5.0988, 'grad_norm': 1.7946727275848389, 'learning_rate': 0.0009051189280384797, 'epoch': 0.22}
{'loss': 5.3651, 'grad_norm': 1.9881281852722168, 'learning_rate': 0.0009050100510041197, 'epoch': 0.22}
{'loss': 4.6517, 'grad_norm': 1.8868738412857056, 'learning_rate': 0.000904901118093133, 'epoch': 0.22}
{'loss': 5.0814, 'grad_norm': 1.845064401626587, 'learning_rate': 0.0009047921293205484, 'epoch': 0.22}
{'loss': 5.194, 'grad_norm': 1.711567997932434, 'learning_rate': 0.0009046830847014022, 'epoch': 0.22}
{'loss': 5.2359, 'grad_norm': 1.7895283699035645, 'learning_rate': 0.0009045739842507387, 'epoch': 0.22}
{'loss': 4.9312, 'grad_norm': 1.9680216312408447, 'learning_rate': 0.00090446482798361, 'epoch': 0.22}
{'loss': 4.9851, 'grad_norm': 2.1066112518310547, 'learning_rate': 0.0009043556159150754, 'epoch': 0.23}
{'loss': 5.0044, 'grad_norm': 1.9719560146331787, 'learning_rate': 0.0009042463480602021, 'epoch': 0.23}
{'loss': 5.028, 'grad_norm': 1.8165498971939087, 'learning_rate': 0.0009041370244340654, 'epoch': 0.23}
{'loss': 5.2171, 'grad_norm': 2.0087063312530518, 'learning_rate': 0.0009040276450517478, 'epoch': 0.23}
{'loss': 4.846, 'grad_norm': 1.6606390476226807, 'learning_rate': 0.0009039182099283397, 'epoch': 0.23}
{'loss': 5.0882, 'grad_norm': 2.169511318206787, 'learning_rate': 0.0009038087190789391, 'epoch': 0.23}
{'loss': 5.129, 'grad_norm': 1.8369951248168945, 'learning_rate': 0.0009036991725186517, 'epoch': 0.23}
{'loss': 5.0753, 'grad_norm': 2.133930206298828, 'learning_rate': 0.0009035895702625912, 'epoch': 0.23}
{'loss': 5.0916, 'grad_norm': 1.8589988946914673, 'learning_rate': 0.0009034799123258785, 'epoch': 0.23}
{'loss': 5.1318, 'grad_norm': 1.8889713287353516, 'learning_rate': 0.0009033701987236425, 'epoch': 0.23}
{'loss': 5.2296, 'grad_norm': 1.9524600505828857, 'learning_rate': 0.0009032604294710194, 'epoch': 0.23}
{'loss': 5.1415, 'grad_norm': 1.8225386142730713, 'learning_rate': 0.0009031506045831536, 'epoch': 0.23}
{'loss': 5.2857, 'grad_norm': 1.9622149467468262, 'learning_rate': 0.0009030407240751972, 'epoch': 0.23}
{'loss': 5.0405, 'grad_norm': 2.245877981185913, 'learning_rate': 0.0009029307879623093, 'epoch': 0.23}
{'loss': 5.2633, 'grad_norm': 2.096975564956665, 'learning_rate': 0.0009028207962596571, 'epoch': 0.23}
{'loss': 5.1267, 'grad_norm': 1.9028944969177246, 'learning_rate': 0.0009027107489824155, 'epoch': 0.23}
{'loss': 5.0726, 'grad_norm': 1.8997458219528198, 'learning_rate': 0.0009026006461457674, 'epoch': 0.23}
{'loss': 4.9046, 'grad_norm': 2.0490875244140625, 'learning_rate': 0.0009024904877649023, 'epoch': 0.23}
{'loss': 5.18, 'grad_norm': 2.1886274814605713, 'learning_rate': 0.0009023802738550185, 'epoch': 0.23}
{'loss': 4.8121, 'grad_norm': 2.290773391723633, 'learning_rate': 0.0009022700044313212, 'epoch': 0.23}
{'loss': 5.1755, 'grad_norm': 1.889191746711731, 'learning_rate': 0.000902159679509024, 'epoch': 0.23}
{'loss': 5.1241, 'grad_norm': 1.6817386150360107, 'learning_rate': 0.0009020492991033473, 'epoch': 0.23}
{'loss': 5.1006, 'grad_norm': 2.3294880390167236, 'learning_rate': 0.0009019388632295198, 'epoch': 0.23}
{'loss': 4.933, 'grad_norm': 2.146806478500366, 'learning_rate': 0.0009018283719027776, 'epoch': 0.23}
{'loss': 5.2252, 'grad_norm': 2.226807117462158, 'learning_rate': 0.0009017178251383643, 'epoch': 0.23}
{'loss': 5.1766, 'grad_norm': 2.0138096809387207, 'learning_rate': 0.0009016072229515315, 'epoch': 0.23}
{'loss': 5.36, 'grad_norm': 1.812609076499939, 'learning_rate': 0.0009014965653575383, 'epoch': 0.23}
{'loss': 5.254, 'grad_norm': 2.2464587688446045, 'learning_rate': 0.0009013858523716513, 'epoch': 0.23}
{'loss': 5.123, 'grad_norm': 1.6630723476409912, 'learning_rate': 0.000901275084009145, 'epoch': 0.23}
{'loss': 5.1863, 'grad_norm': 1.9879648685455322, 'learning_rate': 0.0009011642602853012, 'epoch': 0.23}
{'loss': 4.8693, 'grad_norm': 2.079888343811035, 'learning_rate': 0.0009010533812154096, 'epoch': 0.23}
{'loss': 5.2198, 'grad_norm': 2.0217397212982178, 'learning_rate': 0.0009009424468147675, 'epoch': 0.23}
{'loss': 5.0534, 'grad_norm': 1.8992071151733398, 'learning_rate': 0.00090083145709868, 'epoch': 0.23}
{'loss': 4.8447, 'grad_norm': 1.9586772918701172, 'learning_rate': 0.0009007204120824592, 'epoch': 0.23}
{'loss': 5.0938, 'grad_norm': 1.8209878206253052, 'learning_rate': 0.0009006093117814257, 'epoch': 0.23}
{'loss': 5.1679, 'grad_norm': 2.0847408771514893, 'learning_rate': 0.000900498156210907, 'epoch': 0.23}
{'loss': 5.1287, 'grad_norm': 1.9052664041519165, 'learning_rate': 0.0009003869453862387, 'epoch': 0.23}
{'loss': 4.997, 'grad_norm': 2.1100330352783203, 'learning_rate': 0.0009002756793227637, 'epoch': 0.23}
{'loss': 5.2792, 'grad_norm': 1.7047492265701294, 'learning_rate': 0.0009001643580358327, 'epoch': 0.23}
{'loss': 5.0815, 'grad_norm': 2.225644826889038, 'learning_rate': 0.0009000529815408041, 'epoch': 0.23}
{'loss': 5.0178, 'grad_norm': 2.3678739070892334, 'learning_rate': 0.0008999415498530435, 'epoch': 0.23}
{'loss': 5.4876, 'grad_norm': 1.9410549402236938, 'learning_rate': 0.0008998300629879248, 'epoch': 0.23}
{'loss': 5.0619, 'grad_norm': 1.8286527395248413, 'learning_rate': 0.0008997185209608289, 'epoch': 0.23}
{'loss': 4.9719, 'grad_norm': 1.9926667213439941, 'learning_rate': 0.0008996069237871445, 'epoch': 0.23}
{'loss': 5.2397, 'grad_norm': 1.922402262687683, 'learning_rate': 0.0008994952714822681, 'epoch': 0.23}
{'loss': 5.0841, 'grad_norm': 2.0520317554473877, 'learning_rate': 0.0008993835640616035, 'epoch': 0.23}
{'loss': 5.3442, 'grad_norm': 2.1110610961914062, 'learning_rate': 0.0008992718015405624, 'epoch': 0.23}
{'loss': 5.1985, 'grad_norm': 1.9929274320602417, 'learning_rate': 0.0008991599839345639, 'epoch': 0.23}
{'loss': 4.85, 'grad_norm': 1.8575011491775513, 'learning_rate': 0.0008990481112590346, 'epoch': 0.23}
{'loss': 5.1199, 'grad_norm': 1.9233627319335938, 'learning_rate': 0.000898936183529409, 'epoch': 0.23}
{'loss': 4.8411, 'grad_norm': 1.9021552801132202, 'learning_rate': 0.0008988242007611292, 'epoch': 0.23}
{'loss': 5.3113, 'grad_norm': 1.9749658107757568, 'learning_rate': 0.0008987121629696444, 'epoch': 0.23}
{'loss': 5.2377, 'grad_norm': 1.7814654111862183, 'learning_rate': 0.0008986000701704118, 'epoch': 0.23}
{'loss': 5.2272, 'grad_norm': 1.978431224822998, 'learning_rate': 0.0008984879223788965, 'epoch': 0.23}
{'loss': 5.1415, 'grad_norm': 2.0606682300567627, 'learning_rate': 0.0008983757196105703, 'epoch': 0.23}
{'loss': 4.9294, 'grad_norm': 1.7598450183868408, 'learning_rate': 0.0008982634618809135, 'epoch': 0.23}
{'loss': 4.8586, 'grad_norm': 1.667618751525879, 'learning_rate': 0.0008981511492054134, 'epoch': 0.23}
{'loss': 5.1104, 'grad_norm': 2.005497455596924, 'learning_rate': 0.0008980387815995648, 'epoch': 0.23}
{'loss': 5.103, 'grad_norm': 2.021186351776123, 'learning_rate': 0.0008979263590788706, 'epoch': 0.23}
{'loss': 5.1419, 'grad_norm': 2.1887762546539307, 'learning_rate': 0.0008978138816588412, 'epoch': 0.23}
{'loss': 5.1678, 'grad_norm': 2.1037673950195312, 'learning_rate': 0.0008977013493549941, 'epoch': 0.23}
{'loss': 4.9713, 'grad_norm': 1.9459766149520874, 'learning_rate': 0.0008975887621828549, 'epoch': 0.23}
{'loss': 5.0857, 'grad_norm': 2.1438822746276855, 'learning_rate': 0.0008974761201579562, 'epoch': 0.23}
{'loss': 5.3403, 'grad_norm': 1.9264979362487793, 'learning_rate': 0.0008973634232958387, 'epoch': 0.23}
{'loss': 5.2373, 'grad_norm': 1.9943022727966309, 'learning_rate': 0.0008972506716120503, 'epoch': 0.23}
{'loss': 5.0377, 'grad_norm': 2.028635025024414, 'learning_rate': 0.0008971378651221469, 'epoch': 0.23}
{'loss': 4.9424, 'grad_norm': 2.0007638931274414, 'learning_rate': 0.0008970250038416916, 'epoch': 0.23}
{'loss': 5.5069, 'grad_norm': 2.0146749019622803, 'learning_rate': 0.0008969120877862549, 'epoch': 0.23}
{'loss': 5.0419, 'grad_norm': 2.104825258255005, 'learning_rate': 0.0008967991169714154, 'epoch': 0.23}
{'loss': 5.145, 'grad_norm': 1.997383713722229, 'learning_rate': 0.0008966860914127587, 'epoch': 0.23}
{'loss': 4.9439, 'grad_norm': 1.9763927459716797, 'learning_rate': 0.0008965730111258783, 'epoch': 0.23}
{'loss': 4.8337, 'grad_norm': 2.6199655532836914, 'learning_rate': 0.0008964598761263754, 'epoch': 0.23}
{'loss': 5.0707, 'grad_norm': 2.429080009460449, 'learning_rate': 0.0008963466864298582, 'epoch': 0.23}
{'loss': 5.1124, 'grad_norm': 2.0323333740234375, 'learning_rate': 0.0008962334420519427, 'epoch': 0.23}
{'loss': 4.9596, 'grad_norm': 2.3117904663085938, 'learning_rate': 0.0008961201430082528, 'epoch': 0.23}
{'loss': 5.1347, 'grad_norm': 2.010737657546997, 'learning_rate': 0.0008960067893144195, 'epoch': 0.23}
{'loss': 5.1089, 'grad_norm': 2.3494296073913574, 'learning_rate': 0.0008958933809860814, 'epoch': 0.23}
{'loss': 4.8219, 'grad_norm': 1.9353162050247192, 'learning_rate': 0.0008957799180388849, 'epoch': 0.23}
{'loss': 4.8999, 'grad_norm': 2.0337774753570557, 'learning_rate': 0.0008956664004884836, 'epoch': 0.23}
{'loss': 5.3358, 'grad_norm': 1.9210792779922485, 'learning_rate': 0.0008955528283505387, 'epoch': 0.23}
{'loss': 5.2334, 'grad_norm': 1.721083164215088, 'learning_rate': 0.0008954392016407194, 'epoch': 0.23}
{'loss': 5.2362, 'grad_norm': 2.345221996307373, 'learning_rate': 0.0008953255203747015, 'epoch': 0.23}
{'loss': 5.0871, 'grad_norm': 1.9130138158798218, 'learning_rate': 0.0008952117845681694, 'epoch': 0.23}
{'loss': 4.9591, 'grad_norm': 1.874389410018921, 'learning_rate': 0.000895097994236814, 'epoch': 0.23}
{'loss': 5.1321, 'grad_norm': 1.7990649938583374, 'learning_rate': 0.0008949841493963345, 'epoch': 0.23}
{'loss': 5.044, 'grad_norm': 1.6858683824539185, 'learning_rate': 0.0008948702500624375, 'epoch': 0.23}
{'loss': 4.9752, 'grad_norm': 1.7675261497497559, 'learning_rate': 0.0008947562962508366, 'epoch': 0.23}
{'loss': 5.2104, 'grad_norm': 1.9874731302261353, 'learning_rate': 0.0008946422879772536, 'epoch': 0.24}
{'loss': 5.271, 'grad_norm': 1.9780269861221313, 'learning_rate': 0.0008945282252574172, 'epoch': 0.24}
{'loss': 5.1058, 'grad_norm': 1.8293907642364502, 'learning_rate': 0.000894414108107064, 'epoch': 0.24}
{'loss': 5.3132, 'grad_norm': 1.7462095022201538, 'learning_rate': 0.000894299936541938, 'epoch': 0.24}
{'loss': 4.9765, 'grad_norm': 1.7646855115890503, 'learning_rate': 0.0008941857105777909, 'epoch': 0.24}
{'loss': 5.1894, 'grad_norm': 1.7931007146835327, 'learning_rate': 0.0008940714302303813, 'epoch': 0.24}
{'loss': 5.0433, 'grad_norm': 1.764275074005127, 'learning_rate': 0.0008939570955154763, 'epoch': 0.24}
{'loss': 5.1913, 'grad_norm': 1.9242583513259888, 'learning_rate': 0.0008938427064488494, 'epoch': 0.24}
{'loss': 5.2186, 'grad_norm': 2.0274038314819336, 'learning_rate': 0.0008937282630462824, 'epoch': 0.24}
{'loss': 5.0732, 'grad_norm': 1.8522720336914062, 'learning_rate': 0.0008936137653235643, 'epoch': 0.24}
{'loss': 5.132, 'grad_norm': 1.9640640020370483, 'learning_rate': 0.0008934992132964917, 'epoch': 0.24}
{'loss': 4.9696, 'grad_norm': 1.7801496982574463, 'learning_rate': 0.0008933846069808682, 'epoch': 0.24}
{'loss': 4.9569, 'grad_norm': 1.759989619255066, 'learning_rate': 0.0008932699463925057, 'epoch': 0.24}
{'loss': 5.1594, 'grad_norm': 1.7835265398025513, 'learning_rate': 0.000893155231547223, 'epoch': 0.24}
{'loss': 5.2703, 'grad_norm': 1.712322473526001, 'learning_rate': 0.0008930404624608465, 'epoch': 0.24}
{'loss': 5.0747, 'grad_norm': 1.9307259321212769, 'learning_rate': 0.0008929256391492107, 'epoch': 0.24}
{'loss': 4.9391, 'grad_norm': 1.8036956787109375, 'learning_rate': 0.0008928107616281562, 'epoch': 0.24}
{'loss': 5.2605, 'grad_norm': 1.9024461507797241, 'learning_rate': 0.0008926958299135324, 'epoch': 0.24}
{'loss': 5.2164, 'grad_norm': 2.0218734741210938, 'learning_rate': 0.0008925808440211955, 'epoch': 0.24}
{'loss': 5.0772, 'grad_norm': 2.125483751296997, 'learning_rate': 0.0008924658039670097, 'epoch': 0.24}
{'loss': 5.4229, 'grad_norm': 2.054939031600952, 'learning_rate': 0.0008923507097668461, 'epoch': 0.24}
{'loss': 5.0577, 'grad_norm': 2.1484415531158447, 'learning_rate': 0.0008922355614365833, 'epoch': 0.24}
{'loss': 4.9544, 'grad_norm': 2.0881927013397217, 'learning_rate': 0.0008921203589921079, 'epoch': 0.24}
{'loss': 5.212, 'grad_norm': 1.8868201971054077, 'learning_rate': 0.0008920051024493134, 'epoch': 0.24}
{'loss': 5.0477, 'grad_norm': 2.1540067195892334, 'learning_rate': 0.0008918897918241014, 'epoch': 0.24}
{'loss': 5.1451, 'grad_norm': 2.04597806930542, 'learning_rate': 0.00089177442713238, 'epoch': 0.24}
{'loss': 5.09, 'grad_norm': 2.0461549758911133, 'learning_rate': 0.0008916590083900656, 'epoch': 0.24}
{'loss': 5.0404, 'grad_norm': 1.9737015962600708, 'learning_rate': 0.0008915435356130818, 'epoch': 0.24}
{'loss': 5.4354, 'grad_norm': 1.975942850112915, 'learning_rate': 0.0008914280088173598, 'epoch': 0.24}
{'loss': 4.8956, 'grad_norm': 1.7475669384002686, 'learning_rate': 0.0008913124280188378, 'epoch': 0.24}
{'loss': 5.0104, 'grad_norm': 1.7400727272033691, 'learning_rate': 0.0008911967932334618, 'epoch': 0.24}
{'loss': 5.0939, 'grad_norm': 1.9575003385543823, 'learning_rate': 0.0008910811044771853, 'epoch': 0.24}
{'loss': 5.2567, 'grad_norm': 1.8108924627304077, 'learning_rate': 0.000890965361765969, 'epoch': 0.24}
{'loss': 5.3362, 'grad_norm': 1.8119646310806274, 'learning_rate': 0.0008908495651157813, 'epoch': 0.24}
{'loss': 5.2204, 'grad_norm': 1.9572397470474243, 'learning_rate': 0.0008907337145425977, 'epoch': 0.24}
{'loss': 5.1803, 'grad_norm': 1.810297966003418, 'learning_rate': 0.0008906178100624017, 'epoch': 0.24}
{'loss': 5.2641, 'grad_norm': 1.9244023561477661, 'learning_rate': 0.0008905018516911836, 'epoch': 0.24}
{'loss': 4.7295, 'grad_norm': 1.9335196018218994, 'learning_rate': 0.0008903858394449417, 'epoch': 0.24}
{'loss': 5.1953, 'grad_norm': 2.095388889312744, 'learning_rate': 0.0008902697733396812, 'epoch': 0.24}
{'loss': 5.1071, 'grad_norm': 2.2613420486450195, 'learning_rate': 0.000890153653391415, 'epoch': 0.24}
{'loss': 5.0116, 'grad_norm': 2.3995893001556396, 'learning_rate': 0.0008900374796161636, 'epoch': 0.24}
{'loss': 5.1232, 'grad_norm': 2.246164560317993, 'learning_rate': 0.0008899212520299546, 'epoch': 0.24}
{'loss': 5.0969, 'grad_norm': 2.1981253623962402, 'learning_rate': 0.0008898049706488234, 'epoch': 0.24}
{'loss': 5.091, 'grad_norm': 2.403933048248291, 'learning_rate': 0.0008896886354888123, 'epoch': 0.24}
{'loss': 5.0083, 'grad_norm': 2.3569393157958984, 'learning_rate': 0.0008895722465659713, 'epoch': 0.24}
{'loss': 5.206, 'grad_norm': 2.0948798656463623, 'learning_rate': 0.0008894558038963582, 'epoch': 0.24}
{'loss': 4.9548, 'grad_norm': 2.7672817707061768, 'learning_rate': 0.0008893393074960374, 'epoch': 0.24}
{'loss': 5.126, 'grad_norm': 1.9074945449829102, 'learning_rate': 0.0008892227573810816, 'epoch': 0.24}
{'loss': 5.168, 'grad_norm': 2.37202787399292, 'learning_rate': 0.0008891061535675701, 'epoch': 0.24}
{'loss': 5.4327, 'grad_norm': 2.415830135345459, 'learning_rate': 0.00088898949607159, 'epoch': 0.24}
{'loss': 4.9609, 'grad_norm': 2.1771793365478516, 'learning_rate': 0.0008888727849092362, 'epoch': 0.24}
{'loss': 5.5673, 'grad_norm': 2.1744091510772705, 'learning_rate': 0.00088875602009661, 'epoch': 0.24}
{'loss': 5.102, 'grad_norm': 2.2191028594970703, 'learning_rate': 0.0008886392016498211, 'epoch': 0.24}
{'loss': 5.1899, 'grad_norm': 1.980837106704712, 'learning_rate': 0.000888522329584986, 'epoch': 0.24}
{'loss': 5.3904, 'grad_norm': 2.0629451274871826, 'learning_rate': 0.000888405403918229, 'epoch': 0.24}
{'loss': 5.168, 'grad_norm': 1.8557202816009521, 'learning_rate': 0.0008882884246656813, 'epoch': 0.24}
{'loss': 5.094, 'grad_norm': 2.1581406593322754, 'learning_rate': 0.0008881713918434818, 'epoch': 0.24}
{'loss': 5.3168, 'grad_norm': 1.95152747631073, 'learning_rate': 0.000888054305467777, 'epoch': 0.24}
{'loss': 5.4297, 'grad_norm': 1.9289917945861816, 'learning_rate': 0.0008879371655547204, 'epoch': 0.24}
{'loss': 5.2898, 'grad_norm': 1.8407851457595825, 'learning_rate': 0.000887819972120473, 'epoch': 0.24}
{'loss': 5.009, 'grad_norm': 1.6892975568771362, 'learning_rate': 0.0008877027251812034, 'epoch': 0.24}
{'loss': 5.1401, 'grad_norm': 1.6545478105545044, 'learning_rate': 0.0008875854247530873, 'epoch': 0.24}
{'loss': 4.786, 'grad_norm': 1.8506375551223755, 'learning_rate': 0.0008874680708523076, 'epoch': 0.24}
{'loss': 5.1404, 'grad_norm': 1.7974268198013306, 'learning_rate': 0.0008873506634950553, 'epoch': 0.24}
{'loss': 5.0827, 'grad_norm': 1.915507197380066, 'learning_rate': 0.0008872332026975282, 'epoch': 0.24}
{'loss': 5.1392, 'grad_norm': 1.85573148727417, 'learning_rate': 0.0008871156884759315, 'epoch': 0.24}
{'loss': 5.0502, 'grad_norm': 1.9343174695968628, 'learning_rate': 0.0008869981208464781, 'epoch': 0.24}
{'loss': 5.0065, 'grad_norm': 2.094026565551758, 'learning_rate': 0.0008868804998253876, 'epoch': 0.24}
{'loss': 4.9562, 'grad_norm': 2.365623950958252, 'learning_rate': 0.0008867628254288879, 'epoch': 0.24}
{'loss': 5.1408, 'grad_norm': 2.1045005321502686, 'learning_rate': 0.0008866450976732136, 'epoch': 0.24}
{'loss': 4.9807, 'grad_norm': 2.1949684619903564, 'learning_rate': 0.000886527316574607, 'epoch': 0.24}
{'loss': 5.2865, 'grad_norm': 2.1441338062286377, 'learning_rate': 0.0008864094821493172, 'epoch': 0.24}
{'loss': 5.0363, 'grad_norm': 2.6832542419433594, 'learning_rate': 0.0008862915944136014, 'epoch': 0.24}
{'loss': 5.1268, 'grad_norm': 2.3735733032226562, 'learning_rate': 0.0008861736533837237, 'epoch': 0.24}
{'loss': 5.0073, 'grad_norm': 2.2885003089904785, 'learning_rate': 0.0008860556590759557, 'epoch': 0.24}
{'loss': 5.087, 'grad_norm': 1.8641184568405151, 'learning_rate': 0.000885937611506576, 'epoch': 0.24}
{'loss': 5.2402, 'grad_norm': 2.1896355152130127, 'learning_rate': 0.0008858195106918714, 'epoch': 0.24}
{'loss': 5.0864, 'grad_norm': 2.10329532623291, 'learning_rate': 0.0008857013566481352, 'epoch': 0.24}
{'loss': 4.9055, 'grad_norm': 2.128357172012329, 'learning_rate': 0.0008855831493916684, 'epoch': 0.24}
{'loss': 5.1487, 'grad_norm': 2.1137588024139404, 'learning_rate': 0.0008854648889387793, 'epoch': 0.24}
{'loss': 5.1389, 'grad_norm': 2.1010959148406982, 'learning_rate': 0.0008853465753057837, 'epoch': 0.24}
{'loss': 4.8827, 'grad_norm': 2.142414093017578, 'learning_rate': 0.0008852282085090041, 'epoch': 0.24}
{'loss': 4.8233, 'grad_norm': 2.3089771270751953, 'learning_rate': 0.0008851097885647712, 'epoch': 0.24}
{'loss': 5.3454, 'grad_norm': 2.07182240486145, 'learning_rate': 0.0008849913154894227, 'epoch': 0.24}
{'loss': 5.2296, 'grad_norm': 2.6434361934661865, 'learning_rate': 0.0008848727892993032, 'epoch': 0.24}
{'loss': 5.0826, 'grad_norm': 2.151491403579712, 'learning_rate': 0.0008847542100107653, 'epoch': 0.24}
{'loss': 5.2658, 'grad_norm': 2.3981831073760986, 'learning_rate': 0.0008846355776401685, 'epoch': 0.24}
{'loss': 5.295, 'grad_norm': 2.013449192047119, 'learning_rate': 0.0008845168922038797, 'epoch': 0.25}
{'loss': 5.1881, 'grad_norm': 1.8574705123901367, 'learning_rate': 0.0008843981537182732, 'epoch': 0.25}
{'loss': 5.1612, 'grad_norm': 2.047138214111328, 'learning_rate': 0.0008842793621997307, 'epoch': 0.25}
{'loss': 5.0843, 'grad_norm': 2.2229039669036865, 'learning_rate': 0.000884160517664641, 'epoch': 0.25}
{'loss': 5.2188, 'grad_norm': 2.296361207962036, 'learning_rate': 0.0008840416201294003, 'epoch': 0.25}
{'loss': 5.2661, 'grad_norm': 1.8191497325897217, 'learning_rate': 0.0008839226696104124, 'epoch': 0.25}
{'loss': 5.2583, 'grad_norm': 2.2793915271759033, 'learning_rate': 0.0008838036661240876, 'epoch': 0.25}
{'loss': 5.1034, 'grad_norm': 1.7327812910079956, 'learning_rate': 0.0008836846096868442, 'epoch': 0.25}
{'loss': 5.0039, 'grad_norm': 1.945961594581604, 'learning_rate': 0.0008835655003151081, 'epoch': 0.25}
{'loss': 5.1555, 'grad_norm': 1.7565799951553345, 'learning_rate': 0.0008834463380253117, 'epoch': 0.25}
{'loss': 5.0348, 'grad_norm': 1.7773951292037964, 'learning_rate': 0.000883327122833895, 'epoch': 0.25}
{'loss': 4.8048, 'grad_norm': 1.827540397644043, 'learning_rate': 0.0008832078547573055, 'epoch': 0.25}
{'loss': 5.066, 'grad_norm': 1.835571050643921, 'learning_rate': 0.0008830885338119977, 'epoch': 0.25}
{'loss': 5.2753, 'grad_norm': 2.1581225395202637, 'learning_rate': 0.0008829691600144337, 'epoch': 0.25}
{'loss': 4.9661, 'grad_norm': 1.7149806022644043, 'learning_rate': 0.0008828497333810826, 'epoch': 0.25}
{'loss': 5.3658, 'grad_norm': 2.0482895374298096, 'learning_rate': 0.000882730253928421, 'epoch': 0.25}
{'loss': 5.0437, 'grad_norm': 1.9120161533355713, 'learning_rate': 0.0008826107216729328, 'epoch': 0.25}
{'loss': 5.1524, 'grad_norm': 2.0082592964172363, 'learning_rate': 0.0008824911366311088, 'epoch': 0.25}
{'loss': 5.3463, 'grad_norm': 1.9453238248825073, 'learning_rate': 0.0008823714988194477, 'epoch': 0.25}
{'loss': 5.0038, 'grad_norm': 2.1855156421661377, 'learning_rate': 0.000882251808254455, 'epoch': 0.25}
{'loss': 5.1386, 'grad_norm': 1.8441672325134277, 'learning_rate': 0.0008821320649526437, 'epoch': 0.25}
{'loss': 5.123, 'grad_norm': 2.0656661987304688, 'learning_rate': 0.0008820122689305341, 'epoch': 0.25}
{'loss': 4.8821, 'grad_norm': 1.8627327680587769, 'learning_rate': 0.0008818924202046534, 'epoch': 0.25}
{'loss': 5.1748, 'grad_norm': 1.7123368978500366, 'learning_rate': 0.0008817725187915365, 'epoch': 0.25}
{'loss': 5.1818, 'grad_norm': 1.70697820186615, 'learning_rate': 0.0008816525647077255, 'epoch': 0.25}
{'loss': 5.1559, 'grad_norm': 2.004683017730713, 'learning_rate': 0.0008815325579697696, 'epoch': 0.25}
{'loss': 5.0545, 'grad_norm': 1.722852349281311, 'learning_rate': 0.0008814124985942253, 'epoch': 0.25}
{'loss': 4.924, 'grad_norm': 1.809719443321228, 'learning_rate': 0.0008812923865976568, 'epoch': 0.25}
{'loss': 5.0748, 'grad_norm': 1.876133918762207, 'learning_rate': 0.0008811722219966346, 'epoch': 0.25}
{'loss': 5.1561, 'grad_norm': 1.9375500679016113, 'learning_rate': 0.0008810520048077374, 'epoch': 0.25}
{'loss': 5.2058, 'grad_norm': 1.7846988439559937, 'learning_rate': 0.0008809317350475508, 'epoch': 0.25}
{'loss': 5.1411, 'grad_norm': 1.8088908195495605, 'learning_rate': 0.0008808114127326674, 'epoch': 0.25}
{'loss': 5.0547, 'grad_norm': 2.0551207065582275, 'learning_rate': 0.0008806910378796875, 'epoch': 0.25}
{'loss': 5.0782, 'grad_norm': 2.1803996562957764, 'learning_rate': 0.0008805706105052185, 'epoch': 0.25}
{'loss': 5.298, 'grad_norm': 2.17787504196167, 'learning_rate': 0.0008804501306258749, 'epoch': 0.25}
{'loss': 5.0877, 'grad_norm': 2.142144203186035, 'learning_rate': 0.0008803295982582784, 'epoch': 0.25}
{'loss': 5.3321, 'grad_norm': 1.7694016695022583, 'learning_rate': 0.0008802090134190583, 'epoch': 0.25}
{'loss': 5.3489, 'grad_norm': 2.0384445190429688, 'learning_rate': 0.0008800883761248506, 'epoch': 0.25}
{'loss': 5.1352, 'grad_norm': 2.091590642929077, 'learning_rate': 0.0008799676863922992, 'epoch': 0.25}
{'loss': 4.9293, 'grad_norm': 1.9190388917922974, 'learning_rate': 0.0008798469442380548, 'epoch': 0.25}
{'loss': 5.0231, 'grad_norm': 1.8423031568527222, 'learning_rate': 0.0008797261496787752, 'epoch': 0.25}
{'loss': 4.9018, 'grad_norm': 1.7002832889556885, 'learning_rate': 0.000879605302731126, 'epoch': 0.25}
{'loss': 5.124, 'grad_norm': 1.9528518915176392, 'learning_rate': 0.0008794844034117793, 'epoch': 0.25}
{'loss': 5.0944, 'grad_norm': 1.9340780973434448, 'learning_rate': 0.000879363451737415, 'epoch': 0.25}
{'loss': 4.9398, 'grad_norm': 1.9128692150115967, 'learning_rate': 0.0008792424477247201, 'epoch': 0.25}
{'loss': 5.0289, 'grad_norm': 2.0084850788116455, 'learning_rate': 0.0008791213913903886, 'epoch': 0.25}
{'loss': 5.1105, 'grad_norm': 1.926433801651001, 'learning_rate': 0.0008790002827511219, 'epoch': 0.25}
{'loss': 5.0482, 'grad_norm': 2.1909232139587402, 'learning_rate': 0.0008788791218236285, 'epoch': 0.25}
{'loss': 5.0847, 'grad_norm': 1.9269570112228394, 'learning_rate': 0.0008787579086246242, 'epoch': 0.25}
{'loss': 5.0689, 'grad_norm': 2.1320979595184326, 'learning_rate': 0.0008786366431708324, 'epoch': 0.25}
{'loss': 5.171, 'grad_norm': 2.2135581970214844, 'learning_rate': 0.0008785153254789827, 'epoch': 0.25}
{'loss': 5.1095, 'grad_norm': 1.939688801765442, 'learning_rate': 0.0008783939555658129, 'epoch': 0.25}
{'loss': 5.0726, 'grad_norm': 2.66054105758667, 'learning_rate': 0.0008782725334480677, 'epoch': 0.25}
{'loss': 5.0463, 'grad_norm': 1.8357926607131958, 'learning_rate': 0.0008781510591424986, 'epoch': 0.25}
{'loss': 5.3621, 'grad_norm': 2.4981486797332764, 'learning_rate': 0.0008780295326658648, 'epoch': 0.25}
{'loss': 5.1302, 'grad_norm': 1.996713399887085, 'learning_rate': 0.0008779079540349325, 'epoch': 0.25}
{'loss': 5.2132, 'grad_norm': 1.711338758468628, 'learning_rate': 0.0008777863232664751, 'epoch': 0.25}
{'loss': 5.0233, 'grad_norm': 1.9642746448516846, 'learning_rate': 0.0008776646403772735, 'epoch': 0.25}
{'loss': 5.1382, 'grad_norm': 1.880839467048645, 'learning_rate': 0.0008775429053841149, 'epoch': 0.25}
{'loss': 5.0558, 'grad_norm': 1.8116778135299683, 'learning_rate': 0.0008774211183037949, 'epoch': 0.25}
{'loss': 5.0454, 'grad_norm': 2.0205657482147217, 'learning_rate': 0.0008772992791531153, 'epoch': 0.25}
{'loss': 5.3029, 'grad_norm': 1.8814067840576172, 'learning_rate': 0.0008771773879488857, 'epoch': 0.25}
{'loss': 4.8542, 'grad_norm': 2.1661829948425293, 'learning_rate': 0.0008770554447079225, 'epoch': 0.25}
{'loss': 4.9487, 'grad_norm': 1.933806300163269, 'learning_rate': 0.0008769334494470494, 'epoch': 0.25}
{'loss': 5.163, 'grad_norm': 1.9334176778793335, 'learning_rate': 0.0008768114021830974, 'epoch': 0.25}
{'loss': 5.2055, 'grad_norm': 2.057634115219116, 'learning_rate': 0.0008766893029329046, 'epoch': 0.25}
{'loss': 5.0544, 'grad_norm': 1.8481463193893433, 'learning_rate': 0.000876567151713316, 'epoch': 0.25}
{'loss': 4.96, 'grad_norm': 1.94521164894104, 'learning_rate': 0.0008764449485411843, 'epoch': 0.25}
{'loss': 5.4709, 'grad_norm': 2.2650678157806396, 'learning_rate': 0.000876322693433369, 'epoch': 0.25}
{'loss': 5.2137, 'grad_norm': 1.8269721269607544, 'learning_rate': 0.0008762003864067367, 'epoch': 0.25}
{'loss': 5.1257, 'grad_norm': 2.4756014347076416, 'learning_rate': 0.0008760780274781615, 'epoch': 0.25}
{'loss': 5.0956, 'grad_norm': 1.973869800567627, 'learning_rate': 0.0008759556166645246, 'epoch': 0.25}
{'loss': 5.0437, 'grad_norm': 2.0432024002075195, 'learning_rate': 0.0008758331539827137, 'epoch': 0.25}
{'loss': 5.1006, 'grad_norm': 1.784948706626892, 'learning_rate': 0.0008757106394496248, 'epoch': 0.25}
{'loss': 4.9847, 'grad_norm': 1.7916237115859985, 'learning_rate': 0.0008755880730821602, 'epoch': 0.25}
{'loss': 5.4753, 'grad_norm': 2.0512032508850098, 'learning_rate': 0.0008754654548972294, 'epoch': 0.25}
{'loss': 5.2003, 'grad_norm': 1.8575278520584106, 'learning_rate': 0.0008753427849117495, 'epoch': 0.25}
{'loss': 4.8832, 'grad_norm': 1.8195220232009888, 'learning_rate': 0.0008752200631426442, 'epoch': 0.25}
{'loss': 5.0485, 'grad_norm': 2.1536030769348145, 'learning_rate': 0.0008750972896068449, 'epoch': 0.25}
{'loss': 5.2464, 'grad_norm': 1.882853388786316, 'learning_rate': 0.00087497446432129, 'epoch': 0.25}
{'loss': 5.3329, 'grad_norm': 1.8619108200073242, 'learning_rate': 0.0008748515873029246, 'epoch': 0.25}
{'loss': 5.1201, 'grad_norm': 3.101869821548462, 'learning_rate': 0.0008747286585687012, 'epoch': 0.25}
{'loss': 5.1493, 'grad_norm': 1.7416199445724487, 'learning_rate': 0.0008746056781355798, 'epoch': 0.25}
{'loss': 5.1694, 'grad_norm': 2.186800003051758, 'learning_rate': 0.0008744826460205271, 'epoch': 0.25}
{'loss': 4.97, 'grad_norm': 2.2389416694641113, 'learning_rate': 0.000874359562240517, 'epoch': 0.25}
{'loss': 5.1633, 'grad_norm': 2.008296489715576, 'learning_rate': 0.0008742364268125304, 'epoch': 0.25}
{'loss': 5.2855, 'grad_norm': 2.101408004760742, 'learning_rate': 0.0008741132397535558, 'epoch': 0.25}
{'loss': 5.0123, 'grad_norm': 2.161440372467041, 'learning_rate': 0.0008739900010805885, 'epoch': 0.26}
{'loss': 4.7784, 'grad_norm': 1.7507113218307495, 'learning_rate': 0.0008738667108106308, 'epoch': 0.26}
{'loss': 4.9133, 'grad_norm': 1.9788438081741333, 'learning_rate': 0.0008737433689606923, 'epoch': 0.26}
{'loss': 5.0628, 'grad_norm': 2.0116851329803467, 'learning_rate': 0.0008736199755477898, 'epoch': 0.26}
{'loss': 4.8643, 'grad_norm': 2.147465705871582, 'learning_rate': 0.0008734965305889469, 'epoch': 0.26}
{'loss': 5.163, 'grad_norm': 1.9632362127304077, 'learning_rate': 0.0008733730341011945, 'epoch': 0.26}
{'loss': 5.2395, 'grad_norm': 1.8190525770187378, 'learning_rate': 0.0008732494861015709, 'epoch': 0.26}
{'loss': 5.0665, 'grad_norm': 1.7493555545806885, 'learning_rate': 0.000873125886607121, 'epoch': 0.26}
{'loss': 5.1758, 'grad_norm': 1.8845449686050415, 'learning_rate': 0.000873002235634897, 'epoch': 0.26}
{'loss': 4.862, 'grad_norm': 1.8552114963531494, 'learning_rate': 0.0008728785332019582, 'epoch': 0.26}
{'loss': 5.1316, 'grad_norm': 1.9049890041351318, 'learning_rate': 0.0008727547793253713, 'epoch': 0.26}
{'loss': 5.0053, 'grad_norm': 1.7690081596374512, 'learning_rate': 0.0008726309740222096, 'epoch': 0.26}
{'loss': 5.0194, 'grad_norm': 1.9245998859405518, 'learning_rate': 0.0008725071173095538, 'epoch': 0.26}
{'loss': 5.128, 'grad_norm': 1.950073480606079, 'learning_rate': 0.0008723832092044914, 'epoch': 0.26}
{'loss': 4.9885, 'grad_norm': 1.8040014505386353, 'learning_rate': 0.0008722592497241175, 'epoch': 0.26}
{'loss': 5.3552, 'grad_norm': 1.8378515243530273, 'learning_rate': 0.0008721352388855339, 'epoch': 0.26}
{'loss': 4.7774, 'grad_norm': 2.0378642082214355, 'learning_rate': 0.0008720111767058496, 'epoch': 0.26}
{'loss': 5.1978, 'grad_norm': 2.0191705226898193, 'learning_rate': 0.0008718870632021805, 'epoch': 0.26}
{'loss': 5.2235, 'grad_norm': 1.7837159633636475, 'learning_rate': 0.0008717628983916498, 'epoch': 0.26}
{'loss': 5.2861, 'grad_norm': 1.9006625413894653, 'learning_rate': 0.0008716386822913878, 'epoch': 0.26}
{'loss': 5.0567, 'grad_norm': 1.731308102607727, 'learning_rate': 0.0008715144149185319, 'epoch': 0.26}
{'loss': 5.1079, 'grad_norm': 1.902235507965088, 'learning_rate': 0.0008713900962902261, 'epoch': 0.26}
{'loss': 5.4486, 'grad_norm': 1.695996642112732, 'learning_rate': 0.0008712657264236222, 'epoch': 0.26}
{'loss': 5.263, 'grad_norm': 1.8596636056900024, 'learning_rate': 0.0008711413053358785, 'epoch': 0.26}
{'loss': 5.0697, 'grad_norm': 1.6341086626052856, 'learning_rate': 0.0008710168330441608, 'epoch': 0.26}
{'loss': 5.2685, 'grad_norm': 1.8589375019073486, 'learning_rate': 0.0008708923095656415, 'epoch': 0.26}
{'loss': 4.899, 'grad_norm': 1.8378289937973022, 'learning_rate': 0.0008707677349175004, 'epoch': 0.26}
{'loss': 5.0445, 'grad_norm': 1.587229609489441, 'learning_rate': 0.0008706431091169242, 'epoch': 0.26}
{'loss': 5.0275, 'grad_norm': 1.9388989210128784, 'learning_rate': 0.0008705184321811068, 'epoch': 0.26}
{'loss': 4.8987, 'grad_norm': 1.7697083950042725, 'learning_rate': 0.0008703937041272491, 'epoch': 0.26}
{'loss': 5.1779, 'grad_norm': 1.8621485233306885, 'learning_rate': 0.000870268924972559, 'epoch': 0.26}
{'loss': 5.1942, 'grad_norm': 2.0232648849487305, 'learning_rate': 0.0008701440947342514, 'epoch': 0.26}
{'loss': 5.011, 'grad_norm': 1.7389360666275024, 'learning_rate': 0.0008700192134295483, 'epoch': 0.26}
{'loss': 5.0987, 'grad_norm': 1.8816070556640625, 'learning_rate': 0.000869894281075679, 'epoch': 0.26}
{'loss': 5.0408, 'grad_norm': 1.9267908334732056, 'learning_rate': 0.0008697692976898793, 'epoch': 0.26}
{'loss': 5.0827, 'grad_norm': 1.8754801750183105, 'learning_rate': 0.0008696442632893926, 'epoch': 0.26}
{'loss': 5.0525, 'grad_norm': 2.047260284423828, 'learning_rate': 0.0008695191778914689, 'epoch': 0.26}
{'loss': 5.314, 'grad_norm': 1.9098104238510132, 'learning_rate': 0.0008693940415133657, 'epoch': 0.26}
{'loss': 5.0515, 'grad_norm': 1.9274426698684692, 'learning_rate': 0.0008692688541723469, 'epoch': 0.26}
{'loss': 5.1123, 'grad_norm': 1.7639527320861816, 'learning_rate': 0.000869143615885684, 'epoch': 0.26}
{'loss': 5.2808, 'grad_norm': 1.9692775011062622, 'learning_rate': 0.0008690183266706553, 'epoch': 0.26}
{'loss': 5.1222, 'grad_norm': 1.8742259740829468, 'learning_rate': 0.0008688929865445463, 'epoch': 0.26}
{'loss': 5.0044, 'grad_norm': 1.6685007810592651, 'learning_rate': 0.000868767595524649, 'epoch': 0.26}
{'loss': 4.8932, 'grad_norm': 2.1436071395874023, 'learning_rate': 0.0008686421536282632, 'epoch': 0.26}
{'loss': 5.1783, 'grad_norm': 1.7961480617523193, 'learning_rate': 0.0008685166608726948, 'epoch': 0.26}
{'loss': 5.1733, 'grad_norm': 1.7220878601074219, 'learning_rate': 0.0008683911172752578, 'epoch': 0.26}
{'loss': 5.353, 'grad_norm': 2.0345101356506348, 'learning_rate': 0.0008682655228532723, 'epoch': 0.26}
{'loss': 4.6993, 'grad_norm': 1.599936842918396, 'learning_rate': 0.0008681398776240658, 'epoch': 0.26}
{'loss': 5.1849, 'grad_norm': 1.8907475471496582, 'learning_rate': 0.0008680141816049728, 'epoch': 0.26}
{'loss': 4.9428, 'grad_norm': 2.002190589904785, 'learning_rate': 0.0008678884348133348, 'epoch': 0.26}
{'loss': 5.3031, 'grad_norm': 2.039325714111328, 'learning_rate': 0.0008677626372665002, 'epoch': 0.26}
{'loss': 5.08, 'grad_norm': 1.7715904712677002, 'learning_rate': 0.0008676367889818245, 'epoch': 0.26}
{'loss': 5.0603, 'grad_norm': 2.0632071495056152, 'learning_rate': 0.0008675108899766702, 'epoch': 0.26}
{'loss': 5.1761, 'grad_norm': 1.806272029876709, 'learning_rate': 0.0008673849402684068, 'epoch': 0.26}
{'loss': 5.0404, 'grad_norm': 1.7158600091934204, 'learning_rate': 0.0008672589398744106, 'epoch': 0.26}
{'loss': 4.9946, 'grad_norm': 1.7985541820526123, 'learning_rate': 0.0008671328888120653, 'epoch': 0.26}
{'loss': 4.8992, 'grad_norm': 1.6760504245758057, 'learning_rate': 0.0008670067870987613, 'epoch': 0.26}
{'loss': 5.0867, 'grad_norm': 1.9319108724594116, 'learning_rate': 0.000866880634751896, 'epoch': 0.26}
{'loss': 5.2305, 'grad_norm': 1.87942373752594, 'learning_rate': 0.0008667544317888738, 'epoch': 0.26}
{'loss': 5.2093, 'grad_norm': 1.8202264308929443, 'learning_rate': 0.0008666281782271061, 'epoch': 0.26}
{'loss': 5.1518, 'grad_norm': 1.7811822891235352, 'learning_rate': 0.0008665018740840111, 'epoch': 0.26}
{'loss': 5.1318, 'grad_norm': 1.77164888381958, 'learning_rate': 0.0008663755193770147, 'epoch': 0.26}
{'loss': 4.9698, 'grad_norm': 1.9648367166519165, 'learning_rate': 0.0008662491141235488, 'epoch': 0.26}
{'loss': 5.0358, 'grad_norm': 1.8680402040481567, 'learning_rate': 0.0008661226583410529, 'epoch': 0.26}
{'loss': 5.3317, 'grad_norm': 1.802951455116272, 'learning_rate': 0.0008659961520469732, 'epoch': 0.26}
{'loss': 5.0483, 'grad_norm': 1.8800241947174072, 'learning_rate': 0.000865869595258763, 'epoch': 0.26}
{'loss': 4.8313, 'grad_norm': 1.9057012796401978, 'learning_rate': 0.0008657429879938825, 'epoch': 0.26}
{'loss': 5.3632, 'grad_norm': 2.5027031898498535, 'learning_rate': 0.000865616330269799, 'epoch': 0.26}
{'loss': 4.9458, 'grad_norm': 1.9106985330581665, 'learning_rate': 0.0008654896221039863, 'epoch': 0.26}
{'loss': 5.1777, 'grad_norm': 2.1019504070281982, 'learning_rate': 0.0008653628635139259, 'epoch': 0.26}
{'loss': 5.2587, 'grad_norm': 2.05476975440979, 'learning_rate': 0.0008652360545171058, 'epoch': 0.26}
{'loss': 5.06, 'grad_norm': 1.8807717561721802, 'learning_rate': 0.000865109195131021, 'epoch': 0.26}
{'loss': 5.0314, 'grad_norm': 1.937843680381775, 'learning_rate': 0.0008649822853731733, 'epoch': 0.26}
{'loss': 5.0625, 'grad_norm': 2.146944284439087, 'learning_rate': 0.0008648553252610718, 'epoch': 0.26}
{'loss': 5.1039, 'grad_norm': 1.9185714721679688, 'learning_rate': 0.0008647283148122322, 'epoch': 0.26}
{'loss': 4.8469, 'grad_norm': 1.8417702913284302, 'learning_rate': 0.0008646012540441776, 'epoch': 0.26}
{'loss': 4.9158, 'grad_norm': 1.7826186418533325, 'learning_rate': 0.0008644741429744376, 'epoch': 0.26}
{'loss': 5.0635, 'grad_norm': 1.840248703956604, 'learning_rate': 0.0008643469816205487, 'epoch': 0.26}
{'loss': 5.2761, 'grad_norm': 1.9839446544647217, 'learning_rate': 0.0008642197700000549, 'epoch': 0.26}
{'loss': 5.23, 'grad_norm': 1.9737704992294312, 'learning_rate': 0.0008640925081305064, 'epoch': 0.26}
{'loss': 5.2495, 'grad_norm': 1.9299073219299316, 'learning_rate': 0.000863965196029461, 'epoch': 0.26}
{'loss': 5.1606, 'grad_norm': 2.0973777770996094, 'learning_rate': 0.000863837833714483, 'epoch': 0.26}
{'loss': 5.0352, 'grad_norm': 1.790144920349121, 'learning_rate': 0.0008637104212031437, 'epoch': 0.26}
{'loss': 5.1123, 'grad_norm': 2.319481611251831, 'learning_rate': 0.0008635829585130214, 'epoch': 0.26}
{'loss': 4.9902, 'grad_norm': 1.6962753534317017, 'learning_rate': 0.0008634554456617014, 'epoch': 0.26}
{'loss': 4.9088, 'grad_norm': 2.398111581802368, 'learning_rate': 0.0008633278826667758, 'epoch': 0.26}
{'loss': 4.9078, 'grad_norm': 2.050724744796753, 'learning_rate': 0.0008632002695458437, 'epoch': 0.26}
{'loss': 4.9891, 'grad_norm': 1.911582589149475, 'learning_rate': 0.000863072606316511, 'epoch': 0.27}
{'loss': 5.2266, 'grad_norm': 1.878453016281128, 'learning_rate': 0.0008629448929963905, 'epoch': 0.27}
{'loss': 5.1278, 'grad_norm': 1.9119834899902344, 'learning_rate': 0.000862817129603102, 'epoch': 0.27}
{'loss': 4.9297, 'grad_norm': 2.1692914962768555, 'learning_rate': 0.0008626893161542723, 'epoch': 0.27}
{'loss': 4.8556, 'grad_norm': 2.3219187259674072, 'learning_rate': 0.0008625614526675348, 'epoch': 0.27}
{'loss': 5.308, 'grad_norm': 1.9850995540618896, 'learning_rate': 0.0008624335391605303, 'epoch': 0.27}
{'loss': 5.1421, 'grad_norm': 2.4232277870178223, 'learning_rate': 0.0008623055756509059, 'epoch': 0.27}
{'loss': 5.0396, 'grad_norm': 1.8688842058181763, 'learning_rate': 0.0008621775621563162, 'epoch': 0.27}
{'loss': 5.211, 'grad_norm': 2.1973729133605957, 'learning_rate': 0.0008620494986944221, 'epoch': 0.27}
{'loss': 5.1562, 'grad_norm': 2.368901252746582, 'learning_rate': 0.0008619213852828918, 'epoch': 0.27}
{'loss': 5.0231, 'grad_norm': 1.8235313892364502, 'learning_rate': 0.0008617932219394005, 'epoch': 0.27}
{'loss': 5.1585, 'grad_norm': 2.100133180618286, 'learning_rate': 0.0008616650086816297, 'epoch': 0.27}
{'loss': 5.2343, 'grad_norm': 2.0602240562438965, 'learning_rate': 0.0008615367455272684, 'epoch': 0.27}
{'loss': 5.2303, 'grad_norm': 1.9658381938934326, 'learning_rate': 0.0008614084324940121, 'epoch': 0.27}
{'loss': 5.1207, 'grad_norm': 2.03922438621521, 'learning_rate': 0.0008612800695995635, 'epoch': 0.27}
{'loss': 5.3258, 'grad_norm': 1.9318113327026367, 'learning_rate': 0.0008611516568616318, 'epoch': 0.27}
{'loss': 4.7118, 'grad_norm': 1.848399043083191, 'learning_rate': 0.0008610231942979334, 'epoch': 0.27}
{'loss': 5.2397, 'grad_norm': 2.1007416248321533, 'learning_rate': 0.0008608946819261914, 'epoch': 0.27}
{'loss': 5.2496, 'grad_norm': 1.9741392135620117, 'learning_rate': 0.0008607661197641359, 'epoch': 0.27}
{'loss': 5.2017, 'grad_norm': 1.8585275411605835, 'learning_rate': 0.0008606375078295037, 'epoch': 0.27}
{'loss': 4.9344, 'grad_norm': 2.132209062576294, 'learning_rate': 0.0008605088461400387, 'epoch': 0.27}
{'loss': 5.2625, 'grad_norm': 1.7551720142364502, 'learning_rate': 0.0008603801347134914, 'epoch': 0.27}
{'loss': 5.3326, 'grad_norm': 2.1985068321228027, 'learning_rate': 0.0008602513735676192, 'epoch': 0.27}
{'loss': 4.9466, 'grad_norm': 1.730939269065857, 'learning_rate': 0.0008601225627201867, 'epoch': 0.27}
{'loss': 4.8149, 'grad_norm': 2.1844332218170166, 'learning_rate': 0.000859993702188965, 'epoch': 0.27}
{'loss': 4.9048, 'grad_norm': 1.8423506021499634, 'learning_rate': 0.000859864791991732, 'epoch': 0.27}
{'loss': 5.1334, 'grad_norm': 1.92305326461792, 'learning_rate': 0.0008597358321462727, 'epoch': 0.27}
{'loss': 4.8317, 'grad_norm': 1.7335377931594849, 'learning_rate': 0.000859606822670379, 'epoch': 0.27}
{'loss': 5.1882, 'grad_norm': 2.0208756923675537, 'learning_rate': 0.0008594777635818493, 'epoch': 0.27}
{'loss': 5.0446, 'grad_norm': 1.9864386320114136, 'learning_rate': 0.0008593486548984892, 'epoch': 0.27}
{'loss': 5.2929, 'grad_norm': 1.9797159433364868, 'learning_rate': 0.000859219496638111, 'epoch': 0.27}
{'loss': 5.211, 'grad_norm': 1.92861807346344, 'learning_rate': 0.0008590902888185337, 'epoch': 0.27}
{'loss': 5.1964, 'grad_norm': 1.8289384841918945, 'learning_rate': 0.0008589610314575833, 'epoch': 0.27}
{'loss': 5.2025, 'grad_norm': 1.7951040267944336, 'learning_rate': 0.0008588317245730927, 'epoch': 0.27}
{'loss': 5.1992, 'grad_norm': 1.8918161392211914, 'learning_rate': 0.0008587023681829014, 'epoch': 0.27}
{'loss': 5.2413, 'grad_norm': 2.004135847091675, 'learning_rate': 0.0008585729623048561, 'epoch': 0.27}
{'loss': 5.1387, 'grad_norm': 1.636233925819397, 'learning_rate': 0.0008584435069568097, 'epoch': 0.27}
{'loss': 4.6902, 'grad_norm': 1.6569525003433228, 'learning_rate': 0.0008583140021566229, 'epoch': 0.27}
{'loss': 5.0134, 'grad_norm': 1.710225224494934, 'learning_rate': 0.0008581844479221622, 'epoch': 0.27}
{'loss': 5.1803, 'grad_norm': 2.105546712875366, 'learning_rate': 0.0008580548442713012, 'epoch': 0.27}
{'loss': 5.1877, 'grad_norm': 1.8941705226898193, 'learning_rate': 0.000857925191221921, 'epoch': 0.27}
{'loss': 5.1306, 'grad_norm': 2.010321855545044, 'learning_rate': 0.0008577954887919088, 'epoch': 0.27}
{'loss': 5.1862, 'grad_norm': 1.9768749475479126, 'learning_rate': 0.0008576657369991586, 'epoch': 0.27}
{'loss': 5.074, 'grad_norm': 1.9436203241348267, 'learning_rate': 0.0008575359358615716, 'epoch': 0.27}
{'loss': 5.2659, 'grad_norm': 1.8088796138763428, 'learning_rate': 0.0008574060853970556, 'epoch': 0.27}
{'loss': 5.2861, 'grad_norm': 1.5935612916946411, 'learning_rate': 0.0008572761856235254, 'epoch': 0.27}
{'loss': 4.9763, 'grad_norm': 1.8711462020874023, 'learning_rate': 0.000857146236558902, 'epoch': 0.27}
{'loss': 4.9663, 'grad_norm': 1.6841667890548706, 'learning_rate': 0.0008570162382211141, 'epoch': 0.27}
{'loss': 4.9706, 'grad_norm': 2.086365222930908, 'learning_rate': 0.0008568861906280965, 'epoch': 0.27}
{'loss': 5.0732, 'grad_norm': 1.7793371677398682, 'learning_rate': 0.0008567560937977911, 'epoch': 0.27}
{'loss': 4.9106, 'grad_norm': 2.1634089946746826, 'learning_rate': 0.0008566259477481464, 'epoch': 0.27}
{'loss': 4.8898, 'grad_norm': 1.80025053024292, 'learning_rate': 0.000856495752497118, 'epoch': 0.27}
{'loss': 5.4043, 'grad_norm': 2.1363348960876465, 'learning_rate': 0.0008563655080626678, 'epoch': 0.27}
{'loss': 5.3417, 'grad_norm': 2.0381569862365723, 'learning_rate': 0.0008562352144627652, 'epoch': 0.27}
{'loss': 5.0338, 'grad_norm': 1.9790706634521484, 'learning_rate': 0.0008561048717153856, 'epoch': 0.27}
{'loss': 5.2271, 'grad_norm': 2.289778470993042, 'learning_rate': 0.0008559744798385117, 'epoch': 0.27}
{'loss': 4.9848, 'grad_norm': 1.8705570697784424, 'learning_rate': 0.000855844038850133, 'epoch': 0.27}
{'loss': 4.9671, 'grad_norm': 2.1283767223358154, 'learning_rate': 0.0008557135487682453, 'epoch': 0.27}
{'loss': 5.1738, 'grad_norm': 1.7704836130142212, 'learning_rate': 0.0008555830096108514, 'epoch': 0.27}
{'loss': 5.0112, 'grad_norm': 1.6588164567947388, 'learning_rate': 0.0008554524213959616, 'epoch': 0.27}
{'loss': 5.2457, 'grad_norm': 2.238272190093994, 'learning_rate': 0.0008553217841415914, 'epoch': 0.27}
{'loss': 5.1128, 'grad_norm': 1.8822920322418213, 'learning_rate': 0.0008551910978657649, 'epoch': 0.27}
{'loss': 5.1006, 'grad_norm': 1.8335504531860352, 'learning_rate': 0.0008550603625865112, 'epoch': 0.27}
{'loss': 5.2435, 'grad_norm': 2.029634714126587, 'learning_rate': 0.0008549295783218675, 'epoch': 0.27}
{'loss': 5.1186, 'grad_norm': 1.7017639875411987, 'learning_rate': 0.0008547987450898773, 'epoch': 0.27}
{'loss': 4.9851, 'grad_norm': 1.9019556045532227, 'learning_rate': 0.0008546678629085906, 'epoch': 0.27}
{'loss': 5.11, 'grad_norm': 1.7103276252746582, 'learning_rate': 0.0008545369317960644, 'epoch': 0.27}
{'loss': 4.8833, 'grad_norm': 1.8093022108078003, 'learning_rate': 0.0008544059517703625, 'epoch': 0.27}
{'loss': 5.1272, 'grad_norm': 2.0331263542175293, 'learning_rate': 0.0008542749228495554, 'epoch': 0.27}
{'loss': 5.0557, 'grad_norm': 1.8702539205551147, 'learning_rate': 0.00085414384505172, 'epoch': 0.27}
{'loss': 5.373, 'grad_norm': 2.0681049823760986, 'learning_rate': 0.0008540127183949409, 'epoch': 0.27}
{'loss': 4.8829, 'grad_norm': 2.208679676055908, 'learning_rate': 0.0008538815428973081, 'epoch': 0.27}
{'loss': 5.2483, 'grad_norm': 1.9892030954360962, 'learning_rate': 0.0008537503185769195, 'epoch': 0.27}
{'loss': 5.2222, 'grad_norm': 1.794862151145935, 'learning_rate': 0.000853619045451879, 'epoch': 0.27}
{'loss': 5.1124, 'grad_norm': 1.9344300031661987, 'learning_rate': 0.0008534877235402977, 'epoch': 0.27}
{'loss': 4.9024, 'grad_norm': 1.8988686800003052, 'learning_rate': 0.0008533563528602933, 'epoch': 0.27}
{'loss': 4.9408, 'grad_norm': 1.9112273454666138, 'learning_rate': 0.0008532249334299897, 'epoch': 0.27}
{'loss': 4.9924, 'grad_norm': 1.9627108573913574, 'learning_rate': 0.0008530934652675186, 'epoch': 0.27}
{'loss': 5.2169, 'grad_norm': 2.0004420280456543, 'learning_rate': 0.0008529619483910175, 'epoch': 0.27}
{'loss': 4.9595, 'grad_norm': 1.9599769115447998, 'learning_rate': 0.0008528303828186309, 'epoch': 0.27}
{'loss': 5.2313, 'grad_norm': 1.9028598070144653, 'learning_rate': 0.0008526987685685101, 'epoch': 0.27}
{'loss': 4.942, 'grad_norm': 2.326753854751587, 'learning_rate': 0.0008525671056588133, 'epoch': 0.27}
{'loss': 5.1496, 'grad_norm': 1.8918105363845825, 'learning_rate': 0.0008524353941077047, 'epoch': 0.27}
{'loss': 5.2724, 'grad_norm': 2.3885629177093506, 'learning_rate': 0.0008523036339333563, 'epoch': 0.27}
{'loss': 4.993, 'grad_norm': 1.909355878829956, 'learning_rate': 0.0008521718251539457, 'epoch': 0.27}
{'loss': 5.2744, 'grad_norm': 2.180576801300049, 'learning_rate': 0.0008520399677876578, 'epoch': 0.27}
{'loss': 4.9863, 'grad_norm': 1.7115073204040527, 'learning_rate': 0.0008519080618526844, 'epoch': 0.27}
{'loss': 5.0694, 'grad_norm': 1.9658288955688477, 'learning_rate': 0.0008517761073672235, 'epoch': 0.27}
{'loss': 5.2292, 'grad_norm': 1.7922451496124268, 'learning_rate': 0.0008516441043494798, 'epoch': 0.28}
{'loss': 5.2304, 'grad_norm': 1.7157766819000244, 'learning_rate': 0.0008515120528176653, 'epoch': 0.28}
{'loss': 4.9195, 'grad_norm': 1.7030946016311646, 'learning_rate': 0.0008513799527899981, 'epoch': 0.28}
{'loss': 5.0989, 'grad_norm': 1.933417558670044, 'learning_rate': 0.0008512478042847031, 'epoch': 0.28}
{'loss': 4.9891, 'grad_norm': 1.7845432758331299, 'learning_rate': 0.0008511156073200123, 'epoch': 0.28}
{'loss': 5.1152, 'grad_norm': 1.918049931526184, 'learning_rate': 0.0008509833619141637, 'epoch': 0.28}
{'loss': 5.1479, 'grad_norm': 1.6867101192474365, 'learning_rate': 0.0008508510680854026, 'epoch': 0.28}
{'loss': 5.0319, 'grad_norm': 2.092430591583252, 'learning_rate': 0.0008507187258519805, 'epoch': 0.28}
{'loss': 5.2979, 'grad_norm': 1.6951102018356323, 'learning_rate': 0.0008505863352321561, 'epoch': 0.28}
{'loss': 4.8966, 'grad_norm': 1.8914530277252197, 'learning_rate': 0.0008504538962441942, 'epoch': 0.28}
{'loss': 5.1073, 'grad_norm': 1.960132122039795, 'learning_rate': 0.0008503214089063667, 'epoch': 0.28}
{'loss': 5.148, 'grad_norm': 1.8903465270996094, 'learning_rate': 0.0008501888732369519, 'epoch': 0.28}
{'loss': 5.1988, 'grad_norm': 1.724103569984436, 'learning_rate': 0.0008500562892542352, 'epoch': 0.28}
{'loss': 5.0386, 'grad_norm': 1.8162091970443726, 'learning_rate': 0.000849923656976508, 'epoch': 0.28}
{'loss': 4.9337, 'grad_norm': 1.9113508462905884, 'learning_rate': 0.0008497909764220689, 'epoch': 0.28}
{'loss': 5.0138, 'grad_norm': 2.077504873275757, 'learning_rate': 0.0008496582476092228, 'epoch': 0.28}
{'loss': 5.0633, 'grad_norm': 1.6778929233551025, 'learning_rate': 0.0008495254705562818, 'epoch': 0.28}
{'loss': 4.8588, 'grad_norm': 1.7815468311309814, 'learning_rate': 0.0008493926452815639, 'epoch': 0.28}
{'loss': 4.9529, 'grad_norm': 1.9536666870117188, 'learning_rate': 0.0008492597718033944, 'epoch': 0.28}
{'loss': 5.2602, 'grad_norm': 1.7271231412887573, 'learning_rate': 0.0008491268501401051, 'epoch': 0.28}
{'loss': 5.1891, 'grad_norm': 1.8791972398757935, 'learning_rate': 0.0008489938803100339, 'epoch': 0.28}
{'loss': 4.8019, 'grad_norm': 1.7335643768310547, 'learning_rate': 0.0008488608623315262, 'epoch': 0.28}
{'loss': 4.9492, 'grad_norm': 2.179304599761963, 'learning_rate': 0.0008487277962229334, 'epoch': 0.28}
{'loss': 4.8762, 'grad_norm': 1.8158214092254639, 'learning_rate': 0.0008485946820026138, 'epoch': 0.28}
{'loss': 4.8556, 'grad_norm': 1.841841220855713, 'learning_rate': 0.0008484615196889326, 'epoch': 0.28}
{'loss': 5.0964, 'grad_norm': 1.9157824516296387, 'learning_rate': 0.0008483283093002609, 'epoch': 0.28}
{'loss': 5.1967, 'grad_norm': 1.7634268999099731, 'learning_rate': 0.0008481950508549773, 'epoch': 0.28}
{'loss': 5.1545, 'grad_norm': 1.8563308715820312, 'learning_rate': 0.0008480617443714664, 'epoch': 0.28}
{'loss': 5.1985, 'grad_norm': 1.7247774600982666, 'learning_rate': 0.0008479283898681194, 'epoch': 0.28}
{'loss': 5.0642, 'grad_norm': 1.958171010017395, 'learning_rate': 0.0008477949873633348, 'epoch': 0.28}
{'loss': 5.1385, 'grad_norm': 1.7762821912765503, 'learning_rate': 0.000847661536875517, 'epoch': 0.28}
{'loss': 5.0954, 'grad_norm': 1.9998480081558228, 'learning_rate': 0.0008475280384230776, 'epoch': 0.28}
{'loss': 5.1804, 'grad_norm': 1.9244029521942139, 'learning_rate': 0.0008473944920244342, 'epoch': 0.28}
{'loss': 4.9046, 'grad_norm': 2.1435279846191406, 'learning_rate': 0.0008472608976980114, 'epoch': 0.28}
{'loss': 5.1166, 'grad_norm': 2.1892828941345215, 'learning_rate': 0.0008471272554622405, 'epoch': 0.28}
{'loss': 4.87, 'grad_norm': 1.8323544263839722, 'learning_rate': 0.0008469935653355591, 'epoch': 0.28}
{'loss': 5.1102, 'grad_norm': 2.1180379390716553, 'learning_rate': 0.0008468598273364114, 'epoch': 0.28}
{'loss': 5.0167, 'grad_norm': 1.789594292640686, 'learning_rate': 0.0008467260414832489, 'epoch': 0.28}
{'loss': 5.0695, 'grad_norm': 1.7101624011993408, 'learning_rate': 0.0008465922077945287, 'epoch': 0.28}
{'loss': 4.9512, 'grad_norm': 1.741711139678955, 'learning_rate': 0.0008464583262887154, 'epoch': 0.28}
{'loss': 5.1077, 'grad_norm': 1.7122924327850342, 'learning_rate': 0.0008463243969842793, 'epoch': 0.28}
{'loss': 5.2178, 'grad_norm': 1.9649171829223633, 'learning_rate': 0.0008461904198996979, 'epoch': 0.28}
{'loss': 4.9818, 'grad_norm': 1.664391040802002, 'learning_rate': 0.0008460563950534554, 'epoch': 0.28}
{'loss': 4.9421, 'grad_norm': 2.0041165351867676, 'learning_rate': 0.0008459223224640419, 'epoch': 0.28}
{'loss': 4.9299, 'grad_norm': 1.6147446632385254, 'learning_rate': 0.0008457882021499551, 'epoch': 0.28}
{'loss': 5.1197, 'grad_norm': 2.0826988220214844, 'learning_rate': 0.0008456540341296984, 'epoch': 0.28}
{'loss': 5.0482, 'grad_norm': 1.7882049083709717, 'learning_rate': 0.0008455198184217818, 'epoch': 0.28}
{'loss': 5.2825, 'grad_norm': 2.1621110439300537, 'learning_rate': 0.0008453855550447228, 'epoch': 0.28}
{'loss': 5.3928, 'grad_norm': 2.2296762466430664, 'learning_rate': 0.0008452512440170445, 'epoch': 0.28}
{'loss': 5.2245, 'grad_norm': 1.9534064531326294, 'learning_rate': 0.0008451168853572768, 'epoch': 0.28}
{'loss': 5.3204, 'grad_norm': 1.7854059934616089, 'learning_rate': 0.0008449824790839566, 'epoch': 0.28}
{'loss': 5.1039, 'grad_norm': 1.9184991121292114, 'learning_rate': 0.0008448480252156269, 'epoch': 0.28}
{'loss': 4.9258, 'grad_norm': 1.7217274904251099, 'learning_rate': 0.0008447135237708375, 'epoch': 0.28}
{'loss': 5.1494, 'grad_norm': 1.88808012008667, 'learning_rate': 0.0008445789747681447, 'epoch': 0.28}
{'loss': 5.2254, 'grad_norm': 1.7259396314620972, 'learning_rate': 0.0008444443782261113, 'epoch': 0.28}
{'loss': 5.3442, 'grad_norm': 2.0294864177703857, 'learning_rate': 0.0008443097341633067, 'epoch': 0.28}
{'loss': 4.9652, 'grad_norm': 1.6488173007965088, 'learning_rate': 0.000844175042598307, 'epoch': 0.28}
{'loss': 5.0231, 'grad_norm': 1.843301773071289, 'learning_rate': 0.0008440403035496944, 'epoch': 0.28}
{'loss': 5.0202, 'grad_norm': 1.7603158950805664, 'learning_rate': 0.0008439055170360585, 'epoch': 0.28}
{'loss': 5.3531, 'grad_norm': 1.948859691619873, 'learning_rate': 0.0008437706830759945, 'epoch': 0.28}
{'loss': 4.9363, 'grad_norm': 1.9367289543151855, 'learning_rate': 0.0008436358016881047, 'epoch': 0.28}
{'loss': 4.8336, 'grad_norm': 1.763730525970459, 'learning_rate': 0.000843500872890998, 'epoch': 0.28}
{'loss': 5.1216, 'grad_norm': 1.7192646265029907, 'learning_rate': 0.0008433658967032893, 'epoch': 0.28}
{'loss': 4.9798, 'grad_norm': 1.9371949434280396, 'learning_rate': 0.0008432308731436008, 'epoch': 0.28}
{'loss': 5.221, 'grad_norm': 1.8307075500488281, 'learning_rate': 0.0008430958022305604, 'epoch': 0.28}
{'loss': 4.9885, 'grad_norm': 1.8056954145431519, 'learning_rate': 0.0008429606839828034, 'epoch': 0.28}
{'loss': 4.8629, 'grad_norm': 1.7044180631637573, 'learning_rate': 0.0008428255184189708, 'epoch': 0.28}
{'loss': 4.9559, 'grad_norm': 1.6267950534820557, 'learning_rate': 0.0008426903055577106, 'epoch': 0.28}
{'loss': 5.1166, 'grad_norm': 2.067258596420288, 'learning_rate': 0.0008425550454176776, 'epoch': 0.28}
{'loss': 5.0006, 'grad_norm': 1.9567596912384033, 'learning_rate': 0.0008424197380175325, 'epoch': 0.28}
{'loss': 4.8399, 'grad_norm': 1.6100423336029053, 'learning_rate': 0.0008422843833759426, 'epoch': 0.28}
{'loss': 5.0463, 'grad_norm': 1.6577649116516113, 'learning_rate': 0.0008421489815115823, 'epoch': 0.28}
{'loss': 5.0048, 'grad_norm': 1.752070426940918, 'learning_rate': 0.0008420135324431319, 'epoch': 0.28}
{'loss': 5.0707, 'grad_norm': 2.1116063594818115, 'learning_rate': 0.0008418780361892784, 'epoch': 0.28}
{'loss': 5.2681, 'grad_norm': 2.123426914215088, 'learning_rate': 0.0008417424927687155, 'epoch': 0.28}
{'loss': 5.2674, 'grad_norm': 1.8664265871047974, 'learning_rate': 0.000841606902200143, 'epoch': 0.28}
{'loss': 4.9191, 'grad_norm': 1.9159051179885864, 'learning_rate': 0.0008414712645022677, 'epoch': 0.28}
{'loss': 5.0102, 'grad_norm': 1.8437623977661133, 'learning_rate': 0.0008413355796938027, 'epoch': 0.28}
{'loss': 5.0825, 'grad_norm': 1.8703709840774536, 'learning_rate': 0.0008411998477934673, 'epoch': 0.28}
{'loss': 5.3108, 'grad_norm': 1.8883540630340576, 'learning_rate': 0.0008410640688199879, 'epoch': 0.28}
{'loss': 4.7249, 'grad_norm': 1.5973453521728516, 'learning_rate': 0.0008409282427920966, 'epoch': 0.28}
{'loss': 4.9447, 'grad_norm': 1.9765008687973022, 'learning_rate': 0.0008407923697285329, 'epoch': 0.28}
{'loss': 4.9228, 'grad_norm': 1.5947036743164062, 'learning_rate': 0.000840656449648042, 'epoch': 0.28}
{'loss': 4.961, 'grad_norm': 1.8529753684997559, 'learning_rate': 0.0008405204825693759, 'epoch': 0.28}
{'loss': 5.2795, 'grad_norm': 1.8343684673309326, 'learning_rate': 0.0008403844685112936, 'epoch': 0.28}
{'loss': 5.197, 'grad_norm': 1.8306841850280762, 'learning_rate': 0.0008402484074925594, 'epoch': 0.28}
{'loss': 5.2413, 'grad_norm': 1.8616931438446045, 'learning_rate': 0.0008401122995319452, 'epoch': 0.28}
{'loss': 5.1874, 'grad_norm': 1.8758925199508667, 'learning_rate': 0.0008399761446482288, 'epoch': 0.29}
{'loss': 5.0427, 'grad_norm': 2.06646728515625, 'learning_rate': 0.0008398399428601946, 'epoch': 0.29}
{'loss': 5.3403, 'grad_norm': 1.761237621307373, 'learning_rate': 0.0008397036941866337, 'epoch': 0.29}
{'loss': 5.0855, 'grad_norm': 1.6403801441192627, 'learning_rate': 0.000839567398646343, 'epoch': 0.29}
{'loss': 5.2641, 'grad_norm': 2.064467191696167, 'learning_rate': 0.0008394310562581269, 'epoch': 0.29}
{'loss': 5.3907, 'grad_norm': 1.820326805114746, 'learning_rate': 0.0008392946670407952, 'epoch': 0.29}
{'loss': 4.981, 'grad_norm': 1.679250955581665, 'learning_rate': 0.0008391582310131647, 'epoch': 0.29}
{'loss': 5.0087, 'grad_norm': 1.944972038269043, 'learning_rate': 0.0008390217481940588, 'epoch': 0.29}
{'loss': 4.9121, 'grad_norm': 1.6926339864730835, 'learning_rate': 0.0008388852186023072, 'epoch': 0.29}
{'loss': 5.059, 'grad_norm': 2.1343555450439453, 'learning_rate': 0.0008387486422567457, 'epoch': 0.29}
{'loss': 5.2991, 'grad_norm': 1.9743226766586304, 'learning_rate': 0.000838612019176217, 'epoch': 0.29}
{'loss': 5.0565, 'grad_norm': 1.813414216041565, 'learning_rate': 0.0008384753493795703, 'epoch': 0.29}
{'loss': 5.1269, 'grad_norm': 1.8137099742889404, 'learning_rate': 0.0008383386328856606, 'epoch': 0.29}
{'loss': 5.3684, 'grad_norm': 1.8011889457702637, 'learning_rate': 0.0008382018697133504, 'epoch': 0.29}
{'loss': 5.3037, 'grad_norm': 1.9058566093444824, 'learning_rate': 0.0008380650598815076, 'epoch': 0.29}
{'loss': 5.1023, 'grad_norm': 1.6866024732589722, 'learning_rate': 0.000837928203409007, 'epoch': 0.29}
{'loss': 4.9467, 'grad_norm': 1.759109616279602, 'learning_rate': 0.0008377913003147301, 'epoch': 0.29}
{'loss': 5.1226, 'grad_norm': 1.629971981048584, 'learning_rate': 0.000837654350617564, 'epoch': 0.29}
{'loss': 4.9787, 'grad_norm': 1.7643688917160034, 'learning_rate': 0.0008375173543364034, 'epoch': 0.29}
{'loss': 5.2305, 'grad_norm': 1.9912493228912354, 'learning_rate': 0.0008373803114901483, 'epoch': 0.29}
{'loss': 5.0913, 'grad_norm': 1.8536592721939087, 'learning_rate': 0.000837243222097706, 'epoch': 0.29}
{'loss': 5.2802, 'grad_norm': 1.851453423500061, 'learning_rate': 0.0008371060861779894, 'epoch': 0.29}
{'loss': 5.078, 'grad_norm': 1.935615062713623, 'learning_rate': 0.0008369689037499187, 'epoch': 0.29}
{'loss': 5.1555, 'grad_norm': 2.0141983032226562, 'learning_rate': 0.0008368316748324199, 'epoch': 0.29}
{'loss': 5.1213, 'grad_norm': 1.7493712902069092, 'learning_rate': 0.0008366943994444254, 'epoch': 0.29}
{'loss': 4.9597, 'grad_norm': 1.8186554908752441, 'learning_rate': 0.0008365570776048744, 'epoch': 0.29}
{'loss': 5.1842, 'grad_norm': 2.079420566558838, 'learning_rate': 0.0008364197093327124, 'epoch': 0.29}
{'loss': 5.051, 'grad_norm': 1.726403832435608, 'learning_rate': 0.0008362822946468909, 'epoch': 0.29}
{'loss': 5.0335, 'grad_norm': 1.8184378147125244, 'learning_rate': 0.0008361448335663685, 'epoch': 0.29}
{'loss': 5.0599, 'grad_norm': 1.7514537572860718, 'learning_rate': 0.0008360073261101096, 'epoch': 0.29}
{'loss': 5.1302, 'grad_norm': 1.819941520690918, 'learning_rate': 0.0008358697722970852, 'epoch': 0.29}
{'loss': 4.9099, 'grad_norm': 1.7953373193740845, 'learning_rate': 0.0008357321721462728, 'epoch': 0.29}
{'loss': 5.2025, 'grad_norm': 1.7014328241348267, 'learning_rate': 0.0008355945256766561, 'epoch': 0.29}
{'loss': 5.1142, 'grad_norm': 2.041189193725586, 'learning_rate': 0.0008354568329072254, 'epoch': 0.29}
{'loss': 4.9026, 'grad_norm': 1.749167561531067, 'learning_rate': 0.0008353190938569775, 'epoch': 0.29}
{'loss': 5.1574, 'grad_norm': 1.9395437240600586, 'learning_rate': 0.0008351813085449147, 'epoch': 0.29}
{'loss': 5.3122, 'grad_norm': 1.825055718421936, 'learning_rate': 0.000835043476990047, 'epoch': 0.29}
{'loss': 4.9549, 'grad_norm': 1.8464876413345337, 'learning_rate': 0.0008349055992113899, 'epoch': 0.29}
{'loss': 5.2109, 'grad_norm': 1.8021522760391235, 'learning_rate': 0.0008347676752279655, 'epoch': 0.29}
{'loss': 4.8151, 'grad_norm': 1.6613813638687134, 'learning_rate': 0.0008346297050588023, 'epoch': 0.29}
{'loss': 5.2778, 'grad_norm': 1.8294529914855957, 'learning_rate': 0.0008344916887229352, 'epoch': 0.29}
{'loss': 5.0972, 'grad_norm': 1.7500425577163696, 'learning_rate': 0.0008343536262394053, 'epoch': 0.29}
{'loss': 5.0075, 'grad_norm': 1.9786616563796997, 'learning_rate': 0.0008342155176272602, 'epoch': 0.29}
{'loss': 5.3392, 'grad_norm': 1.770389199256897, 'learning_rate': 0.000834077362905554, 'epoch': 0.29}
{'loss': 5.3637, 'grad_norm': 1.8234151601791382, 'learning_rate': 0.000833939162093347, 'epoch': 0.29}
{'loss': 5.387, 'grad_norm': 1.8718770742416382, 'learning_rate': 0.0008338009152097056, 'epoch': 0.29}
{'loss': 5.1572, 'grad_norm': 1.6636890172958374, 'learning_rate': 0.0008336626222737034, 'epoch': 0.29}
{'loss': 5.184, 'grad_norm': 1.9197468757629395, 'learning_rate': 0.0008335242833044192, 'epoch': 0.29}
{'loss': 5.2424, 'grad_norm': 1.6481599807739258, 'learning_rate': 0.0008333858983209388, 'epoch': 0.29}
{'loss': 5.0731, 'grad_norm': 1.507228136062622, 'learning_rate': 0.0008332474673423547, 'epoch': 0.29}
{'loss': 5.3166, 'grad_norm': 1.7503314018249512, 'learning_rate': 0.0008331089903877651, 'epoch': 0.29}
{'loss': 5.3952, 'grad_norm': 1.870194673538208, 'learning_rate': 0.0008329704674762746, 'epoch': 0.29}
{'loss': 5.1496, 'grad_norm': 1.9028269052505493, 'learning_rate': 0.0008328318986269946, 'epoch': 0.29}
{'loss': 5.1084, 'grad_norm': 1.940077781677246, 'learning_rate': 0.0008326932838590423, 'epoch': 0.29}
{'loss': 4.8096, 'grad_norm': 1.9380874633789062, 'learning_rate': 0.0008325546231915418, 'epoch': 0.29}
{'loss': 5.399, 'grad_norm': 1.9321614503860474, 'learning_rate': 0.0008324159166436227, 'epoch': 0.29}
{'loss': 5.025, 'grad_norm': 2.0382750034332275, 'learning_rate': 0.000832277164234422, 'epoch': 0.29}
{'loss': 5.1251, 'grad_norm': 1.75777006149292, 'learning_rate': 0.0008321383659830822, 'epoch': 0.29}
{'loss': 5.1008, 'grad_norm': 2.1605184078216553, 'learning_rate': 0.0008319995219087524, 'epoch': 0.29}
{'loss': 5.023, 'grad_norm': 1.5440963506698608, 'learning_rate': 0.0008318606320305882, 'epoch': 0.29}
{'loss': 4.9456, 'grad_norm': 1.9800946712493896, 'learning_rate': 0.0008317216963677512, 'epoch': 0.29}
{'loss': 4.5942, 'grad_norm': 1.792433500289917, 'learning_rate': 0.0008315827149394093, 'epoch': 0.29}
{'loss': 5.0555, 'grad_norm': 2.0002033710479736, 'learning_rate': 0.0008314436877647372, 'epoch': 0.29}
{'loss': 5.043, 'grad_norm': 2.057438373565674, 'learning_rate': 0.0008313046148629153, 'epoch': 0.29}
{'loss': 5.2079, 'grad_norm': 2.204745054244995, 'learning_rate': 0.0008311654962531308, 'epoch': 0.29}
{'loss': 5.2271, 'grad_norm': 1.791002631187439, 'learning_rate': 0.000831026331954577, 'epoch': 0.29}
{'loss': 5.0844, 'grad_norm': 2.376134157180786, 'learning_rate': 0.0008308871219864533, 'epoch': 0.29}
{'loss': 5.1033, 'grad_norm': 2.0674259662628174, 'learning_rate': 0.0008307478663679657, 'epoch': 0.29}
{'loss': 5.3745, 'grad_norm': 1.7896145582199097, 'learning_rate': 0.0008306085651183265, 'epoch': 0.29}
{'loss': 5.3123, 'grad_norm': 2.514678716659546, 'learning_rate': 0.0008304692182567539, 'epoch': 0.29}
{'loss': 5.1566, 'grad_norm': 1.6378676891326904, 'learning_rate': 0.0008303298258024732, 'epoch': 0.29}
{'loss': 5.042, 'grad_norm': 2.279831886291504, 'learning_rate': 0.000830190387774715, 'epoch': 0.29}
{'loss': 5.2691, 'grad_norm': 2.6446194648742676, 'learning_rate': 0.0008300509041927169, 'epoch': 0.29}
{'loss': 5.3063, 'grad_norm': 1.7967219352722168, 'learning_rate': 0.0008299113750757226, 'epoch': 0.29}
{'loss': 5.0348, 'grad_norm': 2.6146113872528076, 'learning_rate': 0.0008297718004429817, 'epoch': 0.29}
{'loss': 5.054, 'grad_norm': 1.7198083400726318, 'learning_rate': 0.0008296321803137508, 'epoch': 0.29}
{'loss': 5.1998, 'grad_norm': 2.091402769088745, 'learning_rate': 0.0008294925147072922, 'epoch': 0.29}
{'loss': 5.0061, 'grad_norm': 2.3755781650543213, 'learning_rate': 0.0008293528036428748, 'epoch': 0.29}
{'loss': 5.1512, 'grad_norm': 1.700134515762329, 'learning_rate': 0.0008292130471397734, 'epoch': 0.29}
{'loss': 5.3424, 'grad_norm': 2.112948179244995, 'learning_rate': 0.0008290732452172694, 'epoch': 0.29}
{'loss': 5.1574, 'grad_norm': 1.904823660850525, 'learning_rate': 0.0008289333978946505, 'epoch': 0.29}
{'loss': 5.2443, 'grad_norm': 1.7748188972473145, 'learning_rate': 0.0008287935051912106, 'epoch': 0.29}
{'loss': 5.2689, 'grad_norm': 1.9385203123092651, 'learning_rate': 0.0008286535671262493, 'epoch': 0.29}
{'loss': 5.0528, 'grad_norm': 2.1902759075164795, 'learning_rate': 0.0008285135837190734, 'epoch': 0.29}
{'loss': 5.2085, 'grad_norm': 1.7272828817367554, 'learning_rate': 0.0008283735549889955, 'epoch': 0.29}
{'loss': 4.9391, 'grad_norm': 2.084728717803955, 'learning_rate': 0.0008282334809553342, 'epoch': 0.29}
{'loss': 5.0742, 'grad_norm': 1.8975231647491455, 'learning_rate': 0.000828093361637415, 'epoch': 0.29}
{'loss': 5.121, 'grad_norm': 2.062767505645752, 'learning_rate': 0.0008279531970545688, 'epoch': 0.3}
{'loss': 4.8991, 'grad_norm': 2.0086867809295654, 'learning_rate': 0.0008278129872261337, 'epoch': 0.3}
{'loss': 4.9869, 'grad_norm': 1.6262445449829102, 'learning_rate': 0.000827672732171453, 'epoch': 0.3}
{'loss': 5.2273, 'grad_norm': 1.813374400138855, 'learning_rate': 0.0008275324319098772, 'epoch': 0.3}
{'loss': 5.2288, 'grad_norm': 1.9884355068206787, 'learning_rate': 0.0008273920864607625, 'epoch': 0.3}
{'loss': 5.1364, 'grad_norm': 1.8505412340164185, 'learning_rate': 0.0008272516958434714, 'epoch': 0.3}
{'loss': 5.1107, 'grad_norm': 1.9892499446868896, 'learning_rate': 0.0008271112600773727, 'epoch': 0.3}
{'loss': 5.204, 'grad_norm': 1.9803681373596191, 'learning_rate': 0.0008269707791818416, 'epoch': 0.3}
{'loss': 4.9469, 'grad_norm': 1.9813361167907715, 'learning_rate': 0.000826830253176259, 'epoch': 0.3}
{'loss': 4.8704, 'grad_norm': 1.931792140007019, 'learning_rate': 0.0008266896820800127, 'epoch': 0.3}
{'loss': 5.234, 'grad_norm': 1.6606731414794922, 'learning_rate': 0.0008265490659124964, 'epoch': 0.3}
{'loss': 4.917, 'grad_norm': 1.8342816829681396, 'learning_rate': 0.0008264084046931095, 'epoch': 0.3}
{'loss': 5.2115, 'grad_norm': 2.2519397735595703, 'learning_rate': 0.0008262676984412587, 'epoch': 0.3}
{'loss': 4.9332, 'grad_norm': 1.6147048473358154, 'learning_rate': 0.0008261269471763561, 'epoch': 0.3}
{'loss': 5.0102, 'grad_norm': 1.7223923206329346, 'learning_rate': 0.0008259861509178202, 'epoch': 0.3}
{'loss': 5.001, 'grad_norm': 1.6271028518676758, 'learning_rate': 0.0008258453096850759, 'epoch': 0.3}
{'loss': 5.0741, 'grad_norm': 1.877819299697876, 'learning_rate': 0.0008257044234975539, 'epoch': 0.3}
{'loss': 5.2565, 'grad_norm': 2.048093557357788, 'learning_rate': 0.0008255634923746918, 'epoch': 0.3}
{'loss': 5.1353, 'grad_norm': 1.7691081762313843, 'learning_rate': 0.0008254225163359326, 'epoch': 0.3}
{'loss': 4.9899, 'grad_norm': 1.7832177877426147, 'learning_rate': 0.0008252814954007258, 'epoch': 0.3}
{'loss': 4.931, 'grad_norm': 1.738588571548462, 'learning_rate': 0.0008251404295885274, 'epoch': 0.3}
{'loss': 4.8989, 'grad_norm': 2.0334088802337646, 'learning_rate': 0.0008249993189187992, 'epoch': 0.3}
{'loss': 5.0353, 'grad_norm': 1.9289908409118652, 'learning_rate': 0.0008248581634110094, 'epoch': 0.3}
{'loss': 5.1744, 'grad_norm': 1.587759256362915, 'learning_rate': 0.0008247169630846323, 'epoch': 0.3}
{'loss': 5.2518, 'grad_norm': 1.9525614976882935, 'learning_rate': 0.0008245757179591482, 'epoch': 0.3}
{'loss': 5.0502, 'grad_norm': 1.566666603088379, 'learning_rate': 0.0008244344280540442, 'epoch': 0.3}
{'loss': 5.0252, 'grad_norm': 2.0154569149017334, 'learning_rate': 0.0008242930933888129, 'epoch': 0.3}
{'loss': 4.9042, 'grad_norm': 1.780354619026184, 'learning_rate': 0.0008241517139829532, 'epoch': 0.3}
{'loss': 5.1118, 'grad_norm': 2.237370014190674, 'learning_rate': 0.0008240102898559705, 'epoch': 0.3}
{'loss': 5.0078, 'grad_norm': 1.7456611394882202, 'learning_rate': 0.0008238688210273761, 'epoch': 0.3}
{'loss': 5.1465, 'grad_norm': 1.8570770025253296, 'learning_rate': 0.0008237273075166878, 'epoch': 0.3}
{'loss': 5.1968, 'grad_norm': 2.1635327339172363, 'learning_rate': 0.0008235857493434288, 'epoch': 0.3}
{'loss': 4.7028, 'grad_norm': 1.6945980787277222, 'learning_rate': 0.0008234441465271294, 'epoch': 0.3}
{'loss': 5.2849, 'grad_norm': 2.2189600467681885, 'learning_rate': 0.0008233024990873254, 'epoch': 0.3}
{'loss': 4.9936, 'grad_norm': 1.5965219736099243, 'learning_rate': 0.000823160807043559, 'epoch': 0.3}
{'loss': 4.7398, 'grad_norm': 1.8011281490325928, 'learning_rate': 0.0008230190704153789, 'epoch': 0.3}
{'loss': 4.7676, 'grad_norm': 1.8574178218841553, 'learning_rate': 0.0008228772892223391, 'epoch': 0.3}
{'loss': 4.9651, 'grad_norm': 1.9495776891708374, 'learning_rate': 0.0008227354634840003, 'epoch': 0.3}
{'loss': 5.0013, 'grad_norm': 2.322200059890747, 'learning_rate': 0.0008225935932199295, 'epoch': 0.3}
{'loss': 4.894, 'grad_norm': 1.9134968519210815, 'learning_rate': 0.0008224516784496996, 'epoch': 0.3}
{'loss': 4.7921, 'grad_norm': 2.0478692054748535, 'learning_rate': 0.0008223097191928895, 'epoch': 0.3}
{'loss': 5.1029, 'grad_norm': 1.8705811500549316, 'learning_rate': 0.0008221677154690848, 'epoch': 0.3}
{'loss': 5.0884, 'grad_norm': 2.1017401218414307, 'learning_rate': 0.0008220256672978761, 'epoch': 0.3}
{'loss': 5.1241, 'grad_norm': 1.7466052770614624, 'learning_rate': 0.0008218835746988616, 'epoch': 0.3}
{'loss': 5.1883, 'grad_norm': 2.1365458965301514, 'learning_rate': 0.0008217414376916445, 'epoch': 0.3}
{'loss': 5.3146, 'grad_norm': 2.1277573108673096, 'learning_rate': 0.0008215992562958347, 'epoch': 0.3}
{'loss': 5.0792, 'grad_norm': 1.8918797969818115, 'learning_rate': 0.000821457030531048, 'epoch': 0.3}
{'loss': 4.7633, 'grad_norm': 1.9839215278625488, 'learning_rate': 0.0008213147604169064, 'epoch': 0.3}
{'loss': 5.0438, 'grad_norm': 1.6520506143569946, 'learning_rate': 0.0008211724459730379, 'epoch': 0.3}
{'loss': 5.2706, 'grad_norm': 1.8918818235397339, 'learning_rate': 0.0008210300872190768, 'epoch': 0.3}
{'loss': 5.1235, 'grad_norm': 1.8133376836776733, 'learning_rate': 0.0008208876841746633, 'epoch': 0.3}
{'loss': 4.7662, 'grad_norm': 1.9059430360794067, 'learning_rate': 0.0008207452368594441, 'epoch': 0.3}
{'loss': 4.9079, 'grad_norm': 1.7706220149993896, 'learning_rate': 0.0008206027452930713, 'epoch': 0.3}
{'loss': 4.8022, 'grad_norm': 1.968137264251709, 'learning_rate': 0.0008204602094952038, 'epoch': 0.3}
{'loss': 5.1416, 'grad_norm': 2.1172962188720703, 'learning_rate': 0.0008203176294855066, 'epoch': 0.3}
{'loss': 5.0512, 'grad_norm': 1.785493016242981, 'learning_rate': 0.0008201750052836501, 'epoch': 0.3}
{'loss': 5.1305, 'grad_norm': 2.1166367530822754, 'learning_rate': 0.0008200323369093115, 'epoch': 0.3}
{'loss': 5.3918, 'grad_norm': 1.6071419715881348, 'learning_rate': 0.0008198896243821738, 'epoch': 0.3}
{'loss': 5.0961, 'grad_norm': 1.870850682258606, 'learning_rate': 0.000819746867721926, 'epoch': 0.3}
{'loss': 4.8456, 'grad_norm': 1.9741251468658447, 'learning_rate': 0.0008196040669482634, 'epoch': 0.3}
{'loss': 5.1103, 'grad_norm': 1.7880189418792725, 'learning_rate': 0.0008194612220808873, 'epoch': 0.3}
{'loss': 4.7882, 'grad_norm': 2.311304807662964, 'learning_rate': 0.0008193183331395051, 'epoch': 0.3}
{'loss': 5.15, 'grad_norm': 2.008840799331665, 'learning_rate': 0.0008191754001438304, 'epoch': 0.3}
{'loss': 5.0767, 'grad_norm': 2.1317877769470215, 'learning_rate': 0.0008190324231135824, 'epoch': 0.3}
{'loss': 4.7217, 'grad_norm': 1.7918148040771484, 'learning_rate': 0.0008188894020684872, 'epoch': 0.3}
{'loss': 5.0346, 'grad_norm': 2.3862197399139404, 'learning_rate': 0.0008187463370282759, 'epoch': 0.3}
{'loss': 5.3781, 'grad_norm': 1.7605934143066406, 'learning_rate': 0.0008186032280126867, 'epoch': 0.3}
{'loss': 5.0421, 'grad_norm': 1.9214898347854614, 'learning_rate': 0.0008184600750414635, 'epoch': 0.3}
{'loss': 4.9238, 'grad_norm': 1.7889091968536377, 'learning_rate': 0.0008183168781343557, 'epoch': 0.3}
{'loss': 5.1019, 'grad_norm': 1.7346638441085815, 'learning_rate': 0.0008181736373111198, 'epoch': 0.3}
{'loss': 4.7034, 'grad_norm': 1.7806860208511353, 'learning_rate': 0.0008180303525915176, 'epoch': 0.3}
{'loss': 4.9831, 'grad_norm': 1.8695756196975708, 'learning_rate': 0.0008178870239953169, 'epoch': 0.3}
{'loss': 5.2306, 'grad_norm': 1.8120359182357788, 'learning_rate': 0.0008177436515422922, 'epoch': 0.3}
{'loss': 5.0046, 'grad_norm': 1.8788820505142212, 'learning_rate': 0.0008176002352522233, 'epoch': 0.3}
{'loss': 5.0982, 'grad_norm': 1.7532020807266235, 'learning_rate': 0.000817456775144897, 'epoch': 0.3}
{'loss': 5.1593, 'grad_norm': 1.9105879068374634, 'learning_rate': 0.0008173132712401051, 'epoch': 0.3}
{'loss': 5.1862, 'grad_norm': 1.798311710357666, 'learning_rate': 0.0008171697235576461, 'epoch': 0.3}
{'loss': 4.9567, 'grad_norm': 2.048631191253662, 'learning_rate': 0.0008170261321173241, 'epoch': 0.3}
{'loss': 4.8914, 'grad_norm': 1.858515739440918, 'learning_rate': 0.0008168824969389497, 'epoch': 0.3}
{'loss': 5.1332, 'grad_norm': 1.8611814975738525, 'learning_rate': 0.0008167388180423394, 'epoch': 0.3}
{'loss': 4.7574, 'grad_norm': 1.9336464405059814, 'learning_rate': 0.0008165950954473156, 'epoch': 0.3}
{'loss': 5.0442, 'grad_norm': 1.7118661403656006, 'learning_rate': 0.0008164513291737066, 'epoch': 0.3}
{'loss': 4.9322, 'grad_norm': 1.9396476745605469, 'learning_rate': 0.0008163075192413469, 'epoch': 0.3}
{'loss': 4.8846, 'grad_norm': 1.790178894996643, 'learning_rate': 0.0008161636656700774, 'epoch': 0.3}
{'loss': 5.0306, 'grad_norm': 1.6986631155014038, 'learning_rate': 0.0008160197684797442, 'epoch': 0.3}
{'loss': 5.1718, 'grad_norm': 1.6818530559539795, 'learning_rate': 0.0008158758276902002, 'epoch': 0.3}
{'loss': 5.142, 'grad_norm': 1.776277780532837, 'learning_rate': 0.0008157318433213038, 'epoch': 0.3}
{'loss': 5.0699, 'grad_norm': 1.8460166454315186, 'learning_rate': 0.0008155878153929197, 'epoch': 0.31}
{'loss': 5.1211, 'grad_norm': 1.6741479635238647, 'learning_rate': 0.0008154437439249185, 'epoch': 0.31}
{'loss': 4.951, 'grad_norm': 1.7313860654830933, 'learning_rate': 0.0008152996289371766, 'epoch': 0.31}
{'loss': 5.0014, 'grad_norm': 1.6051417589187622, 'learning_rate': 0.0008151554704495769, 'epoch': 0.31}
{'loss': 5.0634, 'grad_norm': 1.5677670240402222, 'learning_rate': 0.0008150112684820078, 'epoch': 0.31}
{'loss': 5.1583, 'grad_norm': 2.5135304927825928, 'learning_rate': 0.0008148670230543641, 'epoch': 0.31}
{'loss': 4.9625, 'grad_norm': 1.6924684047698975, 'learning_rate': 0.0008147227341865464, 'epoch': 0.31}
{'loss': 4.9819, 'grad_norm': 1.6357125043869019, 'learning_rate': 0.000814578401898461, 'epoch': 0.31}
{'loss': 5.2169, 'grad_norm': 1.579105257987976, 'learning_rate': 0.000814434026210021, 'epoch': 0.31}
{'loss': 4.965, 'grad_norm': 1.963338851928711, 'learning_rate': 0.0008142896071411446, 'epoch': 0.31}
{'loss': 5.086, 'grad_norm': 1.8424596786499023, 'learning_rate': 0.0008141451447117565, 'epoch': 0.31}
{'loss': 4.8248, 'grad_norm': 4.043565273284912, 'learning_rate': 0.0008140006389417872, 'epoch': 0.31}
{'loss': 5.0742, 'grad_norm': 1.8931617736816406, 'learning_rate': 0.0008138560898511733, 'epoch': 0.31}
{'loss': 5.0526, 'grad_norm': 1.8912601470947266, 'learning_rate': 0.0008137114974598572, 'epoch': 0.31}
{'loss': 5.0851, 'grad_norm': 1.8419463634490967, 'learning_rate': 0.0008135668617877876, 'epoch': 0.31}
{'loss': 5.2069, 'grad_norm': 1.8199809789657593, 'learning_rate': 0.0008134221828549187, 'epoch': 0.31}
{'loss': 4.9031, 'grad_norm': 1.8046625852584839, 'learning_rate': 0.000813277460681211, 'epoch': 0.31}
{'loss': 5.2551, 'grad_norm': 1.7492122650146484, 'learning_rate': 0.0008131326952866309, 'epoch': 0.31}
{'loss': 5.1751, 'grad_norm': 1.8440215587615967, 'learning_rate': 0.0008129878866911507, 'epoch': 0.31}
{'loss': 4.6603, 'grad_norm': 1.7176198959350586, 'learning_rate': 0.0008128430349147489, 'epoch': 0.31}
{'loss': 4.9575, 'grad_norm': 1.837672233581543, 'learning_rate': 0.0008126981399774096, 'epoch': 0.31}
{'loss': 5.2196, 'grad_norm': 1.9128799438476562, 'learning_rate': 0.0008125532018991231, 'epoch': 0.31}
{'loss': 5.0918, 'grad_norm': 2.1907098293304443, 'learning_rate': 0.0008124082206998853, 'epoch': 0.31}
{'loss': 5.0585, 'grad_norm': 1.8872911930084229, 'learning_rate': 0.0008122631963996987, 'epoch': 0.31}
{'loss': 4.985, 'grad_norm': 1.9796080589294434, 'learning_rate': 0.0008121181290185713, 'epoch': 0.31}
{'loss': 5.0603, 'grad_norm': 1.7618104219436646, 'learning_rate': 0.0008119730185765169, 'epoch': 0.31}
{'loss': 5.0318, 'grad_norm': 1.687835693359375, 'learning_rate': 0.0008118278650935556, 'epoch': 0.31}
{'loss': 5.0701, 'grad_norm': 1.9329103231430054, 'learning_rate': 0.0008116826685897132, 'epoch': 0.31}
{'loss': 5.0646, 'grad_norm': 1.6332387924194336, 'learning_rate': 0.0008115374290850217, 'epoch': 0.31}
{'loss': 5.1556, 'grad_norm': 1.749739170074463, 'learning_rate': 0.0008113921465995186, 'epoch': 0.31}
{'loss': 4.9501, 'grad_norm': 2.111968755722046, 'learning_rate': 0.000811246821153248, 'epoch': 0.31}
{'loss': 5.1165, 'grad_norm': 1.5838717222213745, 'learning_rate': 0.0008111014527662591, 'epoch': 0.31}
{'loss': 4.9097, 'grad_norm': 1.8229432106018066, 'learning_rate': 0.0008109560414586076, 'epoch': 0.31}
{'loss': 5.1995, 'grad_norm': 1.889988660812378, 'learning_rate': 0.000810810587250355, 'epoch': 0.31}
{'loss': 4.9673, 'grad_norm': 1.8334834575653076, 'learning_rate': 0.0008106650901615687, 'epoch': 0.31}
{'loss': 5.2725, 'grad_norm': 1.7492930889129639, 'learning_rate': 0.0008105195502123217, 'epoch': 0.31}
{'loss': 5.1249, 'grad_norm': 1.9431135654449463, 'learning_rate': 0.0008103739674226936, 'epoch': 0.31}
{'loss': 5.08, 'grad_norm': 1.668034553527832, 'learning_rate': 0.0008102283418127694, 'epoch': 0.31}
{'loss': 4.9392, 'grad_norm': 1.5706536769866943, 'learning_rate': 0.00081008267340264, 'epoch': 0.31}
{'loss': 5.135, 'grad_norm': 1.730246663093567, 'learning_rate': 0.0008099369622124025, 'epoch': 0.31}
{'loss': 4.9523, 'grad_norm': 1.7449791431427002, 'learning_rate': 0.0008097912082621596, 'epoch': 0.31}
{'loss': 4.9778, 'grad_norm': 1.7554643154144287, 'learning_rate': 0.00080964541157202, 'epoch': 0.31}
{'loss': 5.1537, 'grad_norm': 1.8726518154144287, 'learning_rate': 0.0008094995721620986, 'epoch': 0.31}
{'loss': 5.2005, 'grad_norm': 2.0456948280334473, 'learning_rate': 0.0008093536900525156, 'epoch': 0.31}
{'loss': 4.9172, 'grad_norm': 1.7574117183685303, 'learning_rate': 0.0008092077652633976, 'epoch': 0.31}
{'loss': 5.0035, 'grad_norm': 1.7627021074295044, 'learning_rate': 0.0008090617978148769, 'epoch': 0.31}
{'loss': 5.1375, 'grad_norm': 1.7057530879974365, 'learning_rate': 0.0008089157877270915, 'epoch': 0.31}
{'loss': 5.0164, 'grad_norm': 1.6698124408721924, 'learning_rate': 0.0008087697350201856, 'epoch': 0.31}
{'loss': 5.39, 'grad_norm': 1.6946545839309692, 'learning_rate': 0.0008086236397143094, 'epoch': 0.31}
{'loss': 5.2244, 'grad_norm': 1.6927341222763062, 'learning_rate': 0.0008084775018296185, 'epoch': 0.31}
{'loss': 5.1373, 'grad_norm': 1.7783265113830566, 'learning_rate': 0.0008083313213862744, 'epoch': 0.31}
{'loss': 4.8293, 'grad_norm': 1.7322120666503906, 'learning_rate': 0.000808185098404445, 'epoch': 0.31}
{'loss': 5.003, 'grad_norm': 2.1412160396575928, 'learning_rate': 0.0008080388329043035, 'epoch': 0.31}
{'loss': 5.0637, 'grad_norm': 1.75521719455719, 'learning_rate': 0.0008078925249060294, 'epoch': 0.31}
{'loss': 4.9732, 'grad_norm': 2.1915106773376465, 'learning_rate': 0.0008077461744298078, 'epoch': 0.31}
{'loss': 4.8929, 'grad_norm': 2.1616876125335693, 'learning_rate': 0.0008075997814958297, 'epoch': 0.31}
{'loss': 5.2644, 'grad_norm': 1.9997754096984863, 'learning_rate': 0.0008074533461242921, 'epoch': 0.31}
{'loss': 5.0672, 'grad_norm': 2.2199878692626953, 'learning_rate': 0.0008073068683353974, 'epoch': 0.31}
{'loss': 5.1245, 'grad_norm': 1.9273267984390259, 'learning_rate': 0.0008071603481493546, 'epoch': 0.31}
{'loss': 5.0253, 'grad_norm': 1.7079001665115356, 'learning_rate': 0.0008070137855863782, 'epoch': 0.31}
{'loss': 4.8725, 'grad_norm': 2.0776631832122803, 'learning_rate': 0.0008068671806666881, 'epoch': 0.31}
{'loss': 5.0138, 'grad_norm': 1.8673655986785889, 'learning_rate': 0.0008067205334105106, 'epoch': 0.31}
{'loss': 4.9308, 'grad_norm': 1.8912358283996582, 'learning_rate': 0.0008065738438380779, 'epoch': 0.31}
{'loss': 4.9592, 'grad_norm': 1.851132869720459, 'learning_rate': 0.0008064271119696273, 'epoch': 0.31}
{'loss': 4.9264, 'grad_norm': 2.161259174346924, 'learning_rate': 0.0008062803378254031, 'epoch': 0.31}
{'loss': 5.0042, 'grad_norm': 1.9098140001296997, 'learning_rate': 0.0008061335214256542, 'epoch': 0.31}
{'loss': 4.952, 'grad_norm': 2.0957419872283936, 'learning_rate': 0.0008059866627906364, 'epoch': 0.31}
{'loss': 5.2005, 'grad_norm': 1.922739863395691, 'learning_rate': 0.0008058397619406104, 'epoch': 0.31}
{'loss': 4.9854, 'grad_norm': 1.8869799375534058, 'learning_rate': 0.0008056928188958435, 'epoch': 0.31}
{'loss': 4.9484, 'grad_norm': 1.8984487056732178, 'learning_rate': 0.0008055458336766084, 'epoch': 0.31}
{'loss': 5.3053, 'grad_norm': 1.9857052564620972, 'learning_rate': 0.0008053988063031834, 'epoch': 0.31}
{'loss': 4.8464, 'grad_norm': 1.7521533966064453, 'learning_rate': 0.0008052517367958534, 'epoch': 0.31}
{'loss': 5.213, 'grad_norm': 1.8045427799224854, 'learning_rate': 0.0008051046251749083, 'epoch': 0.31}
{'loss': 4.8635, 'grad_norm': 1.7989453077316284, 'learning_rate': 0.0008049574714606444, 'epoch': 0.31}
{'loss': 4.9164, 'grad_norm': 1.6812909841537476, 'learning_rate': 0.0008048102756733634, 'epoch': 0.31}
{'loss': 5.1442, 'grad_norm': 1.6579192876815796, 'learning_rate': 0.0008046630378333728, 'epoch': 0.31}
{'loss': 5.0684, 'grad_norm': 1.8695099353790283, 'learning_rate': 0.0008045157579609863, 'epoch': 0.31}
{'loss': 5.1858, 'grad_norm': 1.740098237991333, 'learning_rate': 0.0008043684360765231, 'epoch': 0.31}
{'loss': 4.8649, 'grad_norm': 1.6211605072021484, 'learning_rate': 0.0008042210722003082, 'epoch': 0.31}
{'loss': 4.978, 'grad_norm': 1.7761114835739136, 'learning_rate': 0.0008040736663526725, 'epoch': 0.31}
{'loss': 5.1029, 'grad_norm': 1.8261215686798096, 'learning_rate': 0.0008039262185539524, 'epoch': 0.31}
{'loss': 4.9826, 'grad_norm': 1.8818575143814087, 'learning_rate': 0.0008037787288244907, 'epoch': 0.31}
{'loss': 5.2427, 'grad_norm': 1.7125236988067627, 'learning_rate': 0.0008036311971846356, 'epoch': 0.31}
{'loss': 5.0791, 'grad_norm': 1.7161234617233276, 'learning_rate': 0.0008034836236547405, 'epoch': 0.31}
{'loss': 5.3147, 'grad_norm': 2.1284892559051514, 'learning_rate': 0.0008033360082551658, 'epoch': 0.31}
{'loss': 4.8115, 'grad_norm': 1.6111525297164917, 'learning_rate': 0.0008031883510062767, 'epoch': 0.31}
{'loss': 5.1139, 'grad_norm': 1.7346101999282837, 'learning_rate': 0.0008030406519284449, 'epoch': 0.31}
{'loss': 4.9346, 'grad_norm': 1.7806321382522583, 'learning_rate': 0.0008028929110420471, 'epoch': 0.31}
{'loss': 5.1707, 'grad_norm': 1.8456803560256958, 'learning_rate': 0.0008027451283674663, 'epoch': 0.32}
{'loss': 5.2855, 'grad_norm': 1.657347559928894, 'learning_rate': 0.0008025973039250911, 'epoch': 0.32}
{'loss': 4.9936, 'grad_norm': 1.6346924304962158, 'learning_rate': 0.000802449437735316, 'epoch': 0.32}
{'loss': 5.4279, 'grad_norm': 1.6172746419906616, 'learning_rate': 0.000802301529818541, 'epoch': 0.32}
{'loss': 4.8808, 'grad_norm': 1.6837353706359863, 'learning_rate': 0.0008021535801951721, 'epoch': 0.32}
{'loss': 5.237, 'grad_norm': 1.6800910234451294, 'learning_rate': 0.0008020055888856208, 'epoch': 0.32}
{'loss': 5.1154, 'grad_norm': 1.7310423851013184, 'learning_rate': 0.0008018575559103048, 'epoch': 0.32}
{'loss': 5.012, 'grad_norm': 1.806028962135315, 'learning_rate': 0.000801709481289647, 'epoch': 0.32}
{'loss': 5.1179, 'grad_norm': 1.6960155963897705, 'learning_rate': 0.0008015613650440761, 'epoch': 0.32}
{'loss': 5.1972, 'grad_norm': 1.690653920173645, 'learning_rate': 0.0008014132071940274, 'epoch': 0.32}
{'loss': 5.1588, 'grad_norm': 1.8654208183288574, 'learning_rate': 0.0008012650077599408, 'epoch': 0.32}
{'loss': 5.1446, 'grad_norm': 1.8905515670776367, 'learning_rate': 0.0008011167667622625, 'epoch': 0.32}
{'loss': 5.012, 'grad_norm': 1.7947133779525757, 'learning_rate': 0.0008009684842214443, 'epoch': 0.32}
{'loss': 5.0178, 'grad_norm': 1.9482396841049194, 'learning_rate': 0.0008008201601579439, 'epoch': 0.32}
{'loss': 5.0559, 'grad_norm': 1.884897232055664, 'learning_rate': 0.0008006717945922246, 'epoch': 0.32}
{'loss': 4.9611, 'grad_norm': 1.7676907777786255, 'learning_rate': 0.0008005233875447555, 'epoch': 0.32}
{'loss': 5.0959, 'grad_norm': 1.8653106689453125, 'learning_rate': 0.0008003749390360111, 'epoch': 0.32}
{'loss': 5.486, 'grad_norm': 1.713244915008545, 'learning_rate': 0.0008002264490864723, 'epoch': 0.32}
{'loss': 4.9973, 'grad_norm': 2.0062379837036133, 'learning_rate': 0.0008000779177166249, 'epoch': 0.32}
{'loss': 5.1897, 'grad_norm': 1.7690562009811401, 'learning_rate': 0.0007999293449469611, 'epoch': 0.32}
{'loss': 4.9709, 'grad_norm': 1.7546589374542236, 'learning_rate': 0.0007997807307979783, 'epoch': 0.32}
{'loss': 5.1012, 'grad_norm': 1.8354521989822388, 'learning_rate': 0.00079963207529018, 'epoch': 0.32}
{'loss': 5.2794, 'grad_norm': 1.8429595232009888, 'learning_rate': 0.0007994833784440752, 'epoch': 0.32}
{'loss': 5.0507, 'grad_norm': 1.74815833568573, 'learning_rate': 0.0007993346402801787, 'epoch': 0.32}
{'loss': 5.3069, 'grad_norm': 1.5293400287628174, 'learning_rate': 0.0007991858608190108, 'epoch': 0.32}
{'loss': 5.2903, 'grad_norm': 1.9109089374542236, 'learning_rate': 0.0007990370400810978, 'epoch': 0.32}
{'loss': 4.799, 'grad_norm': 1.8090741634368896, 'learning_rate': 0.0007988881780869715, 'epoch': 0.32}
{'loss': 5.1936, 'grad_norm': 2.1364643573760986, 'learning_rate': 0.0007987392748571693, 'epoch': 0.32}
{'loss': 5.0075, 'grad_norm': 1.6326465606689453, 'learning_rate': 0.0007985903304122345, 'epoch': 0.32}
{'loss': 5.1728, 'grad_norm': 1.7666757106781006, 'learning_rate': 0.000798441344772716, 'epoch': 0.32}
{'loss': 5.3347, 'grad_norm': 2.0063045024871826, 'learning_rate': 0.0007982923179591686, 'epoch': 0.32}
{'loss': 4.9031, 'grad_norm': 1.679524540901184, 'learning_rate': 0.0007981432499921522, 'epoch': 0.32}
{'loss': 4.8016, 'grad_norm': 1.7789841890335083, 'learning_rate': 0.0007979941408922329, 'epoch': 0.32}
{'loss': 5.1443, 'grad_norm': 1.8977073431015015, 'learning_rate': 0.0007978449906799825, 'epoch': 0.32}
{'loss': 5.1516, 'grad_norm': 2.140071153640747, 'learning_rate': 0.000797695799375978, 'epoch': 0.32}
{'loss': 5.0952, 'grad_norm': 1.6150741577148438, 'learning_rate': 0.0007975465670008026, 'epoch': 0.32}
{'loss': 4.9387, 'grad_norm': 1.9047257900238037, 'learning_rate': 0.0007973972935750448, 'epoch': 0.32}
{'loss': 4.6468, 'grad_norm': 1.7166550159454346, 'learning_rate': 0.0007972479791192989, 'epoch': 0.32}
{'loss': 5.0272, 'grad_norm': 1.8013979196548462, 'learning_rate': 0.000797098623654165, 'epoch': 0.32}
{'loss': 4.9062, 'grad_norm': 2.1235151290893555, 'learning_rate': 0.0007969492272002483, 'epoch': 0.32}
{'loss': 5.0473, 'grad_norm': 1.6370090246200562, 'learning_rate': 0.0007967997897781607, 'epoch': 0.32}
{'loss': 4.9506, 'grad_norm': 2.1585564613342285, 'learning_rate': 0.0007966503114085186, 'epoch': 0.32}
{'loss': 4.8092, 'grad_norm': 1.6155614852905273, 'learning_rate': 0.0007965007921119448, 'epoch': 0.32}
{'loss': 5.0417, 'grad_norm': 2.027127265930176, 'learning_rate': 0.0007963512319090674, 'epoch': 0.32}
{'loss': 4.9329, 'grad_norm': 1.856435775756836, 'learning_rate': 0.0007962016308205203, 'epoch': 0.32}
{'loss': 5.0234, 'grad_norm': 1.8361122608184814, 'learning_rate': 0.0007960519888669431, 'epoch': 0.32}
{'loss': 4.9628, 'grad_norm': 1.8612127304077148, 'learning_rate': 0.0007959023060689808, 'epoch': 0.32}
{'loss': 4.9558, 'grad_norm': 1.8900387287139893, 'learning_rate': 0.0007957525824472842, 'epoch': 0.32}
{'loss': 5.1582, 'grad_norm': 2.344362735748291, 'learning_rate': 0.0007956028180225097, 'epoch': 0.32}
{'loss': 4.9554, 'grad_norm': 1.667343020439148, 'learning_rate': 0.0007954530128153194, 'epoch': 0.32}
{'loss': 5.087, 'grad_norm': 1.827785611152649, 'learning_rate': 0.0007953031668463808, 'epoch': 0.32}
{'loss': 4.8865, 'grad_norm': 1.7586077451705933, 'learning_rate': 0.0007951532801363675, 'epoch': 0.32}
{'loss': 4.8924, 'grad_norm': 1.8008395433425903, 'learning_rate': 0.0007950033527059582, 'epoch': 0.32}
{'loss': 4.9544, 'grad_norm': 1.9141148328781128, 'learning_rate': 0.0007948533845758372, 'epoch': 0.32}
{'loss': 4.8823, 'grad_norm': 1.7753218412399292, 'learning_rate': 0.000794703375766695, 'epoch': 0.32}
{'loss': 5.1186, 'grad_norm': 2.4484121799468994, 'learning_rate': 0.000794553326299227, 'epoch': 0.32}
{'loss': 5.2133, 'grad_norm': 1.9134677648544312, 'learning_rate': 0.0007944032361941352, 'epoch': 0.32}
{'loss': 5.0611, 'grad_norm': 1.842524766921997, 'learning_rate': 0.0007942531054721258, 'epoch': 0.32}
{'loss': 4.9723, 'grad_norm': 1.9182482957839966, 'learning_rate': 0.0007941029341539116, 'epoch': 0.32}
{'loss': 5.0219, 'grad_norm': 1.8272171020507812, 'learning_rate': 0.0007939527222602112, 'epoch': 0.32}
{'loss': 4.786, 'grad_norm': 1.6866823434829712, 'learning_rate': 0.0007938024698117478, 'epoch': 0.32}
{'loss': 4.9894, 'grad_norm': 1.7738653421401978, 'learning_rate': 0.000793652176829251, 'epoch': 0.32}
{'loss': 5.0192, 'grad_norm': 1.8344461917877197, 'learning_rate': 0.0007935018433334558, 'epoch': 0.32}
{'loss': 5.0207, 'grad_norm': 1.7689876556396484, 'learning_rate': 0.0007933514693451027, 'epoch': 0.32}
{'loss': 4.9756, 'grad_norm': 1.6937443017959595, 'learning_rate': 0.0007932010548849378, 'epoch': 0.32}
{'loss': 5.1192, 'grad_norm': 2.1786115169525146, 'learning_rate': 0.0007930505999737128, 'epoch': 0.32}
{'loss': 4.8952, 'grad_norm': 1.8315634727478027, 'learning_rate': 0.0007929001046321851, 'epoch': 0.32}
{'loss': 4.7387, 'grad_norm': 1.8239909410476685, 'learning_rate': 0.0007927495688811175, 'epoch': 0.32}
{'loss': 4.7374, 'grad_norm': 1.6507731676101685, 'learning_rate': 0.0007925989927412784, 'epoch': 0.32}
{'loss': 5.0341, 'grad_norm': 1.9691481590270996, 'learning_rate': 0.000792448376233442, 'epoch': 0.32}
{'loss': 5.0878, 'grad_norm': 1.8193325996398926, 'learning_rate': 0.0007922977193783876, 'epoch': 0.32}
{'loss': 4.9038, 'grad_norm': 1.9138193130493164, 'learning_rate': 0.0007921470221969004, 'epoch': 0.32}
{'loss': 5.0487, 'grad_norm': 1.9249392747879028, 'learning_rate': 0.0007919962847097716, 'epoch': 0.32}
{'loss': 4.9016, 'grad_norm': 1.6790567636489868, 'learning_rate': 0.0007918455069377969, 'epoch': 0.32}
{'loss': 5.0283, 'grad_norm': 2.2146685123443604, 'learning_rate': 0.0007916946889017784, 'epoch': 0.32}
{'loss': 5.271, 'grad_norm': 1.7375595569610596, 'learning_rate': 0.0007915438306225235, 'epoch': 0.32}
{'loss': 4.8026, 'grad_norm': 1.9858206510543823, 'learning_rate': 0.0007913929321208448, 'epoch': 0.32}
{'loss': 5.1032, 'grad_norm': 2.200544834136963, 'learning_rate': 0.0007912419934175615, 'epoch': 0.32}
{'loss': 4.915, 'grad_norm': 1.8970695734024048, 'learning_rate': 0.0007910910145334969, 'epoch': 0.32}
{'loss': 5.2431, 'grad_norm': 2.1869213581085205, 'learning_rate': 0.0007909399954894809, 'epoch': 0.32}
{'loss': 5.1976, 'grad_norm': 1.9067555665969849, 'learning_rate': 0.0007907889363063488, 'epoch': 0.32}
{'loss': 5.2272, 'grad_norm': 1.6992008686065674, 'learning_rate': 0.000790637837004941, 'epoch': 0.32}
{'loss': 5.1432, 'grad_norm': 2.2250208854675293, 'learning_rate': 0.0007904866976061038, 'epoch': 0.32}
{'loss': 5.1324, 'grad_norm': 1.6986055374145508, 'learning_rate': 0.000790335518130689, 'epoch': 0.32}
{'loss': 5.049, 'grad_norm': 2.0586349964141846, 'learning_rate': 0.0007901842985995538, 'epoch': 0.32}
{'loss': 4.9504, 'grad_norm': 1.5567169189453125, 'learning_rate': 0.0007900330390335609, 'epoch': 0.32}
{'loss': 5.0522, 'grad_norm': 1.441646695137024, 'learning_rate': 0.0007898817394535784, 'epoch': 0.32}
{'loss': 5.2256, 'grad_norm': 1.6933656930923462, 'learning_rate': 0.0007897303998804808, 'epoch': 0.33}
{'loss': 5.1384, 'grad_norm': 1.6933242082595825, 'learning_rate': 0.000789579020335147, 'epoch': 0.33}
{'loss': 5.0052, 'grad_norm': 1.715952754020691, 'learning_rate': 0.0007894276008384615, 'epoch': 0.33}
{'loss': 4.8312, 'grad_norm': 1.8721083402633667, 'learning_rate': 0.0007892761414113154, 'epoch': 0.33}
{'loss': 4.8958, 'grad_norm': 1.7173136472702026, 'learning_rate': 0.0007891246420746043, 'epoch': 0.33}
{'loss': 4.9854, 'grad_norm': 1.5829579830169678, 'learning_rate': 0.0007889731028492295, 'epoch': 0.33}
{'loss': 5.0895, 'grad_norm': 1.9117636680603027, 'learning_rate': 0.0007888215237560978, 'epoch': 0.33}
{'loss': 5.0121, 'grad_norm': 1.66321861743927, 'learning_rate': 0.0007886699048161217, 'epoch': 0.33}
{'loss': 5.0288, 'grad_norm': 1.7330338954925537, 'learning_rate': 0.0007885182460502194, 'epoch': 0.33}
{'loss': 4.9369, 'grad_norm': 1.760961651802063, 'learning_rate': 0.0007883665474793138, 'epoch': 0.33}
{'loss': 4.8756, 'grad_norm': 1.6502163410186768, 'learning_rate': 0.0007882148091243338, 'epoch': 0.33}
{'loss': 4.8524, 'grad_norm': 1.8108539581298828, 'learning_rate': 0.0007880630310062143, 'epoch': 0.33}
{'loss': 5.0314, 'grad_norm': 1.600930094718933, 'learning_rate': 0.0007879112131458945, 'epoch': 0.33}
{'loss': 4.9699, 'grad_norm': 1.4749072790145874, 'learning_rate': 0.0007877593555643201, 'epoch': 0.33}
{'loss': 5.2722, 'grad_norm': 1.7701059579849243, 'learning_rate': 0.0007876074582824417, 'epoch': 0.33}
{'loss': 5.3149, 'grad_norm': 1.6211373805999756, 'learning_rate': 0.0007874555213212159, 'epoch': 0.33}
{'loss': 5.06, 'grad_norm': 1.7350741624832153, 'learning_rate': 0.0007873035447016042, 'epoch': 0.33}
{'loss': 5.0252, 'grad_norm': 1.7686588764190674, 'learning_rate': 0.0007871515284445738, 'epoch': 0.33}
{'loss': 4.687, 'grad_norm': 1.8677899837493896, 'learning_rate': 0.0007869994725710977, 'epoch': 0.33}
{'loss': 5.0973, 'grad_norm': 1.7895430326461792, 'learning_rate': 0.0007868473771021538, 'epoch': 0.33}
{'loss': 4.9827, 'grad_norm': 1.7855874300003052, 'learning_rate': 0.0007866952420587259, 'epoch': 0.33}
{'loss': 4.9784, 'grad_norm': 1.5843607187271118, 'learning_rate': 0.0007865430674618029, 'epoch': 0.33}
{'loss': 4.9952, 'grad_norm': 1.6352438926696777, 'learning_rate': 0.0007863908533323795, 'epoch': 0.33}
{'loss': 4.8369, 'grad_norm': 1.693268895149231, 'learning_rate': 0.0007862385996914556, 'epoch': 0.33}
{'loss': 4.8773, 'grad_norm': 1.7766543626785278, 'learning_rate': 0.0007860863065600368, 'epoch': 0.33}
{'loss': 4.7352, 'grad_norm': 1.5161302089691162, 'learning_rate': 0.0007859339739591338, 'epoch': 0.33}
{'loss': 4.9547, 'grad_norm': 1.8917196989059448, 'learning_rate': 0.0007857816019097631, 'epoch': 0.33}
{'loss': 4.9322, 'grad_norm': 1.843136191368103, 'learning_rate': 0.0007856291904329466, 'epoch': 0.33}
{'loss': 5.0409, 'grad_norm': 1.7338778972625732, 'learning_rate': 0.0007854767395497111, 'epoch': 0.33}
{'loss': 5.2465, 'grad_norm': 1.8352655172348022, 'learning_rate': 0.0007853242492810897, 'epoch': 0.33}
{'loss': 4.9415, 'grad_norm': 1.743744134902954, 'learning_rate': 0.0007851717196481204, 'epoch': 0.33}
{'loss': 5.0223, 'grad_norm': 1.8094133138656616, 'learning_rate': 0.0007850191506718466, 'epoch': 0.33}
{'loss': 4.9542, 'grad_norm': 1.8124195337295532, 'learning_rate': 0.0007848665423733173, 'epoch': 0.33}
{'loss': 5.0905, 'grad_norm': 1.7481344938278198, 'learning_rate': 0.000784713894773587, 'epoch': 0.33}
{'loss': 5.1024, 'grad_norm': 1.988505482673645, 'learning_rate': 0.0007845612078937154, 'epoch': 0.33}
{'loss': 4.9912, 'grad_norm': 1.7351757287979126, 'learning_rate': 0.0007844084817547678, 'epoch': 0.33}
{'loss': 5.16, 'grad_norm': 2.0039443969726562, 'learning_rate': 0.0007842557163778146, 'epoch': 0.33}
{'loss': 5.0294, 'grad_norm': 1.547081708908081, 'learning_rate': 0.0007841029117839323, 'epoch': 0.33}
{'loss': 5.1404, 'grad_norm': 1.990525245666504, 'learning_rate': 0.0007839500679942019, 'epoch': 0.33}
{'loss': 4.9825, 'grad_norm': 1.8228262662887573, 'learning_rate': 0.0007837971850297106, 'epoch': 0.33}
{'loss': 5.203, 'grad_norm': 1.6495542526245117, 'learning_rate': 0.0007836442629115505, 'epoch': 0.33}
{'loss': 4.8516, 'grad_norm': 1.7712759971618652, 'learning_rate': 0.0007834913016608192, 'epoch': 0.33}
{'loss': 5.0456, 'grad_norm': 1.7208023071289062, 'learning_rate': 0.0007833383012986201, 'epoch': 0.33}
{'loss': 5.2071, 'grad_norm': 1.691551923751831, 'learning_rate': 0.0007831852618460616, 'epoch': 0.33}
{'loss': 5.0811, 'grad_norm': 1.7663956880569458, 'learning_rate': 0.0007830321833242572, 'epoch': 0.33}
{'loss': 4.8135, 'grad_norm': 1.7896913290023804, 'learning_rate': 0.0007828790657543266, 'epoch': 0.33}
{'loss': 5.0534, 'grad_norm': 1.6978925466537476, 'learning_rate': 0.0007827259091573942, 'epoch': 0.33}
{'loss': 5.0875, 'grad_norm': 1.668205738067627, 'learning_rate': 0.00078257271355459, 'epoch': 0.33}
{'loss': 4.8468, 'grad_norm': 1.5449857711791992, 'learning_rate': 0.0007824194789670495, 'epoch': 0.33}
{'loss': 5.2267, 'grad_norm': 1.5748711824417114, 'learning_rate': 0.0007822662054159135, 'epoch': 0.33}
{'loss': 4.9987, 'grad_norm': 1.6607955694198608, 'learning_rate': 0.0007821128929223284, 'epoch': 0.33}
{'loss': 4.9834, 'grad_norm': 1.6056303977966309, 'learning_rate': 0.0007819595415074452, 'epoch': 0.33}
{'loss': 4.8873, 'grad_norm': 1.370639681816101, 'learning_rate': 0.0007818061511924211, 'epoch': 0.33}
{'loss': 5.1121, 'grad_norm': 1.85028874874115, 'learning_rate': 0.0007816527219984186, 'epoch': 0.33}
{'loss': 5.0112, 'grad_norm': 2.092686414718628, 'learning_rate': 0.0007814992539466048, 'epoch': 0.33}
{'loss': 4.99, 'grad_norm': 1.5897551774978638, 'learning_rate': 0.0007813457470581532, 'epoch': 0.33}
{'loss': 5.0931, 'grad_norm': 1.9631377458572388, 'learning_rate': 0.000781192201354242, 'epoch': 0.33}
{'loss': 4.9272, 'grad_norm': 1.5335333347320557, 'learning_rate': 0.0007810386168560547, 'epoch': 0.33}
{'loss': 4.8643, 'grad_norm': 1.7596880197525024, 'learning_rate': 0.0007808849935847806, 'epoch': 0.33}
{'loss': 5.108, 'grad_norm': 1.9666175842285156, 'learning_rate': 0.000780731331561614, 'epoch': 0.33}
{'loss': 4.9758, 'grad_norm': 2.0142505168914795, 'learning_rate': 0.0007805776308077548, 'epoch': 0.33}
{'loss': 4.8366, 'grad_norm': 2.1239824295043945, 'learning_rate': 0.000780423891344408, 'epoch': 0.33}
{'loss': 4.9243, 'grad_norm': 1.712982177734375, 'learning_rate': 0.0007802701131927839, 'epoch': 0.33}
{'loss': 5.2129, 'grad_norm': 1.867740511894226, 'learning_rate': 0.0007801162963740986, 'epoch': 0.33}
{'loss': 5.4213, 'grad_norm': 1.6725704669952393, 'learning_rate': 0.0007799624409095731, 'epoch': 0.33}
{'loss': 5.048, 'grad_norm': 2.1237926483154297, 'learning_rate': 0.0007798085468204337, 'epoch': 0.33}
{'loss': 4.9696, 'grad_norm': 1.8657894134521484, 'learning_rate': 0.0007796546141279121, 'epoch': 0.33}
{'loss': 5.07, 'grad_norm': 1.553466796875, 'learning_rate': 0.0007795006428532458, 'epoch': 0.33}
{'loss': 5.1293, 'grad_norm': 1.8765450716018677, 'learning_rate': 0.0007793466330176769, 'epoch': 0.33}
{'loss': 4.9743, 'grad_norm': 1.939437747001648, 'learning_rate': 0.0007791925846424532, 'epoch': 0.33}
{'loss': 5.0627, 'grad_norm': 1.9057972431182861, 'learning_rate': 0.0007790384977488278, 'epoch': 0.33}
{'loss': 5.1022, 'grad_norm': 2.2494421005249023, 'learning_rate': 0.0007788843723580592, 'epoch': 0.33}
{'loss': 4.9796, 'grad_norm': 1.964072585105896, 'learning_rate': 0.0007787302084914108, 'epoch': 0.33}
{'loss': 5.1226, 'grad_norm': 2.0556411743164062, 'learning_rate': 0.0007785760061701519, 'epoch': 0.33}
{'loss': 5.1898, 'grad_norm': 1.8159356117248535, 'learning_rate': 0.0007784217654155567, 'epoch': 0.33}
{'loss': 5.0556, 'grad_norm': 1.896565556526184, 'learning_rate': 0.0007782674862489047, 'epoch': 0.33}
{'loss': 4.9747, 'grad_norm': 1.4927843809127808, 'learning_rate': 0.0007781131686914809, 'epoch': 0.33}
{'loss': 5.0059, 'grad_norm': 2.0049803256988525, 'learning_rate': 0.0007779588127645753, 'epoch': 0.33}
{'loss': 5.0734, 'grad_norm': 1.6185024976730347, 'learning_rate': 0.0007778044184894837, 'epoch': 0.33}
{'loss': 4.9826, 'grad_norm': 1.8813552856445312, 'learning_rate': 0.0007776499858875066, 'epoch': 0.33}
{'loss': 4.9492, 'grad_norm': 1.8038758039474487, 'learning_rate': 0.0007774955149799503, 'epoch': 0.33}
{'loss': 4.9675, 'grad_norm': 1.6923880577087402, 'learning_rate': 0.000777341005788126, 'epoch': 0.33}
{'loss': 5.2123, 'grad_norm': 1.7352403402328491, 'learning_rate': 0.0007771864583333506, 'epoch': 0.33}
{'loss': 5.097, 'grad_norm': 1.6399247646331787, 'learning_rate': 0.0007770318726369456, 'epoch': 0.33}
{'loss': 4.7148, 'grad_norm': 1.9238001108169556, 'learning_rate': 0.0007768772487202385, 'epoch': 0.33}
{'loss': 5.3338, 'grad_norm': 1.7382429838180542, 'learning_rate': 0.0007767225866045618, 'epoch': 0.33}
{'loss': 4.983, 'grad_norm': 1.8245344161987305, 'learning_rate': 0.0007765678863112528, 'epoch': 0.33}
{'loss': 5.2875, 'grad_norm': 1.6497806310653687, 'learning_rate': 0.0007764131478616552, 'epoch': 0.34}
{'loss': 4.7727, 'grad_norm': 1.8018121719360352, 'learning_rate': 0.0007762583712771165, 'epoch': 0.34}
{'loss': 4.8462, 'grad_norm': 1.8627901077270508, 'learning_rate': 0.0007761035565789909, 'epoch': 0.34}
{'loss': 5.2139, 'grad_norm': 1.7277377843856812, 'learning_rate': 0.0007759487037886368, 'epoch': 0.34}
{'loss': 4.9525, 'grad_norm': 2.0618064403533936, 'learning_rate': 0.0007757938129274182, 'epoch': 0.34}
{'loss': 4.8917, 'grad_norm': 1.8112682104110718, 'learning_rate': 0.0007756388840167047, 'epoch': 0.34}
{'loss': 4.932, 'grad_norm': 1.6922529935836792, 'learning_rate': 0.0007754839170778706, 'epoch': 0.34}
{'loss': 5.124, 'grad_norm': 1.6893588304519653, 'learning_rate': 0.0007753289121322957, 'epoch': 0.34}
{'loss': 5.0819, 'grad_norm': 1.6376476287841797, 'learning_rate': 0.0007751738692013653, 'epoch': 0.34}
{'loss': 4.8195, 'grad_norm': 1.6793076992034912, 'learning_rate': 0.0007750187883064694, 'epoch': 0.34}
{'loss': 5.0839, 'grad_norm': 1.872649908065796, 'learning_rate': 0.0007748636694690035, 'epoch': 0.34}
{'loss': 4.8345, 'grad_norm': 1.7958669662475586, 'learning_rate': 0.0007747085127103686, 'epoch': 0.34}
{'loss': 4.8895, 'grad_norm': 1.6065000295639038, 'learning_rate': 0.0007745533180519703, 'epoch': 0.34}
{'loss': 5.007, 'grad_norm': 1.6691540479660034, 'learning_rate': 0.00077439808551522, 'epoch': 0.34}
{'loss': 5.0042, 'grad_norm': 1.8250850439071655, 'learning_rate': 0.0007742428151215343, 'epoch': 0.34}
{'loss': 5.0144, 'grad_norm': 1.6525673866271973, 'learning_rate': 0.0007740875068923347, 'epoch': 0.34}
{'loss': 4.933, 'grad_norm': 1.9304085969924927, 'learning_rate': 0.0007739321608490479, 'epoch': 0.34}
{'loss': 5.0242, 'grad_norm': 1.5027046203613281, 'learning_rate': 0.0007737767770131063, 'epoch': 0.34}
{'loss': 4.7826, 'grad_norm': 1.7028084993362427, 'learning_rate': 0.0007736213554059471, 'epoch': 0.34}
{'loss': 5.0988, 'grad_norm': 1.8959813117980957, 'learning_rate': 0.0007734658960490129, 'epoch': 0.34}
{'loss': 4.8861, 'grad_norm': 1.7269766330718994, 'learning_rate': 0.0007733103989637511, 'epoch': 0.34}
{'loss': 5.1441, 'grad_norm': 1.7303344011306763, 'learning_rate': 0.0007731548641716151, 'epoch': 0.34}
{'loss': 4.9288, 'grad_norm': 1.825440526008606, 'learning_rate': 0.0007729992916940625, 'epoch': 0.34}
{'loss': 5.0, 'grad_norm': 1.8673732280731201, 'learning_rate': 0.0007728436815525571, 'epoch': 0.34}
{'loss': 4.7528, 'grad_norm': 1.6866692304611206, 'learning_rate': 0.0007726880337685672, 'epoch': 0.34}
{'loss': 5.0025, 'grad_norm': 1.7562885284423828, 'learning_rate': 0.0007725323483635664, 'epoch': 0.34}
{'loss': 4.969, 'grad_norm': 1.7772873640060425, 'learning_rate': 0.000772376625359034, 'epoch': 0.34}
{'loss': 5.0796, 'grad_norm': 1.687576413154602, 'learning_rate': 0.0007722208647764537, 'epoch': 0.34}
{'loss': 4.8212, 'grad_norm': 1.7729401588439941, 'learning_rate': 0.0007720650666373152, 'epoch': 0.34}
{'loss': 4.8271, 'grad_norm': 1.4895693063735962, 'learning_rate': 0.0007719092309631127, 'epoch': 0.34}
{'loss': 5.021, 'grad_norm': 2.021601676940918, 'learning_rate': 0.0007717533577753457, 'epoch': 0.34}
{'loss': 4.757, 'grad_norm': 1.5641802549362183, 'learning_rate': 0.0007715974470955193, 'epoch': 0.34}
{'loss': 4.9836, 'grad_norm': 1.8908016681671143, 'learning_rate': 0.0007714414989451432, 'epoch': 0.34}
{'loss': 5.0493, 'grad_norm': 1.7109639644622803, 'learning_rate': 0.0007712855133457329, 'epoch': 0.34}
{'loss': 5.0585, 'grad_norm': 1.695107340812683, 'learning_rate': 0.0007711294903188086, 'epoch': 0.34}
{'loss': 4.8052, 'grad_norm': 2.0925283432006836, 'learning_rate': 0.0007709734298858956, 'epoch': 0.34}
{'loss': 5.1855, 'grad_norm': 1.6210483312606812, 'learning_rate': 0.000770817332068525, 'epoch': 0.34}
{'loss': 4.9038, 'grad_norm': 1.8295124769210815, 'learning_rate': 0.0007706611968882322, 'epoch': 0.34}
{'loss': 4.8597, 'grad_norm': 1.7793617248535156, 'learning_rate': 0.0007705050243665582, 'epoch': 0.34}
{'loss': 5.125, 'grad_norm': 1.9720042943954468, 'learning_rate': 0.0007703488145250492, 'epoch': 0.34}
{'loss': 5.1237, 'grad_norm': 1.8661657571792603, 'learning_rate': 0.0007701925673852566, 'epoch': 0.34}
{'loss': 5.0744, 'grad_norm': 1.5728329420089722, 'learning_rate': 0.0007700362829687366, 'epoch': 0.34}
{'loss': 5.1933, 'grad_norm': 2.0730535984039307, 'learning_rate': 0.0007698799612970509, 'epoch': 0.34}
{'loss': 5.1318, 'grad_norm': 1.7841705083847046, 'learning_rate': 0.0007697236023917661, 'epoch': 0.34}
{'loss': 5.1408, 'grad_norm': 1.9747387170791626, 'learning_rate': 0.0007695672062744539, 'epoch': 0.34}
{'loss': 4.9323, 'grad_norm': 1.8091477155685425, 'learning_rate': 0.0007694107729666917, 'epoch': 0.34}
{'loss': 5.067, 'grad_norm': 1.9871934652328491, 'learning_rate': 0.0007692543024900611, 'epoch': 0.34}
{'loss': 5.1904, 'grad_norm': 1.8632465600967407, 'learning_rate': 0.0007690977948661497, 'epoch': 0.34}
{'loss': 5.167, 'grad_norm': 1.9041192531585693, 'learning_rate': 0.0007689412501165496, 'epoch': 0.34}
{'loss': 4.8682, 'grad_norm': 1.7713450193405151, 'learning_rate': 0.0007687846682628584, 'epoch': 0.34}
{'loss': 4.8831, 'grad_norm': 1.9002732038497925, 'learning_rate': 0.0007686280493266786, 'epoch': 0.34}
{'loss': 5.0089, 'grad_norm': 1.7514142990112305, 'learning_rate': 0.0007684713933296179, 'epoch': 0.34}
{'loss': 5.2583, 'grad_norm': 1.8699893951416016, 'learning_rate': 0.0007683147002932893, 'epoch': 0.34}
{'loss': 5.2679, 'grad_norm': 1.8283871412277222, 'learning_rate': 0.0007681579702393107, 'epoch': 0.34}
{'loss': 4.8082, 'grad_norm': 1.6462388038635254, 'learning_rate': 0.0007680012031893049, 'epoch': 0.34}
{'loss': 4.9033, 'grad_norm': 1.99135422706604, 'learning_rate': 0.0007678443991649001, 'epoch': 0.34}
{'loss': 5.2223, 'grad_norm': 1.597834825515747, 'learning_rate': 0.0007676875581877296, 'epoch': 0.34}
{'loss': 5.2057, 'grad_norm': 2.065009832382202, 'learning_rate': 0.000767530680279432, 'epoch': 0.34}
{'loss': 5.2997, 'grad_norm': 1.8106087446212769, 'learning_rate': 0.0007673737654616504, 'epoch': 0.34}
{'loss': 5.1465, 'grad_norm': 1.8323410749435425, 'learning_rate': 0.0007672168137560333, 'epoch': 0.34}
{'loss': 5.1417, 'grad_norm': 1.6640491485595703, 'learning_rate': 0.0007670598251842345, 'epoch': 0.34}
{'loss': 5.2276, 'grad_norm': 1.62049400806427, 'learning_rate': 0.0007669027997679126, 'epoch': 0.34}
{'loss': 5.1953, 'grad_norm': 1.6542245149612427, 'learning_rate': 0.0007667457375287314, 'epoch': 0.34}
{'loss': 5.3218, 'grad_norm': 1.8270403146743774, 'learning_rate': 0.0007665886384883601, 'epoch': 0.34}
{'loss': 4.8438, 'grad_norm': 1.68301522731781, 'learning_rate': 0.000766431502668472, 'epoch': 0.34}
{'loss': 4.9069, 'grad_norm': 1.6817737817764282, 'learning_rate': 0.0007662743300907466, 'epoch': 0.34}
{'loss': 4.7812, 'grad_norm': 1.482999324798584, 'learning_rate': 0.0007661171207768675, 'epoch': 0.34}
{'loss': 5.0827, 'grad_norm': 1.8131762742996216, 'learning_rate': 0.0007659598747485246, 'epoch': 0.34}
{'loss': 4.6884, 'grad_norm': 1.8092386722564697, 'learning_rate': 0.0007658025920274116, 'epoch': 0.34}
{'loss': 5.2371, 'grad_norm': 1.8749146461486816, 'learning_rate': 0.0007656452726352278, 'epoch': 0.34}
{'loss': 4.9776, 'grad_norm': 1.6474807262420654, 'learning_rate': 0.0007654879165936777, 'epoch': 0.34}
{'loss': 4.998, 'grad_norm': 1.8158776760101318, 'learning_rate': 0.0007653305239244706, 'epoch': 0.34}
{'loss': 5.0205, 'grad_norm': 1.7627379894256592, 'learning_rate': 0.0007651730946493209, 'epoch': 0.34}
{'loss': 5.0196, 'grad_norm': 1.8182345628738403, 'learning_rate': 0.0007650156287899484, 'epoch': 0.34}
{'loss': 5.1367, 'grad_norm': 1.7851934432983398, 'learning_rate': 0.0007648581263680771, 'epoch': 0.34}
{'loss': 5.3014, 'grad_norm': 1.618196964263916, 'learning_rate': 0.0007647005874054372, 'epoch': 0.34}
{'loss': 5.184, 'grad_norm': 1.7507964372634888, 'learning_rate': 0.0007645430119237631, 'epoch': 0.34}
{'loss': 5.1379, 'grad_norm': 1.7065203189849854, 'learning_rate': 0.0007643853999447943, 'epoch': 0.34}
{'loss': 4.8552, 'grad_norm': 1.5914580821990967, 'learning_rate': 0.0007642277514902757, 'epoch': 0.34}
{'loss': 5.1991, 'grad_norm': 2.201805353164673, 'learning_rate': 0.000764070066581957, 'epoch': 0.34}
{'loss': 4.9778, 'grad_norm': 1.5989822149276733, 'learning_rate': 0.0007639123452415931, 'epoch': 0.34}
{'loss': 5.1084, 'grad_norm': 1.690075397491455, 'learning_rate': 0.0007637545874909435, 'epoch': 0.34}
{'loss': 4.903, 'grad_norm': 1.5693910121917725, 'learning_rate': 0.0007635967933517731, 'epoch': 0.34}
{'loss': 5.3882, 'grad_norm': 1.9756865501403809, 'learning_rate': 0.0007634389628458521, 'epoch': 0.34}
{'loss': 5.0661, 'grad_norm': 1.9951415061950684, 'learning_rate': 0.0007632810959949548, 'epoch': 0.34}
{'loss': 4.9988, 'grad_norm': 1.7310826778411865, 'learning_rate': 0.0007631231928208615, 'epoch': 0.34}
{'loss': 4.883, 'grad_norm': 1.837228775024414, 'learning_rate': 0.000762965253345357, 'epoch': 0.34}
{'loss': 5.0344, 'grad_norm': 1.617037296295166, 'learning_rate': 0.0007628072775902309, 'epoch': 0.35}
{'loss': 5.2447, 'grad_norm': 2.032508611679077, 'learning_rate': 0.0007626492655772784, 'epoch': 0.35}
{'loss': 4.8452, 'grad_norm': 1.8645042181015015, 'learning_rate': 0.0007624912173282994, 'epoch': 0.35}
{'loss': 5.0131, 'grad_norm': 1.6852864027023315, 'learning_rate': 0.0007623331328650986, 'epoch': 0.35}
{'loss': 4.7432, 'grad_norm': 1.6730685234069824, 'learning_rate': 0.0007621750122094862, 'epoch': 0.35}
{'loss': 5.0379, 'grad_norm': 1.5607630014419556, 'learning_rate': 0.0007620168553832768, 'epoch': 0.35}
{'loss': 5.0758, 'grad_norm': 2.0594990253448486, 'learning_rate': 0.0007618586624082904, 'epoch': 0.35}
{'loss': 5.0417, 'grad_norm': 1.624191403388977, 'learning_rate': 0.0007617004333063518, 'epoch': 0.35}
{'loss': 5.065, 'grad_norm': 1.8867998123168945, 'learning_rate': 0.0007615421680992909, 'epoch': 0.35}
{'loss': 5.1571, 'grad_norm': 1.875685214996338, 'learning_rate': 0.0007613838668089426, 'epoch': 0.35}
{'loss': 4.9648, 'grad_norm': 1.6438182592391968, 'learning_rate': 0.0007612255294571466, 'epoch': 0.35}
{'loss': 5.0067, 'grad_norm': 1.8532381057739258, 'learning_rate': 0.0007610671560657476, 'epoch': 0.35}
{'loss': 5.3935, 'grad_norm': 1.7080729007720947, 'learning_rate': 0.0007609087466565956, 'epoch': 0.35}
{'loss': 5.0147, 'grad_norm': 1.646424412727356, 'learning_rate': 0.0007607503012515451, 'epoch': 0.35}
{'loss': 4.9043, 'grad_norm': 1.968701720237732, 'learning_rate': 0.000760591819872456, 'epoch': 0.35}
{'loss': 4.9465, 'grad_norm': 1.6963151693344116, 'learning_rate': 0.0007604333025411928, 'epoch': 0.35}
{'loss': 4.9279, 'grad_norm': 1.9091126918792725, 'learning_rate': 0.0007602747492796251, 'epoch': 0.35}
{'loss': 5.0922, 'grad_norm': 1.5109021663665771, 'learning_rate': 0.0007601161601096276, 'epoch': 0.35}
{'loss': 4.9056, 'grad_norm': 1.762285828590393, 'learning_rate': 0.0007599575350530799, 'epoch': 0.35}
{'loss': 5.0346, 'grad_norm': 1.787066102027893, 'learning_rate': 0.0007597988741318662, 'epoch': 0.35}
{'loss': 5.3742, 'grad_norm': 1.5945411920547485, 'learning_rate': 0.000759640177367876, 'epoch': 0.35}
{'loss': 5.041, 'grad_norm': 1.8133203983306885, 'learning_rate': 0.0007594814447830038, 'epoch': 0.35}
{'loss': 5.0576, 'grad_norm': 1.71798837184906, 'learning_rate': 0.0007593226763991489, 'epoch': 0.35}
{'loss': 4.9633, 'grad_norm': 2.0155868530273438, 'learning_rate': 0.0007591638722382154, 'epoch': 0.35}
{'loss': 4.8535, 'grad_norm': 1.5521615743637085, 'learning_rate': 0.0007590050323221125, 'epoch': 0.35}
{'loss': 5.0508, 'grad_norm': 2.022378921508789, 'learning_rate': 0.0007588461566727546, 'epoch': 0.35}
{'loss': 5.103, 'grad_norm': 1.9256926774978638, 'learning_rate': 0.0007586872453120603, 'epoch': 0.35}
{'loss': 4.9603, 'grad_norm': 1.7171305418014526, 'learning_rate': 0.0007585282982619542, 'epoch': 0.35}
{'loss': 4.8115, 'grad_norm': 2.1481828689575195, 'learning_rate': 0.0007583693155443645, 'epoch': 0.35}
{'loss': 4.9102, 'grad_norm': 1.8662223815917969, 'learning_rate': 0.0007582102971812253, 'epoch': 0.35}
{'loss': 4.9588, 'grad_norm': 1.6488420963287354, 'learning_rate': 0.0007580512431944757, 'epoch': 0.35}
{'loss': 5.0083, 'grad_norm': 1.5980387926101685, 'learning_rate': 0.0007578921536060588, 'epoch': 0.35}
{'loss': 4.9427, 'grad_norm': 1.6089537143707275, 'learning_rate': 0.0007577330284379235, 'epoch': 0.35}
{'loss': 5.1013, 'grad_norm': 1.7437342405319214, 'learning_rate': 0.0007575738677120232, 'epoch': 0.35}
{'loss': 5.0756, 'grad_norm': 1.7917022705078125, 'learning_rate': 0.000757414671450316, 'epoch': 0.35}
{'loss': 4.902, 'grad_norm': 1.642930507659912, 'learning_rate': 0.0007572554396747658, 'epoch': 0.35}
{'loss': 5.0971, 'grad_norm': 1.7527376413345337, 'learning_rate': 0.0007570961724073403, 'epoch': 0.35}
{'loss': 5.0639, 'grad_norm': 1.713721513748169, 'learning_rate': 0.0007569368696700127, 'epoch': 0.35}
{'loss': 5.0112, 'grad_norm': 1.5459743738174438, 'learning_rate': 0.000756777531484761, 'epoch': 0.35}
{'loss': 5.061, 'grad_norm': 1.465232253074646, 'learning_rate': 0.0007566181578735678, 'epoch': 0.35}
{'loss': 4.9232, 'grad_norm': 1.6544594764709473, 'learning_rate': 0.0007564587488584213, 'epoch': 0.35}
{'loss': 4.9365, 'grad_norm': 1.9516921043395996, 'learning_rate': 0.000756299304461314, 'epoch': 0.35}
{'loss': 5.1623, 'grad_norm': 1.605938196182251, 'learning_rate': 0.0007561398247042431, 'epoch': 0.35}
{'loss': 4.7366, 'grad_norm': 1.7315864562988281, 'learning_rate': 0.0007559803096092114, 'epoch': 0.35}
{'loss': 5.0228, 'grad_norm': 1.6987030506134033, 'learning_rate': 0.000755820759198226, 'epoch': 0.35}
{'loss': 5.193, 'grad_norm': 1.7918418645858765, 'learning_rate': 0.0007556611734932989, 'epoch': 0.35}
{'loss': 4.8147, 'grad_norm': 1.5611255168914795, 'learning_rate': 0.0007555015525164474, 'epoch': 0.35}
{'loss': 4.9665, 'grad_norm': 1.6802904605865479, 'learning_rate': 0.000755341896289693, 'epoch': 0.35}
{'loss': 4.809, 'grad_norm': 1.5917044878005981, 'learning_rate': 0.0007551822048350629, 'epoch': 0.35}
{'loss': 4.8098, 'grad_norm': 1.647764801979065, 'learning_rate': 0.0007550224781745885, 'epoch': 0.35}
{'loss': 5.1066, 'grad_norm': 1.8420065641403198, 'learning_rate': 0.0007548627163303061, 'epoch': 0.35}
{'loss': 4.7659, 'grad_norm': 1.7194775342941284, 'learning_rate': 0.0007547029193242571, 'epoch': 0.35}
{'loss': 5.1489, 'grad_norm': 1.6827681064605713, 'learning_rate': 0.0007545430871784879, 'epoch': 0.35}
{'loss': 5.0591, 'grad_norm': 1.798438549041748, 'learning_rate': 0.0007543832199150491, 'epoch': 0.35}
{'loss': 5.0716, 'grad_norm': 1.606919288635254, 'learning_rate': 0.000754223317555997, 'epoch': 0.35}
{'loss': 5.1218, 'grad_norm': 1.5402305126190186, 'learning_rate': 0.0007540633801233918, 'epoch': 0.35}
{'loss': 5.0968, 'grad_norm': 1.7090389728546143, 'learning_rate': 0.0007539034076392996, 'epoch': 0.35}
{'loss': 5.0352, 'grad_norm': 1.6739062070846558, 'learning_rate': 0.0007537434001257903, 'epoch': 0.35}
{'loss': 5.07, 'grad_norm': 1.9727535247802734, 'learning_rate': 0.0007535833576049393, 'epoch': 0.35}
{'loss': 4.9563, 'grad_norm': 1.6241270303726196, 'learning_rate': 0.0007534232800988268, 'epoch': 0.35}
{'loss': 5.1266, 'grad_norm': 1.8145779371261597, 'learning_rate': 0.0007532631676295372, 'epoch': 0.35}
{'loss': 4.9836, 'grad_norm': 1.7633479833602905, 'learning_rate': 0.0007531030202191606, 'epoch': 0.35}
{'loss': 5.1908, 'grad_norm': 2.063305139541626, 'learning_rate': 0.0007529428378897914, 'epoch': 0.35}
{'loss': 5.1166, 'grad_norm': 1.598386287689209, 'learning_rate': 0.0007527826206635288, 'epoch': 0.35}
{'loss': 5.0145, 'grad_norm': 1.9038877487182617, 'learning_rate': 0.0007526223685624771, 'epoch': 0.35}
{'loss': 4.9065, 'grad_norm': 1.7295218706130981, 'learning_rate': 0.0007524620816087453, 'epoch': 0.35}
{'loss': 5.0698, 'grad_norm': 2.0126287937164307, 'learning_rate': 0.0007523017598244468, 'epoch': 0.35}
{'loss': 5.1455, 'grad_norm': 1.722125768661499, 'learning_rate': 0.0007521414032317006, 'epoch': 0.35}
{'loss': 5.1653, 'grad_norm': 2.3908560276031494, 'learning_rate': 0.0007519810118526298, 'epoch': 0.35}
{'loss': 5.0895, 'grad_norm': 1.5788542032241821, 'learning_rate': 0.0007518205857093628, 'epoch': 0.35}
{'loss': 5.0802, 'grad_norm': 2.3918347358703613, 'learning_rate': 0.0007516601248240322, 'epoch': 0.35}
{'loss': 4.8649, 'grad_norm': 1.5005980730056763, 'learning_rate': 0.0007514996292187759, 'epoch': 0.35}
{'loss': 5.052, 'grad_norm': 1.9100884199142456, 'learning_rate': 0.0007513390989157367, 'epoch': 0.35}
{'loss': 5.0179, 'grad_norm': 2.01297664642334, 'learning_rate': 0.0007511785339370616, 'epoch': 0.35}
{'loss': 4.7908, 'grad_norm': 1.834336280822754, 'learning_rate': 0.0007510179343049028, 'epoch': 0.35}
{'loss': 5.0335, 'grad_norm': 2.1408073902130127, 'learning_rate': 0.0007508573000414173, 'epoch': 0.35}
{'loss': 5.0675, 'grad_norm': 1.5937674045562744, 'learning_rate': 0.0007506966311687669, 'epoch': 0.35}
{'loss': 4.8419, 'grad_norm': 2.1735286712646484, 'learning_rate': 0.0007505359277091175, 'epoch': 0.35}
{'loss': 4.9138, 'grad_norm': 1.8699079751968384, 'learning_rate': 0.0007503751896846409, 'epoch': 0.35}
{'loss': 5.1595, 'grad_norm': 1.8485347032546997, 'learning_rate': 0.000750214417117513, 'epoch': 0.35}
{'loss': 4.86, 'grad_norm': 1.5095114707946777, 'learning_rate': 0.0007500536100299143, 'epoch': 0.35}
{'loss': 5.1453, 'grad_norm': 1.5140507221221924, 'learning_rate': 0.0007498927684440305, 'epoch': 0.35}
{'loss': 5.04, 'grad_norm': 1.6760680675506592, 'learning_rate': 0.0007497318923820516, 'epoch': 0.35}
{'loss': 4.8918, 'grad_norm': 1.6021469831466675, 'learning_rate': 0.0007495709818661731, 'epoch': 0.35}
{'loss': 5.2322, 'grad_norm': 1.7062139511108398, 'learning_rate': 0.0007494100369185944, 'epoch': 0.35}
{'loss': 5.073, 'grad_norm': 1.8755301237106323, 'learning_rate': 0.0007492490575615203, 'epoch': 0.35}
{'loss': 5.1867, 'grad_norm': 1.7688626050949097, 'learning_rate': 0.0007490880438171598, 'epoch': 0.35}
{'loss': 4.9844, 'grad_norm': 1.9273842573165894, 'learning_rate': 0.0007489269957077272, 'epoch': 0.36}
{'loss': 5.0123, 'grad_norm': 1.9795771837234497, 'learning_rate': 0.0007487659132554412, 'epoch': 0.36}
{'loss': 5.053, 'grad_norm': 1.6259870529174805, 'learning_rate': 0.0007486047964825253, 'epoch': 0.36}
{'loss': 5.088, 'grad_norm': 2.0594000816345215, 'learning_rate': 0.0007484436454112076, 'epoch': 0.36}
{'loss': 4.9676, 'grad_norm': 1.6909974813461304, 'learning_rate': 0.0007482824600637212, 'epoch': 0.36}
{'loss': 5.1137, 'grad_norm': 2.121601104736328, 'learning_rate': 0.0007481212404623039, 'epoch': 0.36}
{'loss': 4.9818, 'grad_norm': 1.4814369678497314, 'learning_rate': 0.0007479599866291979, 'epoch': 0.36}
{'loss': 4.8318, 'grad_norm': 2.1990981101989746, 'learning_rate': 0.0007477986985866505, 'epoch': 0.36}
{'loss': 4.9554, 'grad_norm': 1.6630263328552246, 'learning_rate': 0.0007476373763569136, 'epoch': 0.36}
{'loss': 4.8792, 'grad_norm': 1.7666412591934204, 'learning_rate': 0.0007474760199622438, 'epoch': 0.36}
{'loss': 5.0887, 'grad_norm': 1.9773707389831543, 'learning_rate': 0.0007473146294249023, 'epoch': 0.36}
{'loss': 4.7991, 'grad_norm': 1.659067153930664, 'learning_rate': 0.0007471532047671552, 'epoch': 0.36}
{'loss': 5.1733, 'grad_norm': 1.9639091491699219, 'learning_rate': 0.000746991746011273, 'epoch': 0.36}
{'loss': 4.7918, 'grad_norm': 1.6462647914886475, 'learning_rate': 0.0007468302531795314, 'epoch': 0.36}
{'loss': 4.9375, 'grad_norm': 1.6836413145065308, 'learning_rate': 0.0007466687262942105, 'epoch': 0.36}
{'loss': 5.1293, 'grad_norm': 1.9062001705169678, 'learning_rate': 0.0007465071653775947, 'epoch': 0.36}
{'loss': 5.1997, 'grad_norm': 1.7195833921432495, 'learning_rate': 0.0007463455704519741, 'epoch': 0.36}
{'loss': 5.1535, 'grad_norm': 2.0076334476470947, 'learning_rate': 0.0007461839415396428, 'epoch': 0.36}
{'loss': 5.0043, 'grad_norm': 1.727967619895935, 'learning_rate': 0.0007460222786628994, 'epoch': 0.36}
{'loss': 4.9476, 'grad_norm': 1.8540339469909668, 'learning_rate': 0.0007458605818440477, 'epoch': 0.36}
{'loss': 5.042, 'grad_norm': 1.5237631797790527, 'learning_rate': 0.000745698851105396, 'epoch': 0.36}
{'loss': 4.6327, 'grad_norm': 1.8054813146591187, 'learning_rate': 0.000745537086469257, 'epoch': 0.36}
{'loss': 5.0554, 'grad_norm': 1.755035161972046, 'learning_rate': 0.0007453752879579487, 'epoch': 0.36}
{'loss': 5.018, 'grad_norm': 1.6515390872955322, 'learning_rate': 0.0007452134555937929, 'epoch': 0.36}
{'loss': 5.1901, 'grad_norm': 2.061815023422241, 'learning_rate': 0.0007450515893991171, 'epoch': 0.36}
{'loss': 4.9713, 'grad_norm': 1.5866904258728027, 'learning_rate': 0.0007448896893962526, 'epoch': 0.36}
{'loss': 4.8567, 'grad_norm': 1.6201963424682617, 'learning_rate': 0.0007447277556075358, 'epoch': 0.36}
{'loss': 4.9269, 'grad_norm': 1.7356213331222534, 'learning_rate': 0.0007445657880553078, 'epoch': 0.36}
{'loss': 4.9489, 'grad_norm': 1.6479179859161377, 'learning_rate': 0.0007444037867619139, 'epoch': 0.36}
{'loss': 4.9727, 'grad_norm': 1.6007055044174194, 'learning_rate': 0.0007442417517497047, 'epoch': 0.36}
{'loss': 4.9653, 'grad_norm': 1.6913763284683228, 'learning_rate': 0.0007440796830410349, 'epoch': 0.36}
{'loss': 5.0567, 'grad_norm': 1.7333498001098633, 'learning_rate': 0.0007439175806582643, 'epoch': 0.36}
{'loss': 4.7221, 'grad_norm': 1.8508762121200562, 'learning_rate': 0.0007437554446237569, 'epoch': 0.36}
{'loss': 4.9355, 'grad_norm': 1.8391393423080444, 'learning_rate': 0.0007435932749598815, 'epoch': 0.36}
{'loss': 4.8014, 'grad_norm': 1.6887224912643433, 'learning_rate': 0.0007434310716890118, 'epoch': 0.36}
{'loss': 4.9551, 'grad_norm': 1.7512186765670776, 'learning_rate': 0.0007432688348335259, 'epoch': 0.36}
{'loss': 4.9793, 'grad_norm': 1.786154866218567, 'learning_rate': 0.0007431065644158066, 'epoch': 0.36}
{'loss': 4.9911, 'grad_norm': 1.6921005249023438, 'learning_rate': 0.0007429442604582413, 'epoch': 0.36}
{'loss': 4.9759, 'grad_norm': 1.7861747741699219, 'learning_rate': 0.000742781922983222, 'epoch': 0.36}
{'loss': 5.0642, 'grad_norm': 1.672952651977539, 'learning_rate': 0.0007426195520131452, 'epoch': 0.36}
{'loss': 5.053, 'grad_norm': 1.849237084388733, 'learning_rate': 0.0007424571475704123, 'epoch': 0.36}
{'loss': 5.0166, 'grad_norm': 1.56149423122406, 'learning_rate': 0.0007422947096774292, 'epoch': 0.36}
{'loss': 5.067, 'grad_norm': 1.6231542825698853, 'learning_rate': 0.0007421322383566068, 'epoch': 0.36}
{'loss': 4.9721, 'grad_norm': 1.5716229677200317, 'learning_rate': 0.0007419697336303596, 'epoch': 0.36}
{'loss': 5.3092, 'grad_norm': 1.6730906963348389, 'learning_rate': 0.0007418071955211075, 'epoch': 0.36}
{'loss': 5.1208, 'grad_norm': 1.8425720930099487, 'learning_rate': 0.000741644624051275, 'epoch': 0.36}
{'loss': 4.9446, 'grad_norm': 1.469335675239563, 'learning_rate': 0.000741482019243291, 'epoch': 0.36}
{'loss': 4.8129, 'grad_norm': 1.4003968238830566, 'learning_rate': 0.0007413193811195888, 'epoch': 0.36}
{'loss': 5.0827, 'grad_norm': 1.6045702695846558, 'learning_rate': 0.000741156709702607, 'epoch': 0.36}
{'loss': 4.8684, 'grad_norm': 1.6316962242126465, 'learning_rate': 0.0007409940050147879, 'epoch': 0.36}
{'loss': 5.1011, 'grad_norm': 1.760858178138733, 'learning_rate': 0.0007408312670785788, 'epoch': 0.36}
{'loss': 4.8703, 'grad_norm': 1.558411955833435, 'learning_rate': 0.000740668495916432, 'epoch': 0.36}
{'loss': 4.8389, 'grad_norm': 1.7384291887283325, 'learning_rate': 0.0007405056915508038, 'epoch': 0.36}
{'loss': 5.3455, 'grad_norm': 1.5661343336105347, 'learning_rate': 0.0007403428540041552, 'epoch': 0.36}
{'loss': 4.9461, 'grad_norm': 1.5078396797180176, 'learning_rate': 0.0007401799832989518, 'epoch': 0.36}
{'loss': 4.9215, 'grad_norm': 1.8606083393096924, 'learning_rate': 0.0007400170794576639, 'epoch': 0.36}
{'loss': 5.0209, 'grad_norm': 1.7096554040908813, 'learning_rate': 0.0007398541425027663, 'epoch': 0.36}
{'loss': 5.0742, 'grad_norm': 1.6062241792678833, 'learning_rate': 0.0007396911724567383, 'epoch': 0.36}
{'loss': 5.2753, 'grad_norm': 1.4866394996643066, 'learning_rate': 0.0007395281693420641, 'epoch': 0.36}
{'loss': 4.9947, 'grad_norm': 1.4995064735412598, 'learning_rate': 0.0007393651331812316, 'epoch': 0.36}
{'loss': 5.1366, 'grad_norm': 1.5684130191802979, 'learning_rate': 0.0007392020639967346, 'epoch': 0.36}
{'loss': 5.0167, 'grad_norm': 1.682816982269287, 'learning_rate': 0.00073903896181107, 'epoch': 0.36}
{'loss': 4.9412, 'grad_norm': 1.8377166986465454, 'learning_rate': 0.0007388758266467405, 'epoch': 0.36}
{'loss': 4.9583, 'grad_norm': 1.8423558473587036, 'learning_rate': 0.0007387126585262525, 'epoch': 0.36}
{'loss': 5.0983, 'grad_norm': 1.7406705617904663, 'learning_rate': 0.0007385494574721174, 'epoch': 0.36}
{'loss': 4.7973, 'grad_norm': 1.6074141263961792, 'learning_rate': 0.0007383862235068508, 'epoch': 0.36}
{'loss': 4.9564, 'grad_norm': 1.8378983736038208, 'learning_rate': 0.0007382229566529734, 'epoch': 0.36}
{'loss': 5.0634, 'grad_norm': 1.6943062543869019, 'learning_rate': 0.0007380596569330096, 'epoch': 0.36}
{'loss': 5.0426, 'grad_norm': 1.7681599855422974, 'learning_rate': 0.0007378963243694892, 'epoch': 0.36}
{'loss': 4.7011, 'grad_norm': 1.571416974067688, 'learning_rate': 0.000737732958984946, 'epoch': 0.36}
{'loss': 5.0719, 'grad_norm': 1.7573671340942383, 'learning_rate': 0.0007375695608019185, 'epoch': 0.36}
{'loss': 5.0481, 'grad_norm': 1.7572963237762451, 'learning_rate': 0.0007374061298429498, 'epoch': 0.36}
{'loss': 4.9927, 'grad_norm': 1.6257935762405396, 'learning_rate': 0.0007372426661305869, 'epoch': 0.36}
{'loss': 4.9483, 'grad_norm': 1.5159934759140015, 'learning_rate': 0.0007370791696873825, 'epoch': 0.36}
{'loss': 4.9991, 'grad_norm': 1.7140350341796875, 'learning_rate': 0.0007369156405358929, 'epoch': 0.36}
{'loss': 4.773, 'grad_norm': 1.560604453086853, 'learning_rate': 0.0007367520786986789, 'epoch': 0.36}
{'loss': 4.9275, 'grad_norm': 1.6770861148834229, 'learning_rate': 0.0007365884841983065, 'epoch': 0.36}
{'loss': 5.1426, 'grad_norm': 1.4916499853134155, 'learning_rate': 0.0007364248570573455, 'epoch': 0.36}
{'loss': 5.141, 'grad_norm': 1.5488457679748535, 'learning_rate': 0.0007362611972983706, 'epoch': 0.36}
{'loss': 4.9397, 'grad_norm': 1.7644895315170288, 'learning_rate': 0.0007360975049439609, 'epoch': 0.36}
{'loss': 5.1099, 'grad_norm': 1.7640315294265747, 'learning_rate': 0.0007359337800166997, 'epoch': 0.36}
{'loss': 5.125, 'grad_norm': 1.8255374431610107, 'learning_rate': 0.0007357700225391756, 'epoch': 0.36}
{'loss': 5.0749, 'grad_norm': 1.8615108728408813, 'learning_rate': 0.0007356062325339808, 'epoch': 0.36}
{'loss': 5.3569, 'grad_norm': 1.918459415435791, 'learning_rate': 0.0007354424100237122, 'epoch': 0.36}
{'loss': 5.0069, 'grad_norm': 1.7354445457458496, 'learning_rate': 0.0007352785550309717, 'epoch': 0.36}
{'loss': 5.0907, 'grad_norm': 1.794599175453186, 'learning_rate': 0.0007351146675783653, 'epoch': 0.36}
{'loss': 4.9054, 'grad_norm': 1.805848479270935, 'learning_rate': 0.0007349507476885032, 'epoch': 0.36}
{'loss': 5.2679, 'grad_norm': 1.945585012435913, 'learning_rate': 0.0007347867953840006, 'epoch': 0.36}
{'loss': 5.3044, 'grad_norm': 1.7611932754516602, 'learning_rate': 0.0007346228106874769, 'epoch': 0.37}
{'loss': 5.0661, 'grad_norm': 1.8114525079727173, 'learning_rate': 0.0007344587936215558, 'epoch': 0.37}
{'loss': 4.9991, 'grad_norm': 1.9747735261917114, 'learning_rate': 0.0007342947442088661, 'epoch': 0.37}
{'loss': 4.8806, 'grad_norm': 1.8845199346542358, 'learning_rate': 0.0007341306624720404, 'epoch': 0.37}
{'loss': 5.0179, 'grad_norm': 1.78215491771698, 'learning_rate': 0.000733966548433716, 'epoch': 0.37}
{'loss': 5.076, 'grad_norm': 1.8441197872161865, 'learning_rate': 0.0007338024021165346, 'epoch': 0.37}
{'loss': 5.1719, 'grad_norm': 1.8329023122787476, 'learning_rate': 0.0007336382235431424, 'epoch': 0.37}
{'loss': 4.997, 'grad_norm': 1.8389071226119995, 'learning_rate': 0.0007334740127361903, 'epoch': 0.37}
{'loss': 5.1223, 'grad_norm': 1.769492268562317, 'learning_rate': 0.000733309769718333, 'epoch': 0.37}
{'loss': 4.9155, 'grad_norm': 2.0378663539886475, 'learning_rate': 0.0007331454945122306, 'epoch': 0.37}
{'loss': 5.0406, 'grad_norm': 1.6418699026107788, 'learning_rate': 0.0007329811871405466, 'epoch': 0.37}
{'loss': 4.898, 'grad_norm': 2.089719533920288, 'learning_rate': 0.0007328168476259495, 'epoch': 0.37}
{'loss': 5.094, 'grad_norm': 1.7313510179519653, 'learning_rate': 0.0007326524759911126, 'epoch': 0.37}
{'loss': 5.15, 'grad_norm': 1.8885966539382935, 'learning_rate': 0.0007324880722587126, 'epoch': 0.37}
{'loss': 5.1012, 'grad_norm': 1.818764567375183, 'learning_rate': 0.0007323236364514316, 'epoch': 0.37}
{'loss': 4.9759, 'grad_norm': 1.82906174659729, 'learning_rate': 0.0007321591685919557, 'epoch': 0.37}
{'loss': 4.8955, 'grad_norm': 2.1395108699798584, 'learning_rate': 0.0007319946687029753, 'epoch': 0.37}
{'loss': 5.2557, 'grad_norm': 1.701728343963623, 'learning_rate': 0.0007318301368071855, 'epoch': 0.37}
{'loss': 4.7943, 'grad_norm': 1.5723167657852173, 'learning_rate': 0.0007316655729272858, 'epoch': 0.37}
{'loss': 4.9795, 'grad_norm': 1.9326956272125244, 'learning_rate': 0.0007315009770859799, 'epoch': 0.37}
{'loss': 4.987, 'grad_norm': 1.7616453170776367, 'learning_rate': 0.000731336349305976, 'epoch': 0.37}
{'loss': 5.0545, 'grad_norm': 2.047132730484009, 'learning_rate': 0.0007311716896099869, 'epoch': 0.37}
{'loss': 4.7743, 'grad_norm': 1.6551594734191895, 'learning_rate': 0.0007310069980207294, 'epoch': 0.37}
{'loss': 4.8701, 'grad_norm': 1.782627820968628, 'learning_rate': 0.0007308422745609251, 'epoch': 0.37}
{'loss': 4.859, 'grad_norm': 1.71851646900177, 'learning_rate': 0.0007306775192533, 'epoch': 0.37}
{'loss': 4.9038, 'grad_norm': 1.6399294137954712, 'learning_rate': 0.0007305127321205839, 'epoch': 0.37}
{'loss': 4.9033, 'grad_norm': 1.9258403778076172, 'learning_rate': 0.0007303479131855116, 'epoch': 0.37}
{'loss': 4.9601, 'grad_norm': 1.6530277729034424, 'learning_rate': 0.0007301830624708224, 'epoch': 0.37}
{'loss': 4.9659, 'grad_norm': 1.9199676513671875, 'learning_rate': 0.0007300181799992592, 'epoch': 0.37}
{'loss': 5.0253, 'grad_norm': 1.643638253211975, 'learning_rate': 0.00072985326579357, 'epoch': 0.37}
{'loss': 5.1273, 'grad_norm': 1.600595474243164, 'learning_rate': 0.0007296883198765072, 'epoch': 0.37}
{'loss': 4.9955, 'grad_norm': 1.4918841123580933, 'learning_rate': 0.000729523342270827, 'epoch': 0.37}
{'loss': 5.0863, 'grad_norm': 1.6936404705047607, 'learning_rate': 0.0007293583329992902, 'epoch': 0.37}
{'loss': 5.1475, 'grad_norm': 1.6483017206192017, 'learning_rate': 0.0007291932920846625, 'epoch': 0.37}
{'loss': 4.8113, 'grad_norm': 1.7420953512191772, 'learning_rate': 0.0007290282195497131, 'epoch': 0.37}
{'loss': 4.9389, 'grad_norm': 1.6036005020141602, 'learning_rate': 0.0007288631154172163, 'epoch': 0.37}
{'loss': 4.9118, 'grad_norm': 1.467332124710083, 'learning_rate': 0.0007286979797099503, 'epoch': 0.37}
{'loss': 5.1789, 'grad_norm': 1.7448805570602417, 'learning_rate': 0.0007285328124506977, 'epoch': 0.37}
{'loss': 4.9554, 'grad_norm': 1.7444992065429688, 'learning_rate': 0.0007283676136622459, 'epoch': 0.37}
{'loss': 5.1029, 'grad_norm': 1.8076967000961304, 'learning_rate': 0.000728202383367386, 'epoch': 0.37}
{'loss': 4.6483, 'grad_norm': 1.8018078804016113, 'learning_rate': 0.0007280371215889139, 'epoch': 0.37}
{'loss': 5.1104, 'grad_norm': 2.0513179302215576, 'learning_rate': 0.0007278718283496297, 'epoch': 0.37}
{'loss': 4.8869, 'grad_norm': 1.7938402891159058, 'learning_rate': 0.0007277065036723378, 'epoch': 0.37}
{'loss': 4.8803, 'grad_norm': 1.8996083736419678, 'learning_rate': 0.0007275411475798472, 'epoch': 0.37}
{'loss': 4.9765, 'grad_norm': 1.9097882509231567, 'learning_rate': 0.0007273757600949704, 'epoch': 0.37}
{'loss': 5.2756, 'grad_norm': 1.805232286453247, 'learning_rate': 0.0007272103412405256, 'epoch': 0.37}
{'loss': 5.1925, 'grad_norm': 2.301497459411621, 'learning_rate': 0.0007270448910393342, 'epoch': 0.37}
{'loss': 5.0499, 'grad_norm': 2.0201241970062256, 'learning_rate': 0.0007268794095142222, 'epoch': 0.37}
{'loss': 4.753, 'grad_norm': 1.814970850944519, 'learning_rate': 0.0007267138966880201, 'epoch': 0.37}
{'loss': 5.1344, 'grad_norm': 2.1918814182281494, 'learning_rate': 0.0007265483525835628, 'epoch': 0.37}
{'loss': 5.0122, 'grad_norm': 1.5491364002227783, 'learning_rate': 0.0007263827772236892, 'epoch': 0.37}
{'loss': 4.8602, 'grad_norm': 1.8726106882095337, 'learning_rate': 0.0007262171706312428, 'epoch': 0.37}
{'loss': 5.1103, 'grad_norm': 1.9609174728393555, 'learning_rate': 0.0007260515328290711, 'epoch': 0.37}
{'loss': 4.9281, 'grad_norm': 1.5893940925598145, 'learning_rate': 0.0007258858638400261, 'epoch': 0.37}
{'loss': 5.219, 'grad_norm': 1.9381226301193237, 'learning_rate': 0.0007257201636869643, 'epoch': 0.37}
{'loss': 5.1489, 'grad_norm': 1.6304829120635986, 'learning_rate': 0.000725554432392746, 'epoch': 0.37}
{'loss': 4.8959, 'grad_norm': 1.961432695388794, 'learning_rate': 0.0007253886699802362, 'epoch': 0.37}
{'loss': 4.9536, 'grad_norm': 1.712843418121338, 'learning_rate': 0.0007252228764723042, 'epoch': 0.37}
{'loss': 4.9382, 'grad_norm': 1.7274216413497925, 'learning_rate': 0.0007250570518918232, 'epoch': 0.37}
{'loss': 5.163, 'grad_norm': 1.5774140357971191, 'learning_rate': 0.0007248911962616712, 'epoch': 0.37}
{'loss': 5.2034, 'grad_norm': 1.8484463691711426, 'learning_rate': 0.0007247253096047299, 'epoch': 0.37}
{'loss': 4.8985, 'grad_norm': 1.6427197456359863, 'learning_rate': 0.0007245593919438861, 'epoch': 0.37}
{'loss': 4.9102, 'grad_norm': 1.7573330402374268, 'learning_rate': 0.00072439344330203, 'epoch': 0.37}
{'loss': 4.8583, 'grad_norm': 1.987336277961731, 'learning_rate': 0.0007242274637020567, 'epoch': 0.37}
{'loss': 5.1449, 'grad_norm': 1.654752492904663, 'learning_rate': 0.0007240614531668653, 'epoch': 0.37}
{'loss': 5.1292, 'grad_norm': 1.9523725509643555, 'learning_rate': 0.0007238954117193589, 'epoch': 0.37}
{'loss': 5.0141, 'grad_norm': 1.5172762870788574, 'learning_rate': 0.0007237293393824454, 'epoch': 0.37}
{'loss': 5.139, 'grad_norm': 1.7421207427978516, 'learning_rate': 0.0007235632361790368, 'epoch': 0.37}
{'loss': 5.1424, 'grad_norm': 1.891152024269104, 'learning_rate': 0.0007233971021320492, 'epoch': 0.37}
{'loss': 5.1583, 'grad_norm': 1.821388602256775, 'learning_rate': 0.0007232309372644032, 'epoch': 0.37}
{'loss': 5.0638, 'grad_norm': 1.7089956998825073, 'learning_rate': 0.0007230647415990231, 'epoch': 0.37}
{'loss': 4.915, 'grad_norm': 1.5616439580917358, 'learning_rate': 0.0007228985151588383, 'epoch': 0.37}
{'loss': 4.8074, 'grad_norm': 1.8162003755569458, 'learning_rate': 0.0007227322579667816, 'epoch': 0.37}
{'loss': 5.2165, 'grad_norm': 1.7056007385253906, 'learning_rate': 0.0007225659700457908, 'epoch': 0.37}
{'loss': 4.793, 'grad_norm': 1.6460378170013428, 'learning_rate': 0.0007223996514188073, 'epoch': 0.37}
{'loss': 5.0704, 'grad_norm': 1.5104174613952637, 'learning_rate': 0.0007222333021087771, 'epoch': 0.37}
{'loss': 4.7161, 'grad_norm': 1.6093566417694092, 'learning_rate': 0.0007220669221386504, 'epoch': 0.37}
{'loss': 4.8949, 'grad_norm': 1.5670329332351685, 'learning_rate': 0.0007219005115313815, 'epoch': 0.37}
{'loss': 5.1723, 'grad_norm': 1.7359815835952759, 'learning_rate': 0.0007217340703099291, 'epoch': 0.37}
{'loss': 5.2559, 'grad_norm': 1.5878369808197021, 'learning_rate': 0.0007215675984972559, 'epoch': 0.37}
{'loss': 4.9929, 'grad_norm': 1.5781409740447998, 'learning_rate': 0.0007214010961163289, 'epoch': 0.37}
{'loss': 4.959, 'grad_norm': 1.6254856586456299, 'learning_rate': 0.0007212345631901195, 'epoch': 0.37}
{'loss': 4.8958, 'grad_norm': 1.5965592861175537, 'learning_rate': 0.0007210679997416031, 'epoch': 0.37}
{'loss': 5.0253, 'grad_norm': 1.8295245170593262, 'learning_rate': 0.0007209014057937594, 'epoch': 0.37}
{'loss': 4.9472, 'grad_norm': 1.726820468902588, 'learning_rate': 0.0007207347813695723, 'epoch': 0.37}
{'loss': 5.059, 'grad_norm': 1.8139448165893555, 'learning_rate': 0.0007205681264920301, 'epoch': 0.37}
{'loss': 5.0795, 'grad_norm': 1.71220862865448, 'learning_rate': 0.0007204014411841247, 'epoch': 0.37}
{'loss': 5.1471, 'grad_norm': 1.8649979829788208, 'learning_rate': 0.0007202347254688528, 'epoch': 0.38}
{'loss': 5.0819, 'grad_norm': 1.709930419921875, 'learning_rate': 0.0007200679793692151, 'epoch': 0.38}
{'loss': 5.0245, 'grad_norm': 1.7927985191345215, 'learning_rate': 0.0007199012029082164, 'epoch': 0.38}
{'loss': 4.8734, 'grad_norm': 1.713665246963501, 'learning_rate': 0.000719734396108866, 'epoch': 0.38}
{'loss': 5.0362, 'grad_norm': 1.913020133972168, 'learning_rate': 0.000719567558994177, 'epoch': 0.38}
{'loss': 4.9512, 'grad_norm': 1.9757874011993408, 'learning_rate': 0.0007194006915871667, 'epoch': 0.38}
{'loss': 5.0326, 'grad_norm': 1.6794689893722534, 'learning_rate': 0.0007192337939108569, 'epoch': 0.38}
{'loss': 4.975, 'grad_norm': 1.8749130964279175, 'learning_rate': 0.0007190668659882734, 'epoch': 0.38}
{'loss': 5.1118, 'grad_norm': 1.5291779041290283, 'learning_rate': 0.000718899907842446, 'epoch': 0.38}
{'loss': 5.1589, 'grad_norm': 2.1427481174468994, 'learning_rate': 0.0007187329194964093, 'epoch': 0.38}
{'loss': 5.1703, 'grad_norm': 1.8101485967636108, 'learning_rate': 0.0007185659009732011, 'epoch': 0.38}
{'loss': 5.1946, 'grad_norm': 1.8923676013946533, 'learning_rate': 0.000718398852295864, 'epoch': 0.38}
{'loss': 4.9147, 'grad_norm': 1.8017172813415527, 'learning_rate': 0.0007182317734874447, 'epoch': 0.38}
{'loss': 5.0702, 'grad_norm': 1.636573314666748, 'learning_rate': 0.000718064664570994, 'epoch': 0.38}
{'loss': 5.2423, 'grad_norm': 1.8627538681030273, 'learning_rate': 0.0007178975255695668, 'epoch': 0.38}
{'loss': 5.0148, 'grad_norm': 1.83831787109375, 'learning_rate': 0.0007177303565062222, 'epoch': 0.38}
{'loss': 5.0588, 'grad_norm': 1.642190933227539, 'learning_rate': 0.0007175631574040235, 'epoch': 0.38}
{'loss': 5.0423, 'grad_norm': 1.8265361785888672, 'learning_rate': 0.0007173959282860378, 'epoch': 0.38}
{'loss': 4.9618, 'grad_norm': 2.7515718936920166, 'learning_rate': 0.000717228669175337, 'epoch': 0.38}
{'loss': 4.9789, 'grad_norm': 1.739472508430481, 'learning_rate': 0.0007170613800949967, 'epoch': 0.38}
{'loss': 5.1574, 'grad_norm': 1.6578565835952759, 'learning_rate': 0.0007168940610680964, 'epoch': 0.38}
{'loss': 4.7091, 'grad_norm': 1.7196922302246094, 'learning_rate': 0.0007167267121177204, 'epoch': 0.38}
{'loss': 5.1138, 'grad_norm': 1.9402000904083252, 'learning_rate': 0.0007165593332669564, 'epoch': 0.38}
{'loss': 5.2155, 'grad_norm': 1.7741774320602417, 'learning_rate': 0.0007163919245388968, 'epoch': 0.38}
{'loss': 4.9704, 'grad_norm': 1.9546103477478027, 'learning_rate': 0.000716224485956638, 'epoch': 0.38}
{'loss': 4.8821, 'grad_norm': 1.872710943222046, 'learning_rate': 0.0007160570175432803, 'epoch': 0.38}
{'loss': 5.1339, 'grad_norm': 1.6476514339447021, 'learning_rate': 0.0007158895193219281, 'epoch': 0.38}
{'loss': 4.9788, 'grad_norm': 1.6310747861862183, 'learning_rate': 0.0007157219913156901, 'epoch': 0.38}
{'loss': 4.8285, 'grad_norm': 2.1168456077575684, 'learning_rate': 0.0007155544335476793, 'epoch': 0.38}
{'loss': 4.9889, 'grad_norm': 1.6146655082702637, 'learning_rate': 0.0007153868460410124, 'epoch': 0.38}
{'loss': 4.9939, 'grad_norm': 1.847010850906372, 'learning_rate': 0.0007152192288188103, 'epoch': 0.38}
{'loss': 4.8085, 'grad_norm': 1.5833877325057983, 'learning_rate': 0.0007150515819041982, 'epoch': 0.38}
{'loss': 4.9915, 'grad_norm': 1.7485997676849365, 'learning_rate': 0.0007148839053203051, 'epoch': 0.38}
{'loss': 5.0128, 'grad_norm': 1.7974939346313477, 'learning_rate': 0.0007147161990902645, 'epoch': 0.38}
{'loss': 5.255, 'grad_norm': 1.7484683990478516, 'learning_rate': 0.0007145484632372134, 'epoch': 0.38}
{'loss': 4.9761, 'grad_norm': 1.5797897577285767, 'learning_rate': 0.0007143806977842937, 'epoch': 0.38}
{'loss': 4.9289, 'grad_norm': 1.6308261156082153, 'learning_rate': 0.0007142129027546505, 'epoch': 0.38}
{'loss': 4.7182, 'grad_norm': 1.7250794172286987, 'learning_rate': 0.0007140450781714337, 'epoch': 0.38}
{'loss': 5.0356, 'grad_norm': 1.7659205198287964, 'learning_rate': 0.0007138772240577969, 'epoch': 0.38}
{'loss': 4.8266, 'grad_norm': 1.4411509037017822, 'learning_rate': 0.0007137093404368975, 'epoch': 0.38}
{'loss': 4.9755, 'grad_norm': 1.533110499382019, 'learning_rate': 0.0007135414273318978, 'epoch': 0.38}
{'loss': 5.0627, 'grad_norm': 1.9140396118164062, 'learning_rate': 0.0007133734847659633, 'epoch': 0.38}
{'loss': 5.0221, 'grad_norm': 1.6807423830032349, 'learning_rate': 0.0007132055127622644, 'epoch': 0.38}
{'loss': 5.1732, 'grad_norm': 1.6664084196090698, 'learning_rate': 0.0007130375113439748, 'epoch': 0.38}
{'loss': 5.0688, 'grad_norm': 1.5430845022201538, 'learning_rate': 0.0007128694805342725, 'epoch': 0.38}
{'loss': 4.8882, 'grad_norm': 1.6218042373657227, 'learning_rate': 0.0007127014203563398, 'epoch': 0.38}
{'loss': 5.2504, 'grad_norm': 1.7007976770401, 'learning_rate': 0.000712533330833363, 'epoch': 0.38}
{'loss': 5.1659, 'grad_norm': 1.7024881839752197, 'learning_rate': 0.000712365211988532, 'epoch': 0.38}
{'loss': 5.0129, 'grad_norm': 1.6016756296157837, 'learning_rate': 0.0007121970638450415, 'epoch': 0.38}
{'loss': 5.0532, 'grad_norm': 1.5902031660079956, 'learning_rate': 0.0007120288864260893, 'epoch': 0.38}
{'loss': 5.0702, 'grad_norm': 1.6948776245117188, 'learning_rate': 0.0007118606797548781, 'epoch': 0.38}
{'loss': 5.0625, 'grad_norm': 1.553792119026184, 'learning_rate': 0.0007116924438546143, 'epoch': 0.38}
{'loss': 4.7794, 'grad_norm': 1.7144216299057007, 'learning_rate': 0.000711524178748508, 'epoch': 0.38}
{'loss': 4.8689, 'grad_norm': 1.6020337343215942, 'learning_rate': 0.0007113558844597742, 'epoch': 0.38}
{'loss': 4.8654, 'grad_norm': 1.712874174118042, 'learning_rate': 0.000711187561011631, 'epoch': 0.38}
{'loss': 4.8691, 'grad_norm': 1.7521684169769287, 'learning_rate': 0.0007110192084273007, 'epoch': 0.38}
{'loss': 4.8295, 'grad_norm': 1.6350185871124268, 'learning_rate': 0.0007108508267300104, 'epoch': 0.38}
{'loss': 4.807, 'grad_norm': 1.7943838834762573, 'learning_rate': 0.0007106824159429903, 'epoch': 0.38}
{'loss': 5.0985, 'grad_norm': 1.5932822227478027, 'learning_rate': 0.0007105139760894747, 'epoch': 0.38}
{'loss': 5.1837, 'grad_norm': 1.6278046369552612, 'learning_rate': 0.0007103455071927028, 'epoch': 0.38}
{'loss': 4.9751, 'grad_norm': 1.6918329000473022, 'learning_rate': 0.0007101770092759164, 'epoch': 0.38}
{'loss': 5.2834, 'grad_norm': 1.8775410652160645, 'learning_rate': 0.0007100084823623629, 'epoch': 0.38}
{'loss': 4.9882, 'grad_norm': 1.5279089212417603, 'learning_rate': 0.0007098399264752921, 'epoch': 0.38}
{'loss': 5.0784, 'grad_norm': 1.6557724475860596, 'learning_rate': 0.000709671341637959, 'epoch': 0.38}
{'loss': 4.7782, 'grad_norm': 1.9984300136566162, 'learning_rate': 0.0007095027278736221, 'epoch': 0.38}
{'loss': 4.8623, 'grad_norm': 1.8116499185562134, 'learning_rate': 0.000709334085205544, 'epoch': 0.38}
{'loss': 5.0714, 'grad_norm': 1.7140334844589233, 'learning_rate': 0.0007091654136569911, 'epoch': 0.38}
{'loss': 5.139, 'grad_norm': 1.5742377042770386, 'learning_rate': 0.000708996713251234, 'epoch': 0.38}
{'loss': 5.0316, 'grad_norm': 1.6330246925354004, 'learning_rate': 0.0007088279840115474, 'epoch': 0.38}
{'loss': 5.3377, 'grad_norm': 1.712234377861023, 'learning_rate': 0.0007086592259612094, 'epoch': 0.38}
{'loss': 4.8731, 'grad_norm': 1.5868757963180542, 'learning_rate': 0.0007084904391235026, 'epoch': 0.38}
{'loss': 4.9798, 'grad_norm': 1.5681278705596924, 'learning_rate': 0.0007083216235217137, 'epoch': 0.38}
{'loss': 5.0915, 'grad_norm': 1.52561354637146, 'learning_rate': 0.0007081527791791329, 'epoch': 0.38}
{'loss': 4.7051, 'grad_norm': 1.725765347480774, 'learning_rate': 0.0007079839061190543, 'epoch': 0.38}
{'loss': 5.0741, 'grad_norm': 1.7963154315948486, 'learning_rate': 0.0007078150043647766, 'epoch': 0.38}
{'loss': 4.9654, 'grad_norm': 1.469720721244812, 'learning_rate': 0.0007076460739396021, 'epoch': 0.38}
{'loss': 5.0977, 'grad_norm': 1.938087821006775, 'learning_rate': 0.0007074771148668368, 'epoch': 0.38}
{'loss': 5.1657, 'grad_norm': 1.6072497367858887, 'learning_rate': 0.0007073081271697911, 'epoch': 0.38}
{'loss': 4.9718, 'grad_norm': 1.6657030582427979, 'learning_rate': 0.0007071391108717791, 'epoch': 0.38}
{'loss': 4.9002, 'grad_norm': 1.7081069946289062, 'learning_rate': 0.0007069700659961186, 'epoch': 0.38}
{'loss': 5.1412, 'grad_norm': 1.6384713649749756, 'learning_rate': 0.0007068009925661321, 'epoch': 0.38}
{'loss': 5.0862, 'grad_norm': 1.9660687446594238, 'learning_rate': 0.0007066318906051452, 'epoch': 0.38}
{'loss': 4.9411, 'grad_norm': 2.0147299766540527, 'learning_rate': 0.000706462760136488, 'epoch': 0.38}
{'loss': 4.7484, 'grad_norm': 1.8669071197509766, 'learning_rate': 0.0007062936011834941, 'epoch': 0.38}
{'loss': 5.0333, 'grad_norm': 1.7602792978286743, 'learning_rate': 0.0007061244137695019, 'epoch': 0.38}
{'loss': 5.2138, 'grad_norm': 1.7908307313919067, 'learning_rate': 0.0007059551979178524, 'epoch': 0.38}
{'loss': 5.0363, 'grad_norm': 1.7375324964523315, 'learning_rate': 0.0007057859536518914, 'epoch': 0.38}
{'loss': 4.8852, 'grad_norm': 1.5442081689834595, 'learning_rate': 0.0007056166809949687, 'epoch': 0.39}
{'loss': 4.8979, 'grad_norm': 1.8358421325683594, 'learning_rate': 0.0007054473799704374, 'epoch': 0.39}
{'loss': 5.1873, 'grad_norm': 1.766745686531067, 'learning_rate': 0.0007052780506016552, 'epoch': 0.39}
{'loss': 5.0541, 'grad_norm': 1.6505234241485596, 'learning_rate': 0.0007051086929119832, 'epoch': 0.39}
{'loss': 4.7436, 'grad_norm': 1.6743693351745605, 'learning_rate': 0.0007049393069247866, 'epoch': 0.39}
{'loss': 5.1305, 'grad_norm': 1.8052632808685303, 'learning_rate': 0.0007047698926634345, 'epoch': 0.39}
{'loss': 4.7998, 'grad_norm': 1.6589605808258057, 'learning_rate': 0.0007046004501513, 'epoch': 0.39}
{'loss': 5.1068, 'grad_norm': 1.8734573125839233, 'learning_rate': 0.0007044309794117598, 'epoch': 0.39}
{'loss': 5.0124, 'grad_norm': 1.6192988157272339, 'learning_rate': 0.0007042614804681948, 'epoch': 0.39}
{'loss': 5.128, 'grad_norm': 1.8719336986541748, 'learning_rate': 0.0007040919533439898, 'epoch': 0.39}
{'loss': 5.0487, 'grad_norm': 2.0407514572143555, 'learning_rate': 0.0007039223980625331, 'epoch': 0.39}
{'loss': 5.0056, 'grad_norm': 2.072716236114502, 'learning_rate': 0.0007037528146472174, 'epoch': 0.39}
{'loss': 5.0657, 'grad_norm': 1.7023999691009521, 'learning_rate': 0.0007035832031214386, 'epoch': 0.39}
{'loss': 4.7958, 'grad_norm': 2.1591415405273438, 'learning_rate': 0.0007034135635085975, 'epoch': 0.39}
{'loss': 5.0977, 'grad_norm': 1.7128411531448364, 'learning_rate': 0.0007032438958320978, 'epoch': 0.39}
{'loss': 4.9609, 'grad_norm': 1.8627753257751465, 'learning_rate': 0.0007030742001153476, 'epoch': 0.39}
{'loss': 4.9739, 'grad_norm': 1.7445476055145264, 'learning_rate': 0.0007029044763817587, 'epoch': 0.39}
{'loss': 5.0618, 'grad_norm': 1.7977505922317505, 'learning_rate': 0.0007027347246547468, 'epoch': 0.39}
{'loss': 5.0654, 'grad_norm': 1.6582022905349731, 'learning_rate': 0.0007025649449577313, 'epoch': 0.39}
{'loss': 5.0956, 'grad_norm': 1.6585153341293335, 'learning_rate': 0.0007023951373141358, 'epoch': 0.39}
{'loss': 5.1508, 'grad_norm': 1.718769907951355, 'learning_rate': 0.0007022253017473875, 'epoch': 0.39}
{'loss': 5.128, 'grad_norm': 1.6914613246917725, 'learning_rate': 0.0007020554382809176, 'epoch': 0.39}
{'loss': 4.8941, 'grad_norm': 1.993315577507019, 'learning_rate': 0.0007018855469381609, 'epoch': 0.39}
{'loss': 5.0742, 'grad_norm': 1.5969815254211426, 'learning_rate': 0.0007017156277425563, 'epoch': 0.39}
{'loss': 4.9972, 'grad_norm': 1.6489304304122925, 'learning_rate': 0.0007015456807175464, 'epoch': 0.39}
{'loss': 4.9551, 'grad_norm': 1.8039124011993408, 'learning_rate': 0.0007013757058865779, 'epoch': 0.39}
{'loss': 5.0381, 'grad_norm': 1.6673040390014648, 'learning_rate': 0.0007012057032731009, 'epoch': 0.39}
{'loss': 4.8993, 'grad_norm': 1.783370018005371, 'learning_rate': 0.0007010356729005697, 'epoch': 0.39}
{'loss': 5.1663, 'grad_norm': 1.9000641107559204, 'learning_rate': 0.0007008656147924422, 'epoch': 0.39}
{'loss': 4.9327, 'grad_norm': 1.7627633810043335, 'learning_rate': 0.0007006955289721803, 'epoch': 0.39}
{'loss': 5.0961, 'grad_norm': 1.609713077545166, 'learning_rate': 0.0007005254154632495, 'epoch': 0.39}
{'loss': 4.8937, 'grad_norm': 2.0332441329956055, 'learning_rate': 0.0007003552742891195, 'epoch': 0.39}
{'loss': 5.0635, 'grad_norm': 1.9676411151885986, 'learning_rate': 0.0007001851054732636, 'epoch': 0.39}
{'loss': 5.1595, 'grad_norm': 1.7397246360778809, 'learning_rate': 0.0007000149090391584, 'epoch': 0.39}
{'loss': 5.0884, 'grad_norm': 1.8612353801727295, 'learning_rate': 0.0006998446850102854, 'epoch': 0.39}
{'loss': 5.0853, 'grad_norm': 1.7135615348815918, 'learning_rate': 0.0006996744334101289, 'epoch': 0.39}
{'loss': 5.0235, 'grad_norm': 1.8587510585784912, 'learning_rate': 0.0006995041542621777, 'epoch': 0.39}
{'loss': 5.0837, 'grad_norm': 1.6978614330291748, 'learning_rate': 0.000699333847589924, 'epoch': 0.39}
{'loss': 4.864, 'grad_norm': 1.590842604637146, 'learning_rate': 0.0006991635134168639, 'epoch': 0.39}
{'loss': 5.0497, 'grad_norm': 1.6274211406707764, 'learning_rate': 0.0006989931517664973, 'epoch': 0.39}
{'loss': 4.9828, 'grad_norm': 1.7745342254638672, 'learning_rate': 0.000698822762662328, 'epoch': 0.39}
{'loss': 5.0429, 'grad_norm': 2.1043713092803955, 'learning_rate': 0.0006986523461278634, 'epoch': 0.39}
{'loss': 5.0438, 'grad_norm': 1.8094607591629028, 'learning_rate': 0.0006984819021866147, 'epoch': 0.39}
{'loss': 4.9583, 'grad_norm': 1.5616787672042847, 'learning_rate': 0.000698311430862097, 'epoch': 0.39}
{'loss': 4.9292, 'grad_norm': 1.6705440282821655, 'learning_rate': 0.0006981409321778294, 'epoch': 0.39}
{'loss': 5.0018, 'grad_norm': 1.8093218803405762, 'learning_rate': 0.0006979704061573341, 'epoch': 0.39}
{'loss': 5.0307, 'grad_norm': 1.4810398817062378, 'learning_rate': 0.0006977998528241376, 'epoch': 0.39}
{'loss': 4.9262, 'grad_norm': 1.8220629692077637, 'learning_rate': 0.0006976292722017702, 'epoch': 0.39}
{'loss': 4.8111, 'grad_norm': 1.702945351600647, 'learning_rate': 0.0006974586643137656, 'epoch': 0.39}
{'loss': 5.0156, 'grad_norm': 1.748880386352539, 'learning_rate': 0.0006972880291836618, 'epoch': 0.39}
{'loss': 5.036, 'grad_norm': 1.7618446350097656, 'learning_rate': 0.0006971173668349997, 'epoch': 0.39}
{'loss': 5.0579, 'grad_norm': 1.5479578971862793, 'learning_rate': 0.0006969466772913248, 'epoch': 0.39}
{'loss': 4.9684, 'grad_norm': 1.6781821250915527, 'learning_rate': 0.0006967759605761863, 'epoch': 0.39}
{'loss': 4.9695, 'grad_norm': 1.7627012729644775, 'learning_rate': 0.0006966052167131365, 'epoch': 0.39}
{'loss': 4.9314, 'grad_norm': 1.604462742805481, 'learning_rate': 0.0006964344457257317, 'epoch': 0.39}
{'loss': 4.7892, 'grad_norm': 1.759096384048462, 'learning_rate': 0.0006962636476375326, 'epoch': 0.39}
{'loss': 5.0246, 'grad_norm': 1.7002432346343994, 'learning_rate': 0.0006960928224721026, 'epoch': 0.39}
{'loss': 5.0831, 'grad_norm': 1.7560521364212036, 'learning_rate': 0.0006959219702530096, 'epoch': 0.39}
{'loss': 5.2047, 'grad_norm': 1.5831248760223389, 'learning_rate': 0.000695751091003825, 'epoch': 0.39}
{'loss': 4.9469, 'grad_norm': 1.820533275604248, 'learning_rate': 0.0006955801847481239, 'epoch': 0.39}
{'loss': 5.0558, 'grad_norm': 1.4733080863952637, 'learning_rate': 0.000695409251509485, 'epoch': 0.39}
{'loss': 4.9169, 'grad_norm': 1.4836490154266357, 'learning_rate': 0.0006952382913114909, 'epoch': 0.39}
{'loss': 4.9803, 'grad_norm': 1.4745149612426758, 'learning_rate': 0.0006950673041777281, 'epoch': 0.39}
{'loss': 5.02, 'grad_norm': 1.539418339729309, 'learning_rate': 0.0006948962901317863, 'epoch': 0.39}
{'loss': 4.9269, 'grad_norm': 1.8007220029830933, 'learning_rate': 0.0006947252491972593, 'epoch': 0.39}
{'loss': 5.0119, 'grad_norm': 1.6867446899414062, 'learning_rate': 0.0006945541813977447, 'epoch': 0.39}
{'loss': 4.7696, 'grad_norm': 1.7426085472106934, 'learning_rate': 0.0006943830867568434, 'epoch': 0.39}
{'loss': 5.0195, 'grad_norm': 1.664811611175537, 'learning_rate': 0.0006942119652981601, 'epoch': 0.39}
{'loss': 5.055, 'grad_norm': 1.5943255424499512, 'learning_rate': 0.0006940408170453037, 'epoch': 0.39}
{'loss': 4.8508, 'grad_norm': 1.7584816217422485, 'learning_rate': 0.0006938696420218862, 'epoch': 0.39}
{'loss': 4.7734, 'grad_norm': 1.824732780456543, 'learning_rate': 0.0006936984402515236, 'epoch': 0.39}
{'loss': 4.9099, 'grad_norm': 1.930217981338501, 'learning_rate': 0.0006935272117578354, 'epoch': 0.39}
{'loss': 5.1257, 'grad_norm': 1.6461130380630493, 'learning_rate': 0.0006933559565644448, 'epoch': 0.39}
{'loss': 5.0308, 'grad_norm': 1.5105608701705933, 'learning_rate': 0.0006931846746949791, 'epoch': 0.39}
{'loss': 4.8242, 'grad_norm': 1.7633758783340454, 'learning_rate': 0.0006930133661730687, 'epoch': 0.39}
{'loss': 5.0386, 'grad_norm': 1.451120376586914, 'learning_rate': 0.000692842031022348, 'epoch': 0.39}
{'loss': 4.9772, 'grad_norm': 1.8610156774520874, 'learning_rate': 0.000692670669266455, 'epoch': 0.39}
{'loss': 5.0407, 'grad_norm': 1.7179617881774902, 'learning_rate': 0.0006924992809290314, 'epoch': 0.39}
{'loss': 4.646, 'grad_norm': 1.6420822143554688, 'learning_rate': 0.0006923278660337227, 'epoch': 0.39}
{'loss': 4.9143, 'grad_norm': 1.6415143013000488, 'learning_rate': 0.0006921564246041776, 'epoch': 0.39}
{'loss': 5.2991, 'grad_norm': 1.6857856512069702, 'learning_rate': 0.0006919849566640488, 'epoch': 0.39}
{'loss': 4.9044, 'grad_norm': 1.7163646221160889, 'learning_rate': 0.0006918134622369929, 'epoch': 0.39}
{'loss': 5.0692, 'grad_norm': 2.04541277885437, 'learning_rate': 0.0006916419413466696, 'epoch': 0.39}
{'loss': 5.1415, 'grad_norm': 1.6741994619369507, 'learning_rate': 0.0006914703940167428, 'epoch': 0.39}
{'loss': 4.7004, 'grad_norm': 1.6423673629760742, 'learning_rate': 0.0006912988202708796, 'epoch': 0.39}
{'loss': 5.0332, 'grad_norm': 1.7964643239974976, 'learning_rate': 0.0006911272201327507, 'epoch': 0.39}
{'loss': 4.9473, 'grad_norm': 1.7132394313812256, 'learning_rate': 0.0006909555936260312, 'epoch': 0.39}
{'loss': 4.9298, 'grad_norm': 1.5708178281784058, 'learning_rate': 0.000690783940774399, 'epoch': 0.4}
{'loss': 4.9959, 'grad_norm': 1.7004965543746948, 'learning_rate': 0.0006906122616015359, 'epoch': 0.4}
{'loss': 5.0893, 'grad_norm': 1.9757599830627441, 'learning_rate': 0.0006904405561311274, 'epoch': 0.4}
{'loss': 4.86, 'grad_norm': 1.582201361656189, 'learning_rate': 0.0006902688243868628, 'epoch': 0.4}
{'loss': 4.9423, 'grad_norm': 1.6565054655075073, 'learning_rate': 0.0006900970663924345, 'epoch': 0.4}
{'loss': 4.8852, 'grad_norm': 1.5818625688552856, 'learning_rate': 0.0006899252821715392, 'epoch': 0.4}
{'loss': 4.6824, 'grad_norm': 1.4879261255264282, 'learning_rate': 0.0006897534717478763, 'epoch': 0.4}
{'loss': 5.0016, 'grad_norm': 1.8378970623016357, 'learning_rate': 0.0006895816351451499, 'epoch': 0.4}
{'loss': 5.1373, 'grad_norm': 1.5144908428192139, 'learning_rate': 0.000689409772387067, 'epoch': 0.4}
{'loss': 4.9851, 'grad_norm': 1.5454035997390747, 'learning_rate': 0.0006892378834973385, 'epoch': 0.4}
{'loss': 5.1164, 'grad_norm': 1.6274118423461914, 'learning_rate': 0.0006890659684996788, 'epoch': 0.4}
{'loss': 5.2225, 'grad_norm': 1.905885934829712, 'learning_rate': 0.0006888940274178054, 'epoch': 0.4}
{'loss': 4.894, 'grad_norm': 1.5401357412338257, 'learning_rate': 0.0006887220602754408, 'epoch': 0.4}
{'loss': 5.0272, 'grad_norm': 1.6410448551177979, 'learning_rate': 0.0006885500670963096, 'epoch': 0.4}
{'loss': 5.0909, 'grad_norm': 1.5080102682113647, 'learning_rate': 0.0006883780479041406, 'epoch': 0.4}
{'loss': 4.8943, 'grad_norm': 1.7983064651489258, 'learning_rate': 0.0006882060027226664, 'epoch': 0.4}
{'loss': 4.9572, 'grad_norm': 1.6612244844436646, 'learning_rate': 0.0006880339315756227, 'epoch': 0.4}
{'loss': 4.9785, 'grad_norm': 1.6125048398971558, 'learning_rate': 0.0006878618344867495, 'epoch': 0.4}
{'loss': 5.0986, 'grad_norm': 1.6431384086608887, 'learning_rate': 0.0006876897114797895, 'epoch': 0.4}
{'loss': 4.8471, 'grad_norm': 1.9484531879425049, 'learning_rate': 0.0006875175625784894, 'epoch': 0.4}
{'loss': 4.7304, 'grad_norm': 1.7352313995361328, 'learning_rate': 0.0006873453878065998, 'epoch': 0.4}
{'loss': 4.7769, 'grad_norm': 1.530334234237671, 'learning_rate': 0.0006871731871878743, 'epoch': 0.4}
{'loss': 4.9691, 'grad_norm': 1.6616134643554688, 'learning_rate': 0.0006870009607460704, 'epoch': 0.4}
{'loss': 5.1341, 'grad_norm': 1.6866317987442017, 'learning_rate': 0.0006868287085049489, 'epoch': 0.4}
{'loss': 5.0804, 'grad_norm': 1.6508592367172241, 'learning_rate': 0.0006866564304882745, 'epoch': 0.4}
{'loss': 4.9563, 'grad_norm': 1.777100682258606, 'learning_rate': 0.0006864841267198154, 'epoch': 0.4}
{'loss': 4.9066, 'grad_norm': 1.6303545236587524, 'learning_rate': 0.000686311797223343, 'epoch': 0.4}
{'loss': 5.2168, 'grad_norm': 1.536868691444397, 'learning_rate': 0.0006861394420226326, 'epoch': 0.4}
{'loss': 4.9332, 'grad_norm': 1.7237776517868042, 'learning_rate': 0.000685967061141463, 'epoch': 0.4}
{'loss': 4.6093, 'grad_norm': 1.7122845649719238, 'learning_rate': 0.0006857946546036162, 'epoch': 0.4}
{'loss': 4.9458, 'grad_norm': 2.078809976577759, 'learning_rate': 0.0006856222224328784, 'epoch': 0.4}
{'loss': 5.0332, 'grad_norm': 1.825827717781067, 'learning_rate': 0.0006854497646530388, 'epoch': 0.4}
{'loss': 5.3934, 'grad_norm': 1.9731730222702026, 'learning_rate': 0.00068527728128789, 'epoch': 0.4}
{'loss': 4.849, 'grad_norm': 1.731118083000183, 'learning_rate': 0.0006851047723612291, 'epoch': 0.4}
{'loss': 4.8406, 'grad_norm': 1.876365303993225, 'learning_rate': 0.0006849322378968552, 'epoch': 0.4}
{'loss': 5.0755, 'grad_norm': 1.5798320770263672, 'learning_rate': 0.0006847596779185725, 'epoch': 0.4}
{'loss': 5.0397, 'grad_norm': 1.6930443048477173, 'learning_rate': 0.0006845870924501875, 'epoch': 0.4}
{'loss': 5.0694, 'grad_norm': 1.7304754257202148, 'learning_rate': 0.000684414481515511, 'epoch': 0.4}
{'loss': 5.2149, 'grad_norm': 1.572439193725586, 'learning_rate': 0.000684241845138357, 'epoch': 0.4}
{'loss': 4.8806, 'grad_norm': 2.095533609390259, 'learning_rate': 0.0006840691833425428, 'epoch': 0.4}
{'loss': 4.9722, 'grad_norm': 1.6033891439437866, 'learning_rate': 0.0006838964961518896, 'epoch': 0.4}
{'loss': 4.9102, 'grad_norm': 1.5778616666793823, 'learning_rate': 0.0006837237835902219, 'epoch': 0.4}
{'loss': 4.8524, 'grad_norm': 1.5606727600097656, 'learning_rate': 0.0006835510456813679, 'epoch': 0.4}
{'loss': 4.9909, 'grad_norm': 1.8637902736663818, 'learning_rate': 0.0006833782824491588, 'epoch': 0.4}
{'loss': 4.8949, 'grad_norm': 1.6298701763153076, 'learning_rate': 0.00068320549391743, 'epoch': 0.4}
{'loss': 5.0015, 'grad_norm': 1.6695072650909424, 'learning_rate': 0.0006830326801100195, 'epoch': 0.4}
{'loss': 5.0234, 'grad_norm': 1.4781526327133179, 'learning_rate': 0.0006828598410507699, 'epoch': 0.4}
{'loss': 5.0712, 'grad_norm': 1.5580254793167114, 'learning_rate': 0.0006826869767635265, 'epoch': 0.4}
{'loss': 5.1406, 'grad_norm': 1.7563135623931885, 'learning_rate': 0.0006825140872721379, 'epoch': 0.4}
{'loss': 5.2508, 'grad_norm': 1.5140856504440308, 'learning_rate': 0.0006823411726004571, 'epoch': 0.4}
{'loss': 5.0396, 'grad_norm': 1.5530130863189697, 'learning_rate': 0.0006821682327723397, 'epoch': 0.4}
{'loss': 5.0855, 'grad_norm': 1.5717421770095825, 'learning_rate': 0.0006819952678116453, 'epoch': 0.4}
{'loss': 5.1159, 'grad_norm': 1.7673462629318237, 'learning_rate': 0.0006818222777422364, 'epoch': 0.4}
{'loss': 5.0401, 'grad_norm': 1.6750175952911377, 'learning_rate': 0.0006816492625879798, 'epoch': 0.4}
{'loss': 4.9852, 'grad_norm': 1.5118674039840698, 'learning_rate': 0.0006814762223727449, 'epoch': 0.4}
{'loss': 5.1104, 'grad_norm': 1.432692527770996, 'learning_rate': 0.000681303157120405, 'epoch': 0.4}
{'loss': 5.1526, 'grad_norm': 1.4957032203674316, 'learning_rate': 0.0006811300668548372, 'epoch': 0.4}
{'loss': 5.1547, 'grad_norm': 1.659692645072937, 'learning_rate': 0.0006809569515999211, 'epoch': 0.4}
{'loss': 5.0514, 'grad_norm': 1.9269133806228638, 'learning_rate': 0.0006807838113795405, 'epoch': 0.4}
{'loss': 4.7822, 'grad_norm': 1.4113391637802124, 'learning_rate': 0.0006806106462175825, 'epoch': 0.4}
{'loss': 4.9019, 'grad_norm': 1.734487771987915, 'learning_rate': 0.0006804374561379377, 'epoch': 0.4}
{'loss': 4.9459, 'grad_norm': 1.4866578578948975, 'learning_rate': 0.0006802642411644997, 'epoch': 0.4}
{'loss': 5.2163, 'grad_norm': 1.51606023311615, 'learning_rate': 0.0006800910013211661, 'epoch': 0.4}
{'loss': 4.9964, 'grad_norm': 1.9389623403549194, 'learning_rate': 0.0006799177366318376, 'epoch': 0.4}
{'loss': 5.1418, 'grad_norm': 1.8294769525527954, 'learning_rate': 0.0006797444471204186, 'epoch': 0.4}
{'loss': 5.0947, 'grad_norm': 1.6493923664093018, 'learning_rate': 0.0006795711328108164, 'epoch': 0.4}
{'loss': 4.7468, 'grad_norm': 1.5376728773117065, 'learning_rate': 0.0006793977937269421, 'epoch': 0.4}
{'loss': 4.9593, 'grad_norm': 1.734415054321289, 'learning_rate': 0.0006792244298927104, 'epoch': 0.4}
{'loss': 4.8607, 'grad_norm': 1.6186025142669678, 'learning_rate': 0.000679051041332039, 'epoch': 0.4}
{'loss': 5.0944, 'grad_norm': 1.4842910766601562, 'learning_rate': 0.0006788776280688495, 'epoch': 0.4}
{'loss': 5.0423, 'grad_norm': 1.789389729499817, 'learning_rate': 0.0006787041901270664, 'epoch': 0.4}
{'loss': 5.0406, 'grad_norm': 1.5994303226470947, 'learning_rate': 0.0006785307275306176, 'epoch': 0.4}
{'loss': 5.1398, 'grad_norm': 1.5212796926498413, 'learning_rate': 0.0006783572403034348, 'epoch': 0.4}
{'loss': 5.0152, 'grad_norm': 1.7043581008911133, 'learning_rate': 0.0006781837284694531, 'epoch': 0.4}
{'loss': 5.1201, 'grad_norm': 1.7026830911636353, 'learning_rate': 0.0006780101920526106, 'epoch': 0.4}
{'loss': 5.0161, 'grad_norm': 1.6977730989456177, 'learning_rate': 0.0006778366310768491, 'epoch': 0.4}
{'loss': 5.206, 'grad_norm': 1.6973035335540771, 'learning_rate': 0.0006776630455661135, 'epoch': 0.4}
{'loss': 4.9301, 'grad_norm': 1.7846709489822388, 'learning_rate': 0.0006774894355443526, 'epoch': 0.4}
{'loss': 4.9587, 'grad_norm': 1.6699179410934448, 'learning_rate': 0.000677315801035518, 'epoch': 0.4}
{'loss': 4.9086, 'grad_norm': 1.7201932668685913, 'learning_rate': 0.000677142142063565, 'epoch': 0.4}
{'loss': 5.0856, 'grad_norm': 1.5190339088439941, 'learning_rate': 0.0006769684586524523, 'epoch': 0.4}
{'loss': 4.9085, 'grad_norm': 1.7352944612503052, 'learning_rate': 0.0006767947508261417, 'epoch': 0.4}
{'loss': 5.0437, 'grad_norm': 1.8963217735290527, 'learning_rate': 0.0006766210186085987, 'epoch': 0.4}
{'loss': 5.0514, 'grad_norm': 1.563547968864441, 'learning_rate': 0.0006764472620237919, 'epoch': 0.4}
{'loss': 5.1287, 'grad_norm': 1.6108381748199463, 'learning_rate': 0.0006762734810956936, 'epoch': 0.4}
{'loss': 4.886, 'grad_norm': 1.836167573928833, 'learning_rate': 0.0006760996758482789, 'epoch': 0.4}
{'loss': 4.6879, 'grad_norm': 1.6172529458999634, 'learning_rate': 0.0006759258463055269, 'epoch': 0.4}
{'loss': 4.9698, 'grad_norm': 1.8268121480941772, 'learning_rate': 0.0006757519924914194, 'epoch': 0.41}
{'loss': 4.878, 'grad_norm': 1.8827677965164185, 'learning_rate': 0.0006755781144299422, 'epoch': 0.41}
{'loss': 4.8565, 'grad_norm': 1.7987749576568604, 'learning_rate': 0.000675404212145084, 'epoch': 0.41}
{'loss': 4.7972, 'grad_norm': 1.6858718395233154, 'learning_rate': 0.0006752302856608372, 'epoch': 0.41}
{'loss': 4.923, 'grad_norm': 1.628252625465393, 'learning_rate': 0.000675056335001197, 'epoch': 0.41}
{'loss': 5.2921, 'grad_norm': 1.5812488794326782, 'learning_rate': 0.0006748823601901622, 'epoch': 0.41}
{'loss': 5.3846, 'grad_norm': 1.8752772808074951, 'learning_rate': 0.0006747083612517354, 'epoch': 0.41}
{'loss': 4.9848, 'grad_norm': 1.5963842868804932, 'learning_rate': 0.0006745343382099218, 'epoch': 0.41}
{'loss': 5.0303, 'grad_norm': 1.7272404432296753, 'learning_rate': 0.0006743602910887303, 'epoch': 0.41}
{'loss': 4.9162, 'grad_norm': 1.530500054359436, 'learning_rate': 0.0006741862199121731, 'epoch': 0.41}
{'loss': 4.931, 'grad_norm': 1.6020925045013428, 'learning_rate': 0.0006740121247042657, 'epoch': 0.41}
{'loss': 5.0008, 'grad_norm': 1.6514101028442383, 'learning_rate': 0.0006738380054890267, 'epoch': 0.41}
{'loss': 4.7852, 'grad_norm': 1.7422327995300293, 'learning_rate': 0.0006736638622904785, 'epoch': 0.41}
{'loss': 4.9071, 'grad_norm': 1.7714591026306152, 'learning_rate': 0.0006734896951326461, 'epoch': 0.41}
{'loss': 4.946, 'grad_norm': 1.7017109394073486, 'learning_rate': 0.0006733155040395587, 'epoch': 0.41}
{'loss': 4.8368, 'grad_norm': 1.3696774244308472, 'learning_rate': 0.0006731412890352481, 'epoch': 0.41}
{'loss': 5.0426, 'grad_norm': 1.5510358810424805, 'learning_rate': 0.0006729670501437497, 'epoch': 0.41}
{'loss': 5.0661, 'grad_norm': 1.729212760925293, 'learning_rate': 0.000672792787389102, 'epoch': 0.41}
{'loss': 4.96, 'grad_norm': 1.6389862298965454, 'learning_rate': 0.0006726185007953469, 'epoch': 0.41}
{'loss': 4.8577, 'grad_norm': 1.8067708015441895, 'learning_rate': 0.0006724441903865296, 'epoch': 0.41}
{'loss': 4.8869, 'grad_norm': 1.5781062841415405, 'learning_rate': 0.0006722698561866988, 'epoch': 0.41}
{'loss': 4.7852, 'grad_norm': 1.7231032848358154, 'learning_rate': 0.0006720954982199059, 'epoch': 0.41}
{'loss': 4.8173, 'grad_norm': 1.8037797212600708, 'learning_rate': 0.0006719211165102062, 'epoch': 0.41}
{'loss': 5.0766, 'grad_norm': 1.7495920658111572, 'learning_rate': 0.0006717467110816579, 'epoch': 0.41}
{'loss': 4.9668, 'grad_norm': 1.8847047090530396, 'learning_rate': 0.0006715722819583228, 'epoch': 0.41}
{'loss': 4.8529, 'grad_norm': 1.621277928352356, 'learning_rate': 0.0006713978291642657, 'epoch': 0.41}
{'loss': 4.8078, 'grad_norm': 1.6594204902648926, 'learning_rate': 0.0006712233527235546, 'epoch': 0.41}
{'loss': 5.1417, 'grad_norm': 1.7432972192764282, 'learning_rate': 0.0006710488526602607, 'epoch': 0.41}
{'loss': 4.6586, 'grad_norm': 1.4599590301513672, 'learning_rate': 0.0006708743289984591, 'epoch': 0.41}
{'loss': 4.7972, 'grad_norm': 1.6998977661132812, 'learning_rate': 0.0006706997817622274, 'epoch': 0.41}
{'loss': 4.9164, 'grad_norm': 1.665982723236084, 'learning_rate': 0.000670525210975647, 'epoch': 0.41}
{'loss': 5.1224, 'grad_norm': 1.6473735570907593, 'learning_rate': 0.0006703506166628021, 'epoch': 0.41}
{'loss': 4.9225, 'grad_norm': 1.5045459270477295, 'learning_rate': 0.0006701759988477804, 'epoch': 0.41}
{'loss': 4.7693, 'grad_norm': 1.407548427581787, 'learning_rate': 0.0006700013575546729, 'epoch': 0.41}
{'loss': 5.0344, 'grad_norm': 1.6199865341186523, 'learning_rate': 0.0006698266928075733, 'epoch': 0.41}
{'loss': 4.8148, 'grad_norm': 1.581120491027832, 'learning_rate': 0.0006696520046305796, 'epoch': 0.41}
{'loss': 4.935, 'grad_norm': 1.5164151191711426, 'learning_rate': 0.0006694772930477921, 'epoch': 0.41}
{'loss': 4.911, 'grad_norm': 1.5436961650848389, 'learning_rate': 0.0006693025580833147, 'epoch': 0.41}
{'loss': 5.0057, 'grad_norm': 1.5905829668045044, 'learning_rate': 0.0006691277997612542, 'epoch': 0.41}
{'loss': 5.0418, 'grad_norm': 1.5580397844314575, 'learning_rate': 0.0006689530181057211, 'epoch': 0.41}
{'loss': 4.7984, 'grad_norm': 1.8168604373931885, 'learning_rate': 0.0006687782131408291, 'epoch': 0.41}
{'loss': 4.8412, 'grad_norm': 1.6565065383911133, 'learning_rate': 0.0006686033848906945, 'epoch': 0.41}
{'loss': 5.06, 'grad_norm': 1.8912562131881714, 'learning_rate': 0.0006684285333794374, 'epoch': 0.41}
{'loss': 5.0323, 'grad_norm': 1.815920352935791, 'learning_rate': 0.0006682536586311811, 'epoch': 0.41}
{'loss': 5.0175, 'grad_norm': 1.710516333580017, 'learning_rate': 0.0006680787606700517, 'epoch': 0.41}
{'loss': 4.8748, 'grad_norm': 1.6969858407974243, 'learning_rate': 0.0006679038395201788, 'epoch': 0.41}
{'loss': 5.2895, 'grad_norm': 1.7153605222702026, 'learning_rate': 0.0006677288952056953, 'epoch': 0.41}
{'loss': 4.9766, 'grad_norm': 1.8304471969604492, 'learning_rate': 0.000667553927750737, 'epoch': 0.41}
{'loss': 4.7988, 'grad_norm': 1.6744840145111084, 'learning_rate': 0.0006673789371794429, 'epoch': 0.41}
{'loss': 5.0142, 'grad_norm': 1.7559051513671875, 'learning_rate': 0.0006672039235159556, 'epoch': 0.41}
{'loss': 5.1713, 'grad_norm': 1.6088542938232422, 'learning_rate': 0.0006670288867844205, 'epoch': 0.41}
{'loss': 4.8082, 'grad_norm': 1.7682825326919556, 'learning_rate': 0.0006668538270089864, 'epoch': 0.41}
{'loss': 4.7841, 'grad_norm': 1.5301682949066162, 'learning_rate': 0.0006666787442138048, 'epoch': 0.41}
{'loss': 5.0834, 'grad_norm': 1.6046462059020996, 'learning_rate': 0.0006665036384230312, 'epoch': 0.41}
{'loss': 4.7396, 'grad_norm': 1.6000416278839111, 'learning_rate': 0.0006663285096608235, 'epoch': 0.41}
{'loss': 5.167, 'grad_norm': 1.7435628175735474, 'learning_rate': 0.0006661533579513432, 'epoch': 0.41}
{'loss': 5.2348, 'grad_norm': 1.7145377397537231, 'learning_rate': 0.0006659781833187548, 'epoch': 0.41}
{'loss': 4.8774, 'grad_norm': 1.4548310041427612, 'learning_rate': 0.0006658029857872261, 'epoch': 0.41}
{'loss': 5.0335, 'grad_norm': 1.5137956142425537, 'learning_rate': 0.000665627765380928, 'epoch': 0.41}
{'loss': 4.7887, 'grad_norm': 1.62134850025177, 'learning_rate': 0.0006654525221240345, 'epoch': 0.41}
{'loss': 5.3709, 'grad_norm': 1.6657689809799194, 'learning_rate': 0.0006652772560407225, 'epoch': 0.41}
{'loss': 4.9603, 'grad_norm': 1.4384244680404663, 'learning_rate': 0.0006651019671551728, 'epoch': 0.41}
{'loss': 4.9227, 'grad_norm': 1.662769079208374, 'learning_rate': 0.0006649266554915686, 'epoch': 0.41}
{'loss': 5.1316, 'grad_norm': 1.5353869199752808, 'learning_rate': 0.0006647513210740967, 'epoch': 0.41}
{'loss': 4.9401, 'grad_norm': 1.5159498453140259, 'learning_rate': 0.0006645759639269467, 'epoch': 0.41}
{'loss': 4.9746, 'grad_norm': 1.5142940282821655, 'learning_rate': 0.0006644005840743113, 'epoch': 0.41}
{'loss': 5.0717, 'grad_norm': 1.5601027011871338, 'learning_rate': 0.000664225181540387, 'epoch': 0.41}
{'loss': 4.9972, 'grad_norm': 1.7599714994430542, 'learning_rate': 0.0006640497563493726, 'epoch': 0.41}
{'loss': 4.765, 'grad_norm': 1.5643393993377686, 'learning_rate': 0.0006638743085254705, 'epoch': 0.41}
{'loss': 5.1271, 'grad_norm': 1.7002127170562744, 'learning_rate': 0.0006636988380928862, 'epoch': 0.41}
{'loss': 4.7934, 'grad_norm': 1.6643531322479248, 'learning_rate': 0.000663523345075828, 'epoch': 0.41}
{'loss': 5.1681, 'grad_norm': 1.6323145627975464, 'learning_rate': 0.0006633478294985078, 'epoch': 0.41}
{'loss': 4.9612, 'grad_norm': 1.8575280904769897, 'learning_rate': 0.0006631722913851403, 'epoch': 0.41}
{'loss': 5.0615, 'grad_norm': 1.7389012575149536, 'learning_rate': 0.000662996730759943, 'epoch': 0.41}
{'loss': 4.8283, 'grad_norm': 1.6854488849639893, 'learning_rate': 0.0006628211476471375, 'epoch': 0.41}
{'loss': 4.9899, 'grad_norm': 1.713331699371338, 'learning_rate': 0.0006626455420709474, 'epoch': 0.41}
{'loss': 5.2229, 'grad_norm': 1.8843064308166504, 'learning_rate': 0.0006624699140555999, 'epoch': 0.41}
{'loss': 5.1862, 'grad_norm': 2.029764175415039, 'learning_rate': 0.0006622942636253256, 'epoch': 0.41}
{'loss': 4.7024, 'grad_norm': 1.765467643737793, 'learning_rate': 0.0006621185908043573, 'epoch': 0.41}
{'loss': 4.8397, 'grad_norm': 1.6618715524673462, 'learning_rate': 0.000661942895616932, 'epoch': 0.41}
{'loss': 5.0552, 'grad_norm': 1.5259166955947876, 'learning_rate': 0.0006617671780872889, 'epoch': 0.41}
{'loss': 5.0803, 'grad_norm': 1.6334500312805176, 'learning_rate': 0.0006615914382396707, 'epoch': 0.41}
{'loss': 4.7931, 'grad_norm': 1.7337692975997925, 'learning_rate': 0.0006614156760983232, 'epoch': 0.41}
{'loss': 5.0562, 'grad_norm': 1.4398508071899414, 'learning_rate': 0.000661239891687495, 'epoch': 0.41}
{'loss': 5.166, 'grad_norm': 1.821702003479004, 'learning_rate': 0.0006610640850314381, 'epoch': 0.41}
{'loss': 5.0023, 'grad_norm': 1.8369157314300537, 'learning_rate': 0.0006608882561544074, 'epoch': 0.41}
{'loss': 5.0244, 'grad_norm': 1.7282440662384033, 'learning_rate': 0.0006607124050806606, 'epoch': 0.41}
{'loss': 5.1949, 'grad_norm': 1.7366125583648682, 'learning_rate': 0.0006605365318344592, 'epoch': 0.41}
{'loss': 4.6605, 'grad_norm': 1.5335886478424072, 'learning_rate': 0.0006603606364400668, 'epoch': 0.42}
{'loss': 4.7534, 'grad_norm': 1.59334397315979, 'learning_rate': 0.0006601847189217509, 'epoch': 0.42}
{'loss': 5.2386, 'grad_norm': 1.6961227655410767, 'learning_rate': 0.0006600087793037817, 'epoch': 0.42}
{'loss': 5.0306, 'grad_norm': 1.7567166090011597, 'learning_rate': 0.0006598328176104322, 'epoch': 0.42}
{'loss': 5.0041, 'grad_norm': 1.4739984273910522, 'learning_rate': 0.000659656833865979, 'epoch': 0.42}
{'loss': 5.0492, 'grad_norm': 1.7244278192520142, 'learning_rate': 0.0006594808280947014, 'epoch': 0.42}
{'loss': 5.0279, 'grad_norm': 1.5209378004074097, 'learning_rate': 0.0006593048003208814, 'epoch': 0.42}
{'loss': 4.9468, 'grad_norm': 1.6853995323181152, 'learning_rate': 0.0006591287505688048, 'epoch': 0.42}
{'loss': 4.8912, 'grad_norm': 1.7833460569381714, 'learning_rate': 0.0006589526788627601, 'epoch': 0.42}
{'loss': 4.9184, 'grad_norm': 1.5893354415893555, 'learning_rate': 0.0006587765852270386, 'epoch': 0.42}
{'loss': 4.9393, 'grad_norm': 1.7287007570266724, 'learning_rate': 0.0006586004696859349, 'epoch': 0.42}
{'loss': 5.3096, 'grad_norm': 1.6848433017730713, 'learning_rate': 0.0006584243322637463, 'epoch': 0.42}
{'loss': 4.7658, 'grad_norm': 1.5799275636672974, 'learning_rate': 0.0006582481729847736, 'epoch': 0.42}
{'loss': 4.8655, 'grad_norm': 1.6709229946136475, 'learning_rate': 0.0006580719918733202, 'epoch': 0.42}
{'loss': 5.2144, 'grad_norm': 1.7703251838684082, 'learning_rate': 0.0006578957889536929, 'epoch': 0.42}
{'loss': 4.8715, 'grad_norm': 1.743638277053833, 'learning_rate': 0.000657719564250201, 'epoch': 0.42}
{'loss': 4.95, 'grad_norm': 1.6810717582702637, 'learning_rate': 0.0006575433177871572, 'epoch': 0.42}
{'loss': 4.8644, 'grad_norm': 1.7134455442428589, 'learning_rate': 0.0006573670495888771, 'epoch': 0.42}
{'loss': 4.9167, 'grad_norm': 1.7304493188858032, 'learning_rate': 0.0006571907596796795, 'epoch': 0.42}
{'loss': 4.7218, 'grad_norm': 1.5375349521636963, 'learning_rate': 0.0006570144480838855, 'epoch': 0.42}
{'loss': 4.9636, 'grad_norm': 1.6963211297988892, 'learning_rate': 0.00065683811482582, 'epoch': 0.42}
{'loss': 4.9566, 'grad_norm': 1.714845895767212, 'learning_rate': 0.0006566617599298106, 'epoch': 0.42}
{'loss': 5.0793, 'grad_norm': 1.5874265432357788, 'learning_rate': 0.0006564853834201877, 'epoch': 0.42}
{'loss': 4.9143, 'grad_norm': 1.6249185800552368, 'learning_rate': 0.000656308985321285, 'epoch': 0.42}
{'loss': 4.8084, 'grad_norm': 1.689457893371582, 'learning_rate': 0.0006561325656574388, 'epoch': 0.42}
{'loss': 4.9333, 'grad_norm': 2.0363259315490723, 'learning_rate': 0.0006559561244529887, 'epoch': 0.42}
{'loss': 4.9843, 'grad_norm': 1.679080605506897, 'learning_rate': 0.0006557796617322772, 'epoch': 0.42}
{'loss': 4.7598, 'grad_norm': 1.499841570854187, 'learning_rate': 0.0006556031775196496, 'epoch': 0.42}
{'loss': 4.9635, 'grad_norm': 1.6893024444580078, 'learning_rate': 0.0006554266718394543, 'epoch': 0.42}
{'loss': 5.1384, 'grad_norm': 1.7107843160629272, 'learning_rate': 0.0006552501447160429, 'epoch': 0.42}
{'loss': 5.0625, 'grad_norm': 1.644480586051941, 'learning_rate': 0.0006550735961737693, 'epoch': 0.42}
{'loss': 5.0557, 'grad_norm': 1.5600827932357788, 'learning_rate': 0.0006548970262369911, 'epoch': 0.42}
{'loss': 5.1219, 'grad_norm': 1.7757453918457031, 'learning_rate': 0.0006547204349300683, 'epoch': 0.42}
{'loss': 4.8541, 'grad_norm': 1.7796412706375122, 'learning_rate': 0.0006545438222773642, 'epoch': 0.42}
{'loss': 4.8757, 'grad_norm': 1.5191057920455933, 'learning_rate': 0.0006543671883032448, 'epoch': 0.42}
{'loss': 5.186, 'grad_norm': 1.7505117654800415, 'learning_rate': 0.0006541905330320793, 'epoch': 0.42}
{'loss': 5.0236, 'grad_norm': 1.6900554895401, 'learning_rate': 0.0006540138564882397, 'epoch': 0.42}
{'loss': 4.9556, 'grad_norm': 1.8881193399429321, 'learning_rate': 0.0006538371586961006, 'epoch': 0.42}
{'loss': 5.2258, 'grad_norm': 1.7003498077392578, 'learning_rate': 0.0006536604396800403, 'epoch': 0.42}
{'loss': 4.8468, 'grad_norm': 1.592002511024475, 'learning_rate': 0.0006534836994644393, 'epoch': 0.42}
{'loss': 4.8838, 'grad_norm': 1.6499958038330078, 'learning_rate': 0.0006533069380736813, 'epoch': 0.42}
{'loss': 4.8682, 'grad_norm': 1.592145323753357, 'learning_rate': 0.0006531301555321532, 'epoch': 0.42}
{'loss': 5.0827, 'grad_norm': 1.723480224609375, 'learning_rate': 0.0006529533518642441, 'epoch': 0.42}
{'loss': 4.8671, 'grad_norm': 1.5346118211746216, 'learning_rate': 0.000652776527094347, 'epoch': 0.42}
{'loss': 5.2324, 'grad_norm': 1.608099341392517, 'learning_rate': 0.0006525996812468569, 'epoch': 0.42}
{'loss': 5.1003, 'grad_norm': 1.6033412218093872, 'learning_rate': 0.000652422814346172, 'epoch': 0.42}
{'loss': 5.0679, 'grad_norm': 1.510733962059021, 'learning_rate': 0.0006522459264166939, 'epoch': 0.42}
{'loss': 4.9274, 'grad_norm': 1.578894853591919, 'learning_rate': 0.0006520690174828263, 'epoch': 0.42}
{'loss': 4.9402, 'grad_norm': 1.628747582435608, 'learning_rate': 0.0006518920875689764, 'epoch': 0.42}
{'loss': 4.8837, 'grad_norm': 1.463844656944275, 'learning_rate': 0.0006517151366995542, 'epoch': 0.42}
{'loss': 4.8375, 'grad_norm': 1.7219154834747314, 'learning_rate': 0.000651538164898972, 'epoch': 0.42}
{'loss': 4.9612, 'grad_norm': 1.5314244031906128, 'learning_rate': 0.000651361172191646, 'epoch': 0.42}
{'loss': 4.9515, 'grad_norm': 1.6430869102478027, 'learning_rate': 0.0006511841586019942, 'epoch': 0.42}
{'loss': 5.2073, 'grad_norm': 2.0007925033569336, 'learning_rate': 0.0006510071241544385, 'epoch': 0.42}
{'loss': 4.8042, 'grad_norm': 1.57895827293396, 'learning_rate': 0.000650830068873403, 'epoch': 0.42}
{'loss': 5.1348, 'grad_norm': 1.7201941013336182, 'learning_rate': 0.0006506529927833147, 'epoch': 0.42}
{'loss': 5.0012, 'grad_norm': 1.6661320924758911, 'learning_rate': 0.0006504758959086041, 'epoch': 0.42}
{'loss': 5.1679, 'grad_norm': 1.5694836378097534, 'learning_rate': 0.0006502987782737037, 'epoch': 0.42}
{'loss': 4.8122, 'grad_norm': 1.626229166984558, 'learning_rate': 0.0006501216399030495, 'epoch': 0.42}
{'loss': 4.696, 'grad_norm': 1.588599443435669, 'learning_rate': 0.0006499444808210802, 'epoch': 0.42}
{'loss': 4.8072, 'grad_norm': 1.5701076984405518, 'learning_rate': 0.0006497673010522371, 'epoch': 0.42}
{'loss': 4.6904, 'grad_norm': 1.503699541091919, 'learning_rate': 0.0006495901006209644, 'epoch': 0.42}
{'loss': 4.8061, 'grad_norm': 1.9035176038742065, 'learning_rate': 0.0006494128795517097, 'epoch': 0.42}
{'loss': 4.8446, 'grad_norm': 1.6953321695327759, 'learning_rate': 0.0006492356378689228, 'epoch': 0.42}
{'loss': 5.1149, 'grad_norm': 1.9585660696029663, 'learning_rate': 0.0006490583755970567, 'epoch': 0.42}
{'loss': 5.1497, 'grad_norm': 1.8477524518966675, 'learning_rate': 0.0006488810927605672, 'epoch': 0.42}
{'loss': 5.2222, 'grad_norm': 1.5496050119400024, 'learning_rate': 0.0006487037893839127, 'epoch': 0.42}
{'loss': 5.1821, 'grad_norm': 1.7744300365447998, 'learning_rate': 0.0006485264654915546, 'epoch': 0.42}
{'loss': 5.1366, 'grad_norm': 1.7911769151687622, 'learning_rate': 0.0006483491211079573, 'epoch': 0.42}
{'loss': 4.9851, 'grad_norm': 1.5576518774032593, 'learning_rate': 0.0006481717562575877, 'epoch': 0.42}
{'loss': 5.0435, 'grad_norm': 1.692723035812378, 'learning_rate': 0.0006479943709649158, 'epoch': 0.42}
{'loss': 4.9972, 'grad_norm': 1.8248249292373657, 'learning_rate': 0.0006478169652544142, 'epoch': 0.42}
{'loss': 4.9427, 'grad_norm': 1.6597864627838135, 'learning_rate': 0.0006476395391505586, 'epoch': 0.42}
{'loss': 5.2085, 'grad_norm': 1.8984040021896362, 'learning_rate': 0.0006474620926778272, 'epoch': 0.42}
{'loss': 5.016, 'grad_norm': 1.887502908706665, 'learning_rate': 0.0006472846258607011, 'epoch': 0.42}
{'loss': 5.2056, 'grad_norm': 1.8515839576721191, 'learning_rate': 0.0006471071387236642, 'epoch': 0.42}
{'loss': 4.9265, 'grad_norm': 1.8844200372695923, 'learning_rate': 0.0006469296312912035, 'epoch': 0.42}
{'loss': 4.8958, 'grad_norm': 1.969193935394287, 'learning_rate': 0.0006467521035878085, 'epoch': 0.42}
{'loss': 5.0088, 'grad_norm': 1.88959801197052, 'learning_rate': 0.0006465745556379714, 'epoch': 0.42}
{'loss': 5.103, 'grad_norm': 1.952660322189331, 'learning_rate': 0.0006463969874661875, 'epoch': 0.42}
{'loss': 5.0154, 'grad_norm': 1.624520182609558, 'learning_rate': 0.0006462193990969546, 'epoch': 0.42}
{'loss': 5.026, 'grad_norm': 1.6531157493591309, 'learning_rate': 0.0006460417905547735, 'epoch': 0.42}
{'loss': 5.0765, 'grad_norm': 1.872096061706543, 'learning_rate': 0.0006458641618641476, 'epoch': 0.42}
{'loss': 4.9804, 'grad_norm': 1.5500506162643433, 'learning_rate': 0.0006456865130495835, 'epoch': 0.42}
{'loss': 5.1921, 'grad_norm': 1.8263804912567139, 'learning_rate': 0.0006455088441355897, 'epoch': 0.42}
{'loss': 4.9179, 'grad_norm': 1.8219324350357056, 'learning_rate': 0.0006453311551466788, 'epoch': 0.42}
{'loss': 4.9573, 'grad_norm': 1.7361963987350464, 'learning_rate': 0.0006451534461073647, 'epoch': 0.42}
{'loss': 4.8284, 'grad_norm': 1.8430713415145874, 'learning_rate': 0.0006449757170421652, 'epoch': 0.43}
{'loss': 4.9299, 'grad_norm': 1.893917441368103, 'learning_rate': 0.0006447979679756002, 'epoch': 0.43}
{'loss': 5.0119, 'grad_norm': 1.6546568870544434, 'learning_rate': 0.0006446201989321927, 'epoch': 0.43}
{'loss': 4.89, 'grad_norm': 1.6643072366714478, 'learning_rate': 0.0006444424099364684, 'epoch': 0.43}
{'loss': 5.1438, 'grad_norm': 1.759536623954773, 'learning_rate': 0.0006442646010129556, 'epoch': 0.43}
{'loss': 4.8908, 'grad_norm': 1.523635983467102, 'learning_rate': 0.0006440867721861854, 'epoch': 0.43}
{'loss': 5.0307, 'grad_norm': 1.487571358680725, 'learning_rate': 0.0006439089234806919, 'epoch': 0.43}
{'loss': 4.7977, 'grad_norm': 1.6063822507858276, 'learning_rate': 0.0006437310549210116, 'epoch': 0.43}
{'loss': 5.0081, 'grad_norm': 1.7404603958129883, 'learning_rate': 0.0006435531665316837, 'epoch': 0.43}
{'loss': 5.0715, 'grad_norm': 1.7530931234359741, 'learning_rate': 0.0006433752583372507, 'epoch': 0.43}
{'loss': 4.9256, 'grad_norm': 1.840907335281372, 'learning_rate': 0.0006431973303622572, 'epoch': 0.43}
{'loss': 5.0396, 'grad_norm': 1.7092764377593994, 'learning_rate': 0.0006430193826312509, 'epoch': 0.43}
{'loss': 4.9544, 'grad_norm': 1.7429604530334473, 'learning_rate': 0.0006428414151687821, 'epoch': 0.43}
{'loss': 5.2017, 'grad_norm': 1.6897207498550415, 'learning_rate': 0.0006426634279994035, 'epoch': 0.43}
{'loss': 4.802, 'grad_norm': 1.7344679832458496, 'learning_rate': 0.0006424854211476714, 'epoch': 0.43}
{'loss': 4.8618, 'grad_norm': 1.5484228134155273, 'learning_rate': 0.0006423073946381437, 'epoch': 0.43}
{'loss': 5.2278, 'grad_norm': 1.5145090818405151, 'learning_rate': 0.000642129348495382, 'epoch': 0.43}
{'loss': 4.8218, 'grad_norm': 1.6396727561950684, 'learning_rate': 0.00064195128274395, 'epoch': 0.43}
{'loss': 4.7759, 'grad_norm': 1.8313467502593994, 'learning_rate': 0.0006417731974084143, 'epoch': 0.43}
{'loss': 4.7619, 'grad_norm': 1.6368383169174194, 'learning_rate': 0.0006415950925133441, 'epoch': 0.43}
{'loss': 4.7278, 'grad_norm': 1.4776936769485474, 'learning_rate': 0.0006414169680833117, 'epoch': 0.43}
{'loss': 5.1727, 'grad_norm': 2.072242021560669, 'learning_rate': 0.0006412388241428913, 'epoch': 0.43}
{'loss': 4.8666, 'grad_norm': 1.5436969995498657, 'learning_rate': 0.0006410606607166607, 'epoch': 0.43}
{'loss': 5.0101, 'grad_norm': 1.8923373222351074, 'learning_rate': 0.0006408824778291997, 'epoch': 0.43}
{'loss': 5.0048, 'grad_norm': 1.87162184715271, 'learning_rate': 0.0006407042755050911, 'epoch': 0.43}
{'loss': 4.7997, 'grad_norm': 1.650460124015808, 'learning_rate': 0.0006405260537689204, 'epoch': 0.43}
{'loss': 4.9462, 'grad_norm': 1.999891757965088, 'learning_rate': 0.0006403478126452755, 'epoch': 0.43}
{'loss': 4.7696, 'grad_norm': 2.0983169078826904, 'learning_rate': 0.0006401695521587475, 'epoch': 0.43}
{'loss': 5.1027, 'grad_norm': 1.6707313060760498, 'learning_rate': 0.0006399912723339296, 'epoch': 0.43}
{'loss': 4.9281, 'grad_norm': 2.084583282470703, 'learning_rate': 0.000639812973195418, 'epoch': 0.43}
{'loss': 4.9115, 'grad_norm': 1.8274286985397339, 'learning_rate': 0.0006396346547678116, 'epoch': 0.43}
{'loss': 4.9381, 'grad_norm': 1.6755186319351196, 'learning_rate': 0.0006394563170757117, 'epoch': 0.43}
{'loss': 4.8198, 'grad_norm': 2.210089921951294, 'learning_rate': 0.0006392779601437223, 'epoch': 0.43}
{'loss': 4.6898, 'grad_norm': 1.504196047782898, 'learning_rate': 0.0006390995839964504, 'epoch': 0.43}
{'loss': 4.9185, 'grad_norm': 2.0093605518341064, 'learning_rate': 0.0006389211886585052, 'epoch': 0.43}
{'loss': 4.9236, 'grad_norm': 1.8499438762664795, 'learning_rate': 0.000638742774154499, 'epoch': 0.43}
{'loss': 4.8181, 'grad_norm': 1.6015249490737915, 'learning_rate': 0.0006385643405090462, 'epoch': 0.43}
{'loss': 4.9669, 'grad_norm': 1.9612303972244263, 'learning_rate': 0.0006383858877467644, 'epoch': 0.43}
{'loss': 4.8911, 'grad_norm': 1.7845007181167603, 'learning_rate': 0.0006382074158922735, 'epoch': 0.43}
{'loss': 5.0452, 'grad_norm': 1.7343072891235352, 'learning_rate': 0.0006380289249701959, 'epoch': 0.43}
{'loss': 4.9237, 'grad_norm': 1.9854707717895508, 'learning_rate': 0.0006378504150051572, 'epoch': 0.43}
{'loss': 5.0933, 'grad_norm': 1.6165516376495361, 'learning_rate': 0.000637671886021785, 'epoch': 0.43}
{'loss': 4.9462, 'grad_norm': 1.8588321208953857, 'learning_rate': 0.0006374933380447101, 'epoch': 0.43}
{'loss': 4.8375, 'grad_norm': 1.6619714498519897, 'learning_rate': 0.0006373147710985651, 'epoch': 0.43}
{'loss': 4.7271, 'grad_norm': 1.5810943841934204, 'learning_rate': 0.0006371361852079863, 'epoch': 0.43}
{'loss': 5.1527, 'grad_norm': 1.701246738433838, 'learning_rate': 0.0006369575803976115, 'epoch': 0.43}
{'loss': 5.1577, 'grad_norm': 1.6200859546661377, 'learning_rate': 0.0006367789566920821, 'epoch': 0.43}
{'loss': 4.8192, 'grad_norm': 1.7948731184005737, 'learning_rate': 0.0006366003141160413, 'epoch': 0.43}
{'loss': 4.9058, 'grad_norm': 1.5426453351974487, 'learning_rate': 0.0006364216526941358, 'epoch': 0.43}
{'loss': 5.1262, 'grad_norm': 1.6574082374572754, 'learning_rate': 0.0006362429724510137, 'epoch': 0.43}
{'loss': 4.9967, 'grad_norm': 1.6472208499908447, 'learning_rate': 0.0006360642734113269, 'epoch': 0.43}
{'loss': 4.8251, 'grad_norm': 1.7622463703155518, 'learning_rate': 0.000635885555599729, 'epoch': 0.43}
{'loss': 4.8741, 'grad_norm': 1.65644371509552, 'learning_rate': 0.0006357068190408767, 'epoch': 0.43}
{'loss': 5.1104, 'grad_norm': 1.7434395551681519, 'learning_rate': 0.0006355280637594292, 'epoch': 0.43}
{'loss': 4.962, 'grad_norm': 1.8792847394943237, 'learning_rate': 0.000635349289780048, 'epoch': 0.43}
{'loss': 5.0014, 'grad_norm': 1.8851460218429565, 'learning_rate': 0.0006351704971273975, 'epoch': 0.43}
{'loss': 4.8862, 'grad_norm': 1.7441929578781128, 'learning_rate': 0.0006349916858261448, 'epoch': 0.43}
{'loss': 4.996, 'grad_norm': 1.5428624153137207, 'learning_rate': 0.000634812855900959, 'epoch': 0.43}
{'loss': 5.0494, 'grad_norm': 1.577136754989624, 'learning_rate': 0.0006346340073765122, 'epoch': 0.43}
{'loss': 4.7112, 'grad_norm': 1.4852739572525024, 'learning_rate': 0.0006344551402774792, 'epoch': 0.43}
{'loss': 4.8741, 'grad_norm': 1.6361138820648193, 'learning_rate': 0.0006342762546285368, 'epoch': 0.43}
{'loss': 4.9893, 'grad_norm': 1.6689342260360718, 'learning_rate': 0.0006340973504543649, 'epoch': 0.43}
{'loss': 4.6941, 'grad_norm': 1.665766954421997, 'learning_rate': 0.0006339184277796457, 'epoch': 0.43}
{'loss': 5.3177, 'grad_norm': 1.6849969625473022, 'learning_rate': 0.0006337394866290642, 'epoch': 0.43}
{'loss': 5.0755, 'grad_norm': 1.6134921312332153, 'learning_rate': 0.0006335605270273075, 'epoch': 0.43}
{'loss': 5.1126, 'grad_norm': 1.7845549583435059, 'learning_rate': 0.0006333815489990654, 'epoch': 0.43}
{'loss': 5.2291, 'grad_norm': 1.6386268138885498, 'learning_rate': 0.0006332025525690308, 'epoch': 0.43}
{'loss': 4.7635, 'grad_norm': 1.5767308473587036, 'learning_rate': 0.0006330235377618983, 'epoch': 0.43}
{'loss': 4.985, 'grad_norm': 1.4825754165649414, 'learning_rate': 0.0006328445046023655, 'epoch': 0.43}
{'loss': 5.0002, 'grad_norm': 1.5304338932037354, 'learning_rate': 0.0006326654531151326, 'epoch': 0.43}
{'loss': 4.8588, 'grad_norm': 1.7324440479278564, 'learning_rate': 0.0006324863833249019, 'epoch': 0.43}
{'loss': 5.1647, 'grad_norm': 1.533509612083435, 'learning_rate': 0.0006323072952563788, 'epoch': 0.43}
{'loss': 5.085, 'grad_norm': 1.5873242616653442, 'learning_rate': 0.0006321281889342708, 'epoch': 0.43}
{'loss': 4.8441, 'grad_norm': 1.636926531791687, 'learning_rate': 0.000631949064383288, 'epoch': 0.43}
{'loss': 5.246, 'grad_norm': 1.6701067686080933, 'learning_rate': 0.0006317699216281432, 'epoch': 0.43}
{'loss': 4.9927, 'grad_norm': 1.6681122779846191, 'learning_rate': 0.0006315907606935514, 'epoch': 0.43}
{'loss': 4.8553, 'grad_norm': 1.5913749933242798, 'learning_rate': 0.0006314115816042304, 'epoch': 0.43}
{'loss': 4.9256, 'grad_norm': 1.8020392656326294, 'learning_rate': 0.0006312323843849003, 'epoch': 0.43}
{'loss': 5.2273, 'grad_norm': 1.617392659187317, 'learning_rate': 0.0006310531690602839, 'epoch': 0.43}
{'loss': 4.857, 'grad_norm': 1.6972694396972656, 'learning_rate': 0.0006308739356551062, 'epoch': 0.43}
{'loss': 5.2474, 'grad_norm': 1.6861584186553955, 'learning_rate': 0.0006306946841940952, 'epoch': 0.43}
{'loss': 4.9017, 'grad_norm': 1.5128339529037476, 'learning_rate': 0.0006305154147019807, 'epoch': 0.43}
{'loss': 4.6612, 'grad_norm': 1.4848251342773438, 'learning_rate': 0.0006303361272034956, 'epoch': 0.43}
{'loss': 4.9021, 'grad_norm': 1.3570029735565186, 'learning_rate': 0.0006301568217233748, 'epoch': 0.43}
{'loss': 4.9962, 'grad_norm': 1.5642380714416504, 'learning_rate': 0.0006299774982863562, 'epoch': 0.43}
{'loss': 4.7743, 'grad_norm': 1.7521415948867798, 'learning_rate': 0.0006297981569171798, 'epoch': 0.43}
{'loss': 4.9296, 'grad_norm': 1.5302319526672363, 'learning_rate': 0.0006296187976405879, 'epoch': 0.43}
{'loss': 4.7345, 'grad_norm': 1.5667775869369507, 'learning_rate': 0.0006294394204813261, 'epoch': 0.44}
{'loss': 4.9669, 'grad_norm': 1.7404412031173706, 'learning_rate': 0.0006292600254641415, 'epoch': 0.44}
{'loss': 4.9322, 'grad_norm': 1.692482352256775, 'learning_rate': 0.000629080612613784, 'epoch': 0.44}
{'loss': 4.8587, 'grad_norm': 1.7663074731826782, 'learning_rate': 0.0006289011819550066, 'epoch': 0.44}
{'loss': 4.9778, 'grad_norm': 1.685542106628418, 'learning_rate': 0.0006287217335125635, 'epoch': 0.44}
{'loss': 4.8853, 'grad_norm': 1.5919898748397827, 'learning_rate': 0.0006285422673112125, 'epoch': 0.44}
{'loss': 4.6625, 'grad_norm': 1.4545165300369263, 'learning_rate': 0.0006283627833757131, 'epoch': 0.44}
{'loss': 4.7581, 'grad_norm': 1.4099115133285522, 'learning_rate': 0.0006281832817308277, 'epoch': 0.44}
{'loss': 4.9547, 'grad_norm': 1.4477546215057373, 'learning_rate': 0.000628003762401321, 'epoch': 0.44}
{'loss': 4.7158, 'grad_norm': 1.6052207946777344, 'learning_rate': 0.0006278242254119602, 'epoch': 0.44}
{'loss': 4.9592, 'grad_norm': 1.6466319561004639, 'learning_rate': 0.0006276446707875146, 'epoch': 0.44}
{'loss': 4.9085, 'grad_norm': 1.4938441514968872, 'learning_rate': 0.0006274650985527566, 'epoch': 0.44}
{'loss': 4.9693, 'grad_norm': 1.7899550199508667, 'learning_rate': 0.00062728550873246, 'epoch': 0.44}
{'loss': 4.6916, 'grad_norm': 1.9428212642669678, 'learning_rate': 0.0006271059013514025, 'epoch': 0.44}
{'loss': 5.0048, 'grad_norm': 1.4987709522247314, 'learning_rate': 0.0006269262764343626, 'epoch': 0.44}
{'loss': 4.733, 'grad_norm': 1.719635009765625, 'learning_rate': 0.0006267466340061223, 'epoch': 0.44}
{'loss': 4.8867, 'grad_norm': 1.5819262266159058, 'learning_rate': 0.0006265669740914658, 'epoch': 0.44}
{'loss': 4.9393, 'grad_norm': 1.9406696557998657, 'learning_rate': 0.0006263872967151794, 'epoch': 0.44}
{'loss': 5.3648, 'grad_norm': 1.7702473402023315, 'learning_rate': 0.0006262076019020523, 'epoch': 0.44}
{'loss': 5.0046, 'grad_norm': 2.152207851409912, 'learning_rate': 0.0006260278896768756, 'epoch': 0.44}
{'loss': 4.8932, 'grad_norm': 1.5990302562713623, 'learning_rate': 0.000625848160064443, 'epoch': 0.44}
{'loss': 4.7652, 'grad_norm': 1.7080342769622803, 'learning_rate': 0.0006256684130895511, 'epoch': 0.44}
{'loss': 4.9933, 'grad_norm': 1.724086880683899, 'learning_rate': 0.0006254886487769977, 'epoch': 0.44}
{'loss': 4.9129, 'grad_norm': 1.5463850498199463, 'learning_rate': 0.0006253088671515844, 'epoch': 0.44}
{'loss': 4.8968, 'grad_norm': 2.064822196960449, 'learning_rate': 0.0006251290682381141, 'epoch': 0.44}
{'loss': 4.9314, 'grad_norm': 1.6047096252441406, 'learning_rate': 0.0006249492520613926, 'epoch': 0.44}
{'loss': 5.2588, 'grad_norm': 1.5882511138916016, 'learning_rate': 0.0006247694186462281, 'epoch': 0.44}
{'loss': 5.0322, 'grad_norm': 1.4399540424346924, 'learning_rate': 0.000624589568017431, 'epoch': 0.44}
{'loss': 5.1322, 'grad_norm': 1.6574275493621826, 'learning_rate': 0.000624409700199814, 'epoch': 0.44}
{'loss': 4.976, 'grad_norm': 1.6399760246276855, 'learning_rate': 0.0006242298152181923, 'epoch': 0.44}
{'loss': 4.8965, 'grad_norm': 1.628341794013977, 'learning_rate': 0.0006240499130973836, 'epoch': 0.44}
{'loss': 4.9413, 'grad_norm': 1.595216989517212, 'learning_rate': 0.0006238699938622079, 'epoch': 0.44}
{'loss': 5.1128, 'grad_norm': 1.8162349462509155, 'learning_rate': 0.0006236900575374875, 'epoch': 0.44}
{'loss': 4.9783, 'grad_norm': 1.7006479501724243, 'learning_rate': 0.0006235101041480469, 'epoch': 0.44}
{'loss': 4.8115, 'grad_norm': 1.4642927646636963, 'learning_rate': 0.0006233301337187129, 'epoch': 0.44}
{'loss': 4.9221, 'grad_norm': 1.696108102798462, 'learning_rate': 0.0006231501462743154, 'epoch': 0.44}
{'loss': 4.9734, 'grad_norm': 1.510701298713684, 'learning_rate': 0.0006229701418396859, 'epoch': 0.44}
{'loss': 5.0662, 'grad_norm': 1.5078922510147095, 'learning_rate': 0.0006227901204396583, 'epoch': 0.44}
{'loss': 5.1963, 'grad_norm': 2.316575288772583, 'learning_rate': 0.000622610082099069, 'epoch': 0.44}
{'loss': 5.0187, 'grad_norm': 1.5187311172485352, 'learning_rate': 0.0006224300268427568, 'epoch': 0.44}
{'loss': 5.0613, 'grad_norm': 1.6491429805755615, 'learning_rate': 0.0006222499546955629, 'epoch': 0.44}
{'loss': 5.0584, 'grad_norm': 1.6627659797668457, 'learning_rate': 0.0006220698656823304, 'epoch': 0.44}
{'loss': 4.9288, 'grad_norm': 1.8812003135681152, 'learning_rate': 0.0006218897598279054, 'epoch': 0.44}
{'loss': 5.0512, 'grad_norm': 1.536577582359314, 'learning_rate': 0.0006217096371571354, 'epoch': 0.44}
{'loss': 5.0155, 'grad_norm': 1.5718294382095337, 'learning_rate': 0.0006215294976948714, 'epoch': 0.44}
{'loss': 4.8517, 'grad_norm': 1.6544033288955688, 'learning_rate': 0.0006213493414659657, 'epoch': 0.44}
{'loss': 4.8614, 'grad_norm': 1.6371169090270996, 'learning_rate': 0.0006211691684952734, 'epoch': 0.44}
{'loss': 5.0681, 'grad_norm': 1.524240255355835, 'learning_rate': 0.0006209889788076517, 'epoch': 0.44}
{'loss': 5.0598, 'grad_norm': 1.6206766366958618, 'learning_rate': 0.0006208087724279604, 'epoch': 0.44}
{'loss': 4.8993, 'grad_norm': 1.6584382057189941, 'learning_rate': 0.0006206285493810612, 'epoch': 0.44}
{'loss': 4.9844, 'grad_norm': 1.6303343772888184, 'learning_rate': 0.0006204483096918184, 'epoch': 0.44}
{'loss': 4.6534, 'grad_norm': 1.555995225906372, 'learning_rate': 0.0006202680533850985, 'epoch': 0.44}
{'loss': 4.7152, 'grad_norm': 1.5547984838485718, 'learning_rate': 0.0006200877804857703, 'epoch': 0.44}
{'loss': 5.0345, 'grad_norm': 1.7273918390274048, 'learning_rate': 0.000619907491018705, 'epoch': 0.44}
{'loss': 4.9039, 'grad_norm': 1.5721917152404785, 'learning_rate': 0.000619727185008776, 'epoch': 0.44}
{'loss': 5.2126, 'grad_norm': 1.6041061878204346, 'learning_rate': 0.0006195468624808587, 'epoch': 0.44}
{'loss': 4.9294, 'grad_norm': 1.3904622793197632, 'learning_rate': 0.0006193665234598311, 'epoch': 0.44}
{'loss': 5.0904, 'grad_norm': 1.770865797996521, 'learning_rate': 0.0006191861679705736, 'epoch': 0.44}
{'loss': 4.8848, 'grad_norm': 1.4744795560836792, 'learning_rate': 0.0006190057960379686, 'epoch': 0.44}
{'loss': 5.0945, 'grad_norm': 1.479367733001709, 'learning_rate': 0.0006188254076869007, 'epoch': 0.44}
{'loss': 5.2542, 'grad_norm': 1.7288713455200195, 'learning_rate': 0.0006186450029422572, 'epoch': 0.44}
{'loss': 4.9847, 'grad_norm': 1.3623018264770508, 'learning_rate': 0.0006184645818289272, 'epoch': 0.44}
{'loss': 4.8164, 'grad_norm': 1.505490779876709, 'learning_rate': 0.0006182841443718021, 'epoch': 0.44}
{'loss': 4.9825, 'grad_norm': 1.700964093208313, 'learning_rate': 0.000618103690595776, 'epoch': 0.44}
{'loss': 5.1796, 'grad_norm': 1.5881447792053223, 'learning_rate': 0.0006179232205257448, 'epoch': 0.44}
{'loss': 5.0733, 'grad_norm': 1.612822413444519, 'learning_rate': 0.0006177427341866069, 'epoch': 0.44}
{'loss': 4.8999, 'grad_norm': 1.542632818222046, 'learning_rate': 0.0006175622316032625, 'epoch': 0.44}
{'loss': 5.0178, 'grad_norm': 1.4934313297271729, 'learning_rate': 0.0006173817128006147, 'epoch': 0.44}
{'loss': 4.858, 'grad_norm': 1.4418226480484009, 'learning_rate': 0.0006172011778035686, 'epoch': 0.44}
{'loss': 4.7369, 'grad_norm': 1.6283674240112305, 'learning_rate': 0.000617020626637031, 'epoch': 0.44}
{'loss': 4.8287, 'grad_norm': 1.444464921951294, 'learning_rate': 0.0006168400593259118, 'epoch': 0.44}
{'loss': 5.0191, 'grad_norm': 1.4935451745986938, 'learning_rate': 0.0006166594758951228, 'epoch': 0.44}
{'loss': 5.1623, 'grad_norm': 1.7726269960403442, 'learning_rate': 0.0006164788763695772, 'epoch': 0.44}
{'loss': 5.073, 'grad_norm': 1.4730920791625977, 'learning_rate': 0.000616298260774192, 'epoch': 0.44}
{'loss': 4.6935, 'grad_norm': 1.6443676948547363, 'learning_rate': 0.0006161176291338853, 'epoch': 0.44}
{'loss': 5.0479, 'grad_norm': 1.6272509098052979, 'learning_rate': 0.0006159369814735774, 'epoch': 0.44}
{'loss': 5.027, 'grad_norm': 1.5500887632369995, 'learning_rate': 0.0006157563178181914, 'epoch': 0.44}
{'loss': 5.0521, 'grad_norm': 1.6037695407867432, 'learning_rate': 0.0006155756381926521, 'epoch': 0.44}
{'loss': 4.9611, 'grad_norm': 1.5636790990829468, 'learning_rate': 0.0006153949426218869, 'epoch': 0.44}
{'loss': 4.7349, 'grad_norm': 1.654558777809143, 'learning_rate': 0.0006152142311308251, 'epoch': 0.44}
{'loss': 4.7442, 'grad_norm': 1.590530514717102, 'learning_rate': 0.0006150335037443982, 'epoch': 0.44}
{'loss': 4.9956, 'grad_norm': 1.6813530921936035, 'learning_rate': 0.0006148527604875403, 'epoch': 0.44}
{'loss': 4.8395, 'grad_norm': 1.5905815362930298, 'learning_rate': 0.000614672001385187, 'epoch': 0.44}
{'loss': 5.2809, 'grad_norm': 1.4819791316986084, 'learning_rate': 0.0006144912264622767, 'epoch': 0.44}
{'loss': 4.9497, 'grad_norm': 1.566118836402893, 'learning_rate': 0.0006143104357437496, 'epoch': 0.44}
{'loss': 4.6868, 'grad_norm': 1.6640961170196533, 'learning_rate': 0.0006141296292545485, 'epoch': 0.44}
{'loss': 4.6545, 'grad_norm': 1.800289273262024, 'learning_rate': 0.0006139488070196178, 'epoch': 0.44}
{'loss': 5.1149, 'grad_norm': 1.6171075105667114, 'learning_rate': 0.0006137679690639047, 'epoch': 0.45}
{'loss': 4.8869, 'grad_norm': 1.6385749578475952, 'learning_rate': 0.0006135871154123579, 'epoch': 0.45}
{'loss': 4.933, 'grad_norm': 1.774375557899475, 'learning_rate': 0.0006134062460899289, 'epoch': 0.45}
{'loss': 5.0756, 'grad_norm': 1.5175068378448486, 'learning_rate': 0.0006132253611215708, 'epoch': 0.45}
{'loss': 4.9733, 'grad_norm': 1.4462271928787231, 'learning_rate': 0.0006130444605322394, 'epoch': 0.45}
{'loss': 5.1747, 'grad_norm': 1.7761039733886719, 'learning_rate': 0.0006128635443468923, 'epoch': 0.45}
{'loss': 4.7528, 'grad_norm': 1.4475630521774292, 'learning_rate': 0.0006126826125904893, 'epoch': 0.45}
{'loss': 5.015, 'grad_norm': 1.8954808712005615, 'learning_rate': 0.0006125016652879923, 'epoch': 0.45}
{'loss': 4.8559, 'grad_norm': 1.7286884784698486, 'learning_rate': 0.0006123207024643656, 'epoch': 0.45}
{'loss': 5.0423, 'grad_norm': 1.4913629293441772, 'learning_rate': 0.0006121397241445755, 'epoch': 0.45}
{'loss': 4.9323, 'grad_norm': 1.6489852666854858, 'learning_rate': 0.0006119587303535903, 'epoch': 0.45}
{'loss': 4.9325, 'grad_norm': 1.4767049551010132, 'learning_rate': 0.0006117777211163805, 'epoch': 0.45}
{'loss': 4.8045, 'grad_norm': 1.5229570865631104, 'learning_rate': 0.0006115966964579188, 'epoch': 0.45}
{'loss': 4.9972, 'grad_norm': 1.6979624032974243, 'learning_rate': 0.0006114156564031801, 'epoch': 0.45}
{'loss': 4.7886, 'grad_norm': 1.5639917850494385, 'learning_rate': 0.0006112346009771412, 'epoch': 0.45}
{'loss': 4.8505, 'grad_norm': 1.3837965726852417, 'learning_rate': 0.0006110535302047814, 'epoch': 0.45}
{'loss': 4.5804, 'grad_norm': 1.5806055068969727, 'learning_rate': 0.0006108724441110816, 'epoch': 0.45}
{'loss': 4.9743, 'grad_norm': 1.5763813257217407, 'learning_rate': 0.0006106913427210252, 'epoch': 0.45}
{'loss': 5.1089, 'grad_norm': 1.6914983987808228, 'learning_rate': 0.0006105102260595976, 'epoch': 0.45}
{'loss': 4.8913, 'grad_norm': 1.6416207551956177, 'learning_rate': 0.0006103290941517861, 'epoch': 0.45}
{'loss': 4.8604, 'grad_norm': 1.6993510723114014, 'learning_rate': 0.0006101479470225808, 'epoch': 0.45}
{'loss': 4.7275, 'grad_norm': 1.61333429813385, 'learning_rate': 0.0006099667846969729, 'epoch': 0.45}
{'loss': 4.9176, 'grad_norm': 1.5430562496185303, 'learning_rate': 0.0006097856071999564, 'epoch': 0.45}
{'loss': 4.9895, 'grad_norm': 1.5575319528579712, 'learning_rate': 0.000609604414556527, 'epoch': 0.45}
{'loss': 4.7103, 'grad_norm': 1.5581499338150024, 'learning_rate': 0.000609423206791683, 'epoch': 0.45}
{'loss': 5.0296, 'grad_norm': 1.5619957447052002, 'learning_rate': 0.0006092419839304244, 'epoch': 0.45}
{'loss': 5.0752, 'grad_norm': 1.5718687772750854, 'learning_rate': 0.0006090607459977532, 'epoch': 0.45}
{'loss': 4.7593, 'grad_norm': 1.7459992170333862, 'learning_rate': 0.0006088794930186736, 'epoch': 0.45}
{'loss': 4.893, 'grad_norm': 1.447845458984375, 'learning_rate': 0.0006086982250181922, 'epoch': 0.45}
{'loss': 5.1082, 'grad_norm': 1.6865603923797607, 'learning_rate': 0.000608516942021317, 'epoch': 0.45}
{'loss': 4.7934, 'grad_norm': 1.4390817880630493, 'learning_rate': 0.0006083356440530586, 'epoch': 0.45}
{'loss': 4.996, 'grad_norm': 1.7065311670303345, 'learning_rate': 0.0006081543311384298, 'epoch': 0.45}
{'loss': 5.0586, 'grad_norm': 1.7506505250930786, 'learning_rate': 0.0006079730033024446, 'epoch': 0.45}
{'loss': 4.9795, 'grad_norm': 1.657444953918457, 'learning_rate': 0.0006077916605701202, 'epoch': 0.45}
{'loss': 5.11, 'grad_norm': 1.7768058776855469, 'learning_rate': 0.0006076103029664748, 'epoch': 0.45}
{'loss': 4.9096, 'grad_norm': 1.4982777833938599, 'learning_rate': 0.0006074289305165295, 'epoch': 0.45}
{'loss': 4.8716, 'grad_norm': 1.7203856706619263, 'learning_rate': 0.0006072475432453069, 'epoch': 0.45}
{'loss': 4.9276, 'grad_norm': 1.8581639528274536, 'learning_rate': 0.0006070661411778319, 'epoch': 0.45}
{'loss': 4.905, 'grad_norm': 1.9622068405151367, 'learning_rate': 0.0006068847243391315, 'epoch': 0.45}
{'loss': 4.8058, 'grad_norm': 1.672040581703186, 'learning_rate': 0.0006067032927542344, 'epoch': 0.45}
{'loss': 4.9042, 'grad_norm': 1.7250502109527588, 'learning_rate': 0.0006065218464481716, 'epoch': 0.45}
{'loss': 4.8798, 'grad_norm': 1.656672477722168, 'learning_rate': 0.0006063403854459762, 'epoch': 0.45}
{'loss': 4.9155, 'grad_norm': 1.602834939956665, 'learning_rate': 0.000606158909772683, 'epoch': 0.45}
{'loss': 5.0708, 'grad_norm': 1.674929141998291, 'learning_rate': 0.0006059774194533291, 'epoch': 0.45}
{'loss': 4.8312, 'grad_norm': 1.6059221029281616, 'learning_rate': 0.0006057959145129537, 'epoch': 0.45}
{'loss': 5.1172, 'grad_norm': 1.5678741931915283, 'learning_rate': 0.0006056143949765976, 'epoch': 0.45}
{'loss': 5.3793, 'grad_norm': 1.6723909378051758, 'learning_rate': 0.0006054328608693042, 'epoch': 0.45}
{'loss': 4.9438, 'grad_norm': 1.4180002212524414, 'learning_rate': 0.0006052513122161184, 'epoch': 0.45}
{'loss': 4.9502, 'grad_norm': 1.6550415754318237, 'learning_rate': 0.0006050697490420873, 'epoch': 0.45}
{'loss': 4.7604, 'grad_norm': 1.3788975477218628, 'learning_rate': 0.0006048881713722602, 'epoch': 0.45}
{'loss': 4.8687, 'grad_norm': 1.6222671270370483, 'learning_rate': 0.0006047065792316877, 'epoch': 0.45}
{'loss': 4.8884, 'grad_norm': 1.7929242849349976, 'learning_rate': 0.0006045249726454234, 'epoch': 0.45}
{'loss': 4.7926, 'grad_norm': 1.7414906024932861, 'learning_rate': 0.0006043433516385223, 'epoch': 0.45}
{'loss': 4.9675, 'grad_norm': 1.7647300958633423, 'learning_rate': 0.0006041617162360413, 'epoch': 0.45}
{'loss': 5.0603, 'grad_norm': 1.5028777122497559, 'learning_rate': 0.0006039800664630394, 'epoch': 0.45}
{'loss': 4.8197, 'grad_norm': 1.698554515838623, 'learning_rate': 0.0006037984023445781, 'epoch': 0.45}
{'loss': 5.121, 'grad_norm': 1.5361922979354858, 'learning_rate': 0.0006036167239057199, 'epoch': 0.45}
{'loss': 5.119, 'grad_norm': 1.7126628160476685, 'learning_rate': 0.0006034350311715302, 'epoch': 0.45}
{'loss': 4.5184, 'grad_norm': 1.6766233444213867, 'learning_rate': 0.0006032533241670757, 'epoch': 0.45}
{'loss': 4.6421, 'grad_norm': 1.4760695695877075, 'learning_rate': 0.0006030716029174256, 'epoch': 0.45}
{'loss': 5.0931, 'grad_norm': 1.4849036931991577, 'learning_rate': 0.0006028898674476506, 'epoch': 0.45}
{'loss': 4.7999, 'grad_norm': 1.6769543886184692, 'learning_rate': 0.0006027081177828235, 'epoch': 0.45}
{'loss': 4.9921, 'grad_norm': 1.4891295433044434, 'learning_rate': 0.0006025263539480196, 'epoch': 0.45}
{'loss': 4.9014, 'grad_norm': 1.6740769147872925, 'learning_rate': 0.000602344575968315, 'epoch': 0.45}
{'loss': 5.0616, 'grad_norm': 1.6229497194290161, 'learning_rate': 0.000602162783868789, 'epoch': 0.45}
{'loss': 5.2382, 'grad_norm': 1.8686858415603638, 'learning_rate': 0.0006019809776745221, 'epoch': 0.45}
{'loss': 4.9685, 'grad_norm': 1.6940048933029175, 'learning_rate': 0.0006017991574105969, 'epoch': 0.45}
{'loss': 4.821, 'grad_norm': 2.022397518157959, 'learning_rate': 0.0006016173231020978, 'epoch': 0.45}
{'loss': 5.072, 'grad_norm': 1.7641016244888306, 'learning_rate': 0.0006014354747741116, 'epoch': 0.45}
{'loss': 5.0059, 'grad_norm': 1.8078449964523315, 'learning_rate': 0.0006012536124517268, 'epoch': 0.45}
{'loss': 4.9856, 'grad_norm': 1.5820616483688354, 'learning_rate': 0.0006010717361600334, 'epoch': 0.45}
{'loss': 4.7683, 'grad_norm': 1.5611568689346313, 'learning_rate': 0.0006008898459241239, 'epoch': 0.45}
{'loss': 5.2254, 'grad_norm': 1.4977476596832275, 'learning_rate': 0.0006007079417690926, 'epoch': 0.45}
{'loss': 4.8347, 'grad_norm': 1.3873013257980347, 'learning_rate': 0.0006005260237200355, 'epoch': 0.45}
{'loss': 4.5618, 'grad_norm': 1.4962732791900635, 'learning_rate': 0.0006003440918020507, 'epoch': 0.45}
{'loss': 5.0102, 'grad_norm': 1.6424747705459595, 'learning_rate': 0.0006001621460402383, 'epoch': 0.45}
{'loss': 4.9712, 'grad_norm': 1.5465388298034668, 'learning_rate': 0.0005999801864597, 'epoch': 0.45}
{'loss': 4.8999, 'grad_norm': 1.4420526027679443, 'learning_rate': 0.0005997982130855397, 'epoch': 0.45}
{'loss': 5.2788, 'grad_norm': 1.771953821182251, 'learning_rate': 0.0005996162259428631, 'epoch': 0.45}
{'loss': 5.0968, 'grad_norm': 1.5802991390228271, 'learning_rate': 0.0005994342250567778, 'epoch': 0.45}
{'loss': 4.9812, 'grad_norm': 1.5653706789016724, 'learning_rate': 0.0005992522104523932, 'epoch': 0.45}
{'loss': 4.9571, 'grad_norm': 1.667788028717041, 'learning_rate': 0.0005990701821548208, 'epoch': 0.45}
{'loss': 4.9332, 'grad_norm': 1.4840397834777832, 'learning_rate': 0.0005988881401891737, 'epoch': 0.45}
{'loss': 5.0986, 'grad_norm': 1.7971248626708984, 'learning_rate': 0.0005987060845805672, 'epoch': 0.45}
{'loss': 5.1909, 'grad_norm': 1.7665717601776123, 'learning_rate': 0.0005985240153541183, 'epoch': 0.45}
{'loss': 5.0213, 'grad_norm': 1.6099913120269775, 'learning_rate': 0.0005983419325349459, 'epoch': 0.45}
{'loss': 4.8555, 'grad_norm': 1.6407438516616821, 'learning_rate': 0.0005981598361481709, 'epoch': 0.45}
{'loss': 5.0841, 'grad_norm': 1.6593126058578491, 'learning_rate': 0.0005979777262189159, 'epoch': 0.46}
{'loss': 5.0978, 'grad_norm': 1.5215669870376587, 'learning_rate': 0.0005977956027723054, 'epoch': 0.46}
{'loss': 5.0253, 'grad_norm': 1.73678457736969, 'learning_rate': 0.0005976134658334658, 'epoch': 0.46}
{'loss': 4.9392, 'grad_norm': 1.584074854850769, 'learning_rate': 0.0005974313154275253, 'epoch': 0.46}
{'loss': 4.994, 'grad_norm': 1.5991675853729248, 'learning_rate': 0.0005972491515796141, 'epoch': 0.46}
{'loss': 5.299, 'grad_norm': 1.6049785614013672, 'learning_rate': 0.0005970669743148641, 'epoch': 0.46}
{'loss': 4.7537, 'grad_norm': 1.8340142965316772, 'learning_rate': 0.0005968847836584092, 'epoch': 0.46}
{'loss': 4.8752, 'grad_norm': 1.9261689186096191, 'learning_rate': 0.0005967025796353852, 'epoch': 0.46}
{'loss': 4.8154, 'grad_norm': 1.6170719861984253, 'learning_rate': 0.0005965203622709293, 'epoch': 0.46}
{'loss': 4.9672, 'grad_norm': 1.6453981399536133, 'learning_rate': 0.0005963381315901812, 'epoch': 0.46}
{'loss': 4.9781, 'grad_norm': 1.6732722520828247, 'learning_rate': 0.0005961558876182817, 'epoch': 0.46}
{'loss': 4.8262, 'grad_norm': 1.4678089618682861, 'learning_rate': 0.0005959736303803742, 'epoch': 0.46}
{'loss': 5.2153, 'grad_norm': 1.6355764865875244, 'learning_rate': 0.0005957913599016034, 'epoch': 0.46}
{'loss': 5.2295, 'grad_norm': 1.5580060482025146, 'learning_rate': 0.0005956090762071159, 'epoch': 0.46}
{'loss': 4.9417, 'grad_norm': 1.6615984439849854, 'learning_rate': 0.0005954267793220604, 'epoch': 0.46}
{'loss': 4.7864, 'grad_norm': 1.684455394744873, 'learning_rate': 0.0005952444692715871, 'epoch': 0.46}
{'loss': 4.7139, 'grad_norm': 1.617065191268921, 'learning_rate': 0.0005950621460808481, 'epoch': 0.46}
{'loss': 4.8191, 'grad_norm': 1.7270475625991821, 'learning_rate': 0.0005948798097749975, 'epoch': 0.46}
{'loss': 4.8887, 'grad_norm': 1.6289639472961426, 'learning_rate': 0.0005946974603791907, 'epoch': 0.46}
{'loss': 4.9737, 'grad_norm': 1.6472887992858887, 'learning_rate': 0.0005945150979185858, 'epoch': 0.46}
{'loss': 4.861, 'grad_norm': 1.7674503326416016, 'learning_rate': 0.0005943327224183419, 'epoch': 0.46}
{'loss': 4.9568, 'grad_norm': 1.599313497543335, 'learning_rate': 0.0005941503339036202, 'epoch': 0.46}
{'loss': 4.6126, 'grad_norm': 1.4043281078338623, 'learning_rate': 0.0005939679323995838, 'epoch': 0.46}
{'loss': 4.8851, 'grad_norm': 1.5163216590881348, 'learning_rate': 0.0005937855179313971, 'epoch': 0.46}
{'loss': 4.8056, 'grad_norm': 1.6940679550170898, 'learning_rate': 0.0005936030905242271, 'epoch': 0.46}
{'loss': 5.0058, 'grad_norm': 2.43880558013916, 'learning_rate': 0.0005934206502032416, 'epoch': 0.46}
{'loss': 4.7782, 'grad_norm': 1.5788060426712036, 'learning_rate': 0.0005932381969936111, 'epoch': 0.46}
{'loss': 4.9213, 'grad_norm': 1.82941734790802, 'learning_rate': 0.0005930557309205076, 'epoch': 0.46}
{'loss': 4.851, 'grad_norm': 1.6193584203720093, 'learning_rate': 0.0005928732520091045, 'epoch': 0.46}
{'loss': 5.0087, 'grad_norm': 1.5882744789123535, 'learning_rate': 0.0005926907602845773, 'epoch': 0.46}
{'loss': 5.1897, 'grad_norm': 1.7384649515151978, 'learning_rate': 0.0005925082557721032, 'epoch': 0.46}
{'loss': 5.0232, 'grad_norm': 1.6585502624511719, 'learning_rate': 0.0005923257384968612, 'epoch': 0.46}
{'loss': 4.8066, 'grad_norm': 1.3918195962905884, 'learning_rate': 0.0005921432084840322, 'epoch': 0.46}
{'loss': 5.2136, 'grad_norm': 1.7776156663894653, 'learning_rate': 0.0005919606657587983, 'epoch': 0.46}
{'loss': 4.9067, 'grad_norm': 1.5952364206314087, 'learning_rate': 0.000591778110346344, 'epoch': 0.46}
{'loss': 5.1626, 'grad_norm': 1.567340612411499, 'learning_rate': 0.0005915955422718554, 'epoch': 0.46}
{'loss': 5.1542, 'grad_norm': 1.829377293586731, 'learning_rate': 0.00059141296156052, 'epoch': 0.46}
{'loss': 4.9913, 'grad_norm': 1.5524425506591797, 'learning_rate': 0.0005912303682375274, 'epoch': 0.46}
{'loss': 5.111, 'grad_norm': 1.6117242574691772, 'learning_rate': 0.0005910477623280689, 'epoch': 0.46}
{'loss': 5.0565, 'grad_norm': 1.5740678310394287, 'learning_rate': 0.0005908651438573374, 'epoch': 0.46}
{'loss': 4.9929, 'grad_norm': 1.5987871885299683, 'learning_rate': 0.0005906825128505273, 'epoch': 0.46}
{'loss': 5.0828, 'grad_norm': 1.6625816822052002, 'learning_rate': 0.0005904998693328355, 'epoch': 0.46}
{'loss': 4.8125, 'grad_norm': 1.5708732604980469, 'learning_rate': 0.0005903172133294598, 'epoch': 0.46}
{'loss': 5.0479, 'grad_norm': 1.8205268383026123, 'learning_rate': 0.0005901345448656005, 'epoch': 0.46}
{'loss': 4.691, 'grad_norm': 1.5907297134399414, 'learning_rate': 0.0005899518639664586, 'epoch': 0.46}
{'loss': 4.868, 'grad_norm': 1.5568000078201294, 'learning_rate': 0.0005897691706572378, 'epoch': 0.46}
{'loss': 4.8919, 'grad_norm': 1.6082874536514282, 'learning_rate': 0.0005895864649631431, 'epoch': 0.46}
{'loss': 4.6969, 'grad_norm': 1.669298768043518, 'learning_rate': 0.0005894037469093811, 'epoch': 0.46}
{'loss': 5.0375, 'grad_norm': 1.7776626348495483, 'learning_rate': 0.0005892210165211602, 'epoch': 0.46}
{'loss': 4.8276, 'grad_norm': 1.8867558240890503, 'learning_rate': 0.0005890382738236908, 'epoch': 0.46}
{'loss': 4.9567, 'grad_norm': 1.7540022134780884, 'learning_rate': 0.0005888555188421843, 'epoch': 0.46}
{'loss': 4.9819, 'grad_norm': 1.6493494510650635, 'learning_rate': 0.0005886727516018546, 'epoch': 0.46}
{'loss': 4.9096, 'grad_norm': 1.5911223888397217, 'learning_rate': 0.0005884899721279168, 'epoch': 0.46}
{'loss': 5.0684, 'grad_norm': 1.6886998414993286, 'learning_rate': 0.0005883071804455879, 'epoch': 0.46}
{'loss': 5.0794, 'grad_norm': 1.4704188108444214, 'learning_rate': 0.0005881243765800863, 'epoch': 0.46}
{'loss': 4.7143, 'grad_norm': 1.4380836486816406, 'learning_rate': 0.0005879415605566323, 'epoch': 0.46}
{'loss': 4.9493, 'grad_norm': 1.6571800708770752, 'learning_rate': 0.000587758732400448, 'epoch': 0.46}
{'loss': 5.0777, 'grad_norm': 1.5658832788467407, 'learning_rate': 0.0005875758921367568, 'epoch': 0.46}
{'loss': 4.8242, 'grad_norm': 1.6178035736083984, 'learning_rate': 0.0005873930397907842, 'epoch': 0.46}
{'loss': 4.6654, 'grad_norm': 1.5669746398925781, 'learning_rate': 0.0005872101753877574, 'epoch': 0.46}
{'loss': 4.925, 'grad_norm': 1.6992592811584473, 'learning_rate': 0.0005870272989529044, 'epoch': 0.46}
{'loss': 4.9439, 'grad_norm': 1.605201244354248, 'learning_rate': 0.0005868444105114559, 'epoch': 0.46}
{'loss': 4.8053, 'grad_norm': 1.6182528734207153, 'learning_rate': 0.0005866615100886437, 'epoch': 0.46}
{'loss': 4.9253, 'grad_norm': 1.8105511665344238, 'learning_rate': 0.0005864785977097013, 'epoch': 0.46}
{'loss': 4.9698, 'grad_norm': 1.7264182567596436, 'learning_rate': 0.0005862956733998642, 'epoch': 0.46}
{'loss': 4.8893, 'grad_norm': 1.5680776834487915, 'learning_rate': 0.0005861127371843691, 'epoch': 0.46}
{'loss': 5.0354, 'grad_norm': 1.5726706981658936, 'learning_rate': 0.0005859297890884546, 'epoch': 0.46}
{'loss': 5.0618, 'grad_norm': 1.5210838317871094, 'learning_rate': 0.0005857468291373609, 'epoch': 0.46}
{'loss': 4.8746, 'grad_norm': 1.656529188156128, 'learning_rate': 0.0005855638573563297, 'epoch': 0.46}
{'loss': 4.9458, 'grad_norm': 1.3614667654037476, 'learning_rate': 0.0005853808737706045, 'epoch': 0.46}
{'loss': 5.1557, 'grad_norm': 1.3594801425933838, 'learning_rate': 0.0005851978784054304, 'epoch': 0.46}
{'loss': 4.9479, 'grad_norm': 1.3746230602264404, 'learning_rate': 0.0005850148712860541, 'epoch': 0.46}
{'loss': 5.2487, 'grad_norm': 1.5405621528625488, 'learning_rate': 0.0005848318524377239, 'epoch': 0.46}
{'loss': 4.7738, 'grad_norm': 1.328816533088684, 'learning_rate': 0.0005846488218856895, 'epoch': 0.46}
{'loss': 5.1733, 'grad_norm': 1.7697548866271973, 'learning_rate': 0.0005844657796552028, 'epoch': 0.46}
{'loss': 4.9141, 'grad_norm': 1.5439952611923218, 'learning_rate': 0.0005842827257715169, 'epoch': 0.46}
{'loss': 4.9177, 'grad_norm': 1.5905238389968872, 'learning_rate': 0.0005840996602598863, 'epoch': 0.46}
{'loss': 4.5634, 'grad_norm': 1.3847211599349976, 'learning_rate': 0.0005839165831455675, 'epoch': 0.46}
{'loss': 4.7676, 'grad_norm': 1.677335262298584, 'learning_rate': 0.0005837334944538185, 'epoch': 0.46}
{'loss': 4.9275, 'grad_norm': 1.4851242303848267, 'learning_rate': 0.000583550394209899, 'epoch': 0.46}
{'loss': 4.9289, 'grad_norm': 1.7040035724639893, 'learning_rate': 0.0005833672824390701, 'epoch': 0.46}
{'loss': 5.0848, 'grad_norm': 1.439670443534851, 'learning_rate': 0.0005831841591665944, 'epoch': 0.46}
{'loss': 4.7851, 'grad_norm': 1.7831586599349976, 'learning_rate': 0.0005830010244177364, 'epoch': 0.46}
{'loss': 5.0061, 'grad_norm': 1.42179274559021, 'learning_rate': 0.0005828178782177619, 'epoch': 0.46}
{'loss': 4.967, 'grad_norm': 1.6419408321380615, 'learning_rate': 0.0005826347205919384, 'epoch': 0.46}
{'loss': 5.1593, 'grad_norm': 1.4804741144180298, 'learning_rate': 0.000582451551565535, 'epoch': 0.46}
{'loss': 5.1118, 'grad_norm': 1.6174945831298828, 'learning_rate': 0.0005822683711638224, 'epoch': 0.46}
{'loss': 4.7824, 'grad_norm': 1.5249236822128296, 'learning_rate': 0.0005820851794120727, 'epoch': 0.46}
{'loss': 4.9617, 'grad_norm': 1.4646024703979492, 'learning_rate': 0.0005819019763355599, 'epoch': 0.47}
{'loss': 5.0815, 'grad_norm': 1.599563479423523, 'learning_rate': 0.0005817187619595592, 'epoch': 0.47}
{'loss': 5.2133, 'grad_norm': 1.5544443130493164, 'learning_rate': 0.0005815355363093476, 'epoch': 0.47}
{'loss': 4.9143, 'grad_norm': 1.7536967992782593, 'learning_rate': 0.0005813522994102034, 'epoch': 0.47}
{'loss': 5.0865, 'grad_norm': 1.7311526536941528, 'learning_rate': 0.0005811690512874067, 'epoch': 0.47}
{'loss': 5.2197, 'grad_norm': 1.5455210208892822, 'learning_rate': 0.0005809857919662392, 'epoch': 0.47}
{'loss': 4.7986, 'grad_norm': 1.6569161415100098, 'learning_rate': 0.0005808025214719837, 'epoch': 0.47}
{'loss': 4.9629, 'grad_norm': 1.5045199394226074, 'learning_rate': 0.0005806192398299251, 'epoch': 0.47}
{'loss': 4.795, 'grad_norm': 1.6026179790496826, 'learning_rate': 0.0005804359470653497, 'epoch': 0.47}
{'loss': 4.8032, 'grad_norm': 1.5935266017913818, 'learning_rate': 0.0005802526432035447, 'epoch': 0.47}
{'loss': 5.1433, 'grad_norm': 1.6152369976043701, 'learning_rate': 0.0005800693282698, 'epoch': 0.47}
{'loss': 5.0522, 'grad_norm': 1.472140908241272, 'learning_rate': 0.0005798860022894059, 'epoch': 0.47}
{'loss': 5.0494, 'grad_norm': 1.3977071046829224, 'learning_rate': 0.0005797026652876549, 'epoch': 0.47}
{'loss': 4.7376, 'grad_norm': 1.5293805599212646, 'learning_rate': 0.0005795193172898409, 'epoch': 0.47}
{'loss': 4.9847, 'grad_norm': 1.6073182821273804, 'learning_rate': 0.0005793359583212591, 'epoch': 0.47}
{'loss': 5.0125, 'grad_norm': 1.556692123413086, 'learning_rate': 0.0005791525884072063, 'epoch': 0.47}
{'loss': 5.0199, 'grad_norm': 1.8751837015151978, 'learning_rate': 0.000578969207572981, 'epoch': 0.47}
{'loss': 4.7546, 'grad_norm': 1.7076550722122192, 'learning_rate': 0.000578785815843883, 'epoch': 0.47}
{'loss': 4.9443, 'grad_norm': 1.617422103881836, 'learning_rate': 0.0005786024132452138, 'epoch': 0.47}
{'loss': 5.2513, 'grad_norm': 1.6266728639602661, 'learning_rate': 0.000578418999802276, 'epoch': 0.47}
{'loss': 4.9861, 'grad_norm': 1.699397087097168, 'learning_rate': 0.0005782355755403744, 'epoch': 0.47}
{'loss': 4.9607, 'grad_norm': 1.5699889659881592, 'learning_rate': 0.0005780521404848146, 'epoch': 0.47}
{'loss': 5.0247, 'grad_norm': 1.461140513420105, 'learning_rate': 0.0005778686946609037, 'epoch': 0.47}
{'loss': 4.8932, 'grad_norm': 1.5002027750015259, 'learning_rate': 0.0005776852380939511, 'epoch': 0.47}
{'loss': 4.9422, 'grad_norm': 1.627687692642212, 'learning_rate': 0.0005775017708092666, 'epoch': 0.47}
{'loss': 5.2008, 'grad_norm': 1.5520774126052856, 'learning_rate': 0.0005773182928321624, 'epoch': 0.47}
{'loss': 5.1034, 'grad_norm': 1.817467451095581, 'learning_rate': 0.0005771348041879516, 'epoch': 0.47}
{'loss': 4.7163, 'grad_norm': 1.5058339834213257, 'learning_rate': 0.0005769513049019488, 'epoch': 0.47}
{'loss': 4.9233, 'grad_norm': 1.608716368675232, 'learning_rate': 0.0005767677949994705, 'epoch': 0.47}
{'loss': 5.0498, 'grad_norm': 2.000631332397461, 'learning_rate': 0.0005765842745058341, 'epoch': 0.47}
{'loss': 4.9786, 'grad_norm': 1.8629451990127563, 'learning_rate': 0.000576400743446359, 'epoch': 0.47}
{'loss': 5.1411, 'grad_norm': 1.7361235618591309, 'learning_rate': 0.0005762172018463656, 'epoch': 0.47}
{'loss': 4.609, 'grad_norm': 1.486109733581543, 'learning_rate': 0.0005760336497311762, 'epoch': 0.47}
{'loss': 4.8184, 'grad_norm': 1.648241639137268, 'learning_rate': 0.000575850087126114, 'epoch': 0.47}
{'loss': 4.944, 'grad_norm': 1.7252261638641357, 'learning_rate': 0.0005756665140565041, 'epoch': 0.47}
{'loss': 5.0733, 'grad_norm': 1.4836467504501343, 'learning_rate': 0.0005754829305476728, 'epoch': 0.47}
{'loss': 4.9719, 'grad_norm': 1.6347628831863403, 'learning_rate': 0.0005752993366249481, 'epoch': 0.47}
{'loss': 5.1948, 'grad_norm': 1.814459204673767, 'learning_rate': 0.0005751157323136591, 'epoch': 0.47}
{'loss': 4.8517, 'grad_norm': 1.5859649181365967, 'learning_rate': 0.0005749321176391367, 'epoch': 0.47}
{'loss': 4.8733, 'grad_norm': 1.7807626724243164, 'learning_rate': 0.0005747484926267128, 'epoch': 0.47}
{'loss': 4.868, 'grad_norm': 1.4550484418869019, 'learning_rate': 0.000574564857301721, 'epoch': 0.47}
{'loss': 4.7721, 'grad_norm': 1.8018596172332764, 'learning_rate': 0.0005743812116894966, 'epoch': 0.47}
{'loss': 4.96, 'grad_norm': 1.577146053314209, 'learning_rate': 0.0005741975558153756, 'epoch': 0.47}
{'loss': 5.052, 'grad_norm': 1.9595381021499634, 'learning_rate': 0.0005740138897046959, 'epoch': 0.47}
{'loss': 5.0413, 'grad_norm': 1.5534965991973877, 'learning_rate': 0.000573830213382797, 'epoch': 0.47}
{'loss': 5.1055, 'grad_norm': 1.5851104259490967, 'learning_rate': 0.0005736465268750191, 'epoch': 0.47}
{'loss': 4.7716, 'grad_norm': 1.5605512857437134, 'learning_rate': 0.0005734628302067048, 'epoch': 0.47}
{'loss': 4.8656, 'grad_norm': 1.6119415760040283, 'learning_rate': 0.0005732791234031971, 'epoch': 0.47}
{'loss': 5.1284, 'grad_norm': 1.6808913946151733, 'learning_rate': 0.0005730954064898408, 'epoch': 0.47}
{'loss': 5.0811, 'grad_norm': 1.4561866521835327, 'learning_rate': 0.0005729116794919825, 'epoch': 0.47}
{'loss': 5.1373, 'grad_norm': 1.8836685419082642, 'learning_rate': 0.0005727279424349697, 'epoch': 0.47}
{'loss': 5.0693, 'grad_norm': 1.6479696035385132, 'learning_rate': 0.0005725441953441513, 'epoch': 0.47}
{'loss': 5.033, 'grad_norm': 1.7229737043380737, 'learning_rate': 0.0005723604382448777, 'epoch': 0.47}
{'loss': 4.8769, 'grad_norm': 1.5844862461090088, 'learning_rate': 0.0005721766711625009, 'epoch': 0.47}
{'loss': 5.2054, 'grad_norm': 1.5702335834503174, 'learning_rate': 0.0005719928941223738, 'epoch': 0.47}
{'loss': 4.995, 'grad_norm': 1.6458863019943237, 'learning_rate': 0.000571809107149851, 'epoch': 0.47}
{'loss': 4.9686, 'grad_norm': 1.5242204666137695, 'learning_rate': 0.0005716253102702884, 'epoch': 0.47}
{'loss': 4.9143, 'grad_norm': 1.9363080263137817, 'learning_rate': 0.0005714415035090435, 'epoch': 0.47}
{'loss': 4.6813, 'grad_norm': 1.5651535987854004, 'learning_rate': 0.0005712576868914746, 'epoch': 0.47}
{'loss': 4.9626, 'grad_norm': 1.595751404762268, 'learning_rate': 0.000571073860442942, 'epoch': 0.47}
{'loss': 4.8431, 'grad_norm': 1.6834781169891357, 'learning_rate': 0.0005708900241888068, 'epoch': 0.47}
{'loss': 5.068, 'grad_norm': 1.5827234983444214, 'learning_rate': 0.0005707061781544317, 'epoch': 0.47}
{'loss': 4.5572, 'grad_norm': 1.9543020725250244, 'learning_rate': 0.000570522322365181, 'epoch': 0.47}
{'loss': 4.8143, 'grad_norm': 1.555180549621582, 'learning_rate': 0.0005703384568464198, 'epoch': 0.47}
{'loss': 5.1362, 'grad_norm': 1.9050259590148926, 'learning_rate': 0.0005701545816235152, 'epoch': 0.47}
{'loss': 4.8388, 'grad_norm': 1.480202078819275, 'learning_rate': 0.000569970696721835, 'epoch': 0.47}
{'loss': 4.8541, 'grad_norm': 1.501491904258728, 'learning_rate': 0.0005697868021667485, 'epoch': 0.47}
{'loss': 4.9801, 'grad_norm': 1.6382163763046265, 'learning_rate': 0.0005696028979836269, 'epoch': 0.47}
{'loss': 4.8946, 'grad_norm': 1.8682456016540527, 'learning_rate': 0.0005694189841978419, 'epoch': 0.47}
{'loss': 4.8186, 'grad_norm': 1.8119323253631592, 'learning_rate': 0.000569235060834767, 'epoch': 0.47}
{'loss': 4.8812, 'grad_norm': 1.5369563102722168, 'learning_rate': 0.0005690511279197769, 'epoch': 0.47}
{'loss': 4.9148, 'grad_norm': 1.4796154499053955, 'learning_rate': 0.0005688671854782477, 'epoch': 0.47}
{'loss': 4.9108, 'grad_norm': 1.6954050064086914, 'learning_rate': 0.0005686832335355566, 'epoch': 0.47}
{'loss': 4.6549, 'grad_norm': 1.6894243955612183, 'learning_rate': 0.0005684992721170826, 'epoch': 0.47}
{'loss': 5.042, 'grad_norm': 1.7192155122756958, 'learning_rate': 0.0005683153012482054, 'epoch': 0.47}
{'loss': 5.3857, 'grad_norm': 1.879496455192566, 'learning_rate': 0.0005681313209543064, 'epoch': 0.47}
{'loss': 4.7313, 'grad_norm': 1.5900484323501587, 'learning_rate': 0.0005679473312607679, 'epoch': 0.47}
{'loss': 5.1412, 'grad_norm': 1.6139287948608398, 'learning_rate': 0.0005677633321929741, 'epoch': 0.47}
{'loss': 4.7701, 'grad_norm': 1.6868793964385986, 'learning_rate': 0.00056757932377631, 'epoch': 0.47}
{'loss': 4.7581, 'grad_norm': 1.913907527923584, 'learning_rate': 0.0005673953060361621, 'epoch': 0.47}
{'loss': 4.8399, 'grad_norm': 1.4762943983078003, 'learning_rate': 0.0005672112789979183, 'epoch': 0.47}
{'loss': 5.1302, 'grad_norm': 1.6980822086334229, 'learning_rate': 0.0005670272426869672, 'epoch': 0.47}
{'loss': 5.0455, 'grad_norm': 1.634595513343811, 'learning_rate': 0.0005668431971286995, 'epoch': 0.47}
{'loss': 5.1554, 'grad_norm': 1.5117669105529785, 'learning_rate': 0.0005666591423485066, 'epoch': 0.47}
{'loss': 4.9486, 'grad_norm': 2.1807432174682617, 'learning_rate': 0.0005664750783717815, 'epoch': 0.47}
{'loss': 5.0269, 'grad_norm': 1.9224259853363037, 'learning_rate': 0.0005662910052239182, 'epoch': 0.47}
{'loss': 5.1399, 'grad_norm': 1.5902460813522339, 'learning_rate': 0.0005661069229303122, 'epoch': 0.47}
{'loss': 4.9742, 'grad_norm': 1.6191524267196655, 'learning_rate': 0.0005659228315163598, 'epoch': 0.48}
{'loss': 5.0879, 'grad_norm': 1.620132327079773, 'learning_rate': 0.0005657387310074593, 'epoch': 0.48}
{'loss': 4.9969, 'grad_norm': 1.6048879623413086, 'learning_rate': 0.0005655546214290098, 'epoch': 0.48}
{'loss': 4.7689, 'grad_norm': 1.7028156518936157, 'learning_rate': 0.0005653705028064116, 'epoch': 0.48}
{'loss': 4.9891, 'grad_norm': 1.6817716360092163, 'learning_rate': 0.0005651863751650663, 'epoch': 0.48}
{'loss': 4.9231, 'grad_norm': 1.5841370820999146, 'learning_rate': 0.000565002238530377, 'epoch': 0.48}
{'loss': 5.1888, 'grad_norm': 1.6124727725982666, 'learning_rate': 0.0005648180929277478, 'epoch': 0.48}
{'loss': 5.1903, 'grad_norm': 1.8768367767333984, 'learning_rate': 0.0005646339383825839, 'epoch': 0.48}
{'loss': 4.9136, 'grad_norm': 1.70323646068573, 'learning_rate': 0.0005644497749202921, 'epoch': 0.48}
{'loss': 4.6647, 'grad_norm': 1.6222105026245117, 'learning_rate': 0.0005642656025662802, 'epoch': 0.48}
{'loss': 5.2672, 'grad_norm': 1.507204294204712, 'learning_rate': 0.0005640814213459571, 'epoch': 0.48}
{'loss': 4.9086, 'grad_norm': 1.9119595289230347, 'learning_rate': 0.0005638972312847335, 'epoch': 0.48}
{'loss': 5.1207, 'grad_norm': 1.6648895740509033, 'learning_rate': 0.0005637130324080205, 'epoch': 0.48}
{'loss': 5.076, 'grad_norm': 1.667267084121704, 'learning_rate': 0.000563528824741231, 'epoch': 0.48}
{'loss': 5.0438, 'grad_norm': 1.748390793800354, 'learning_rate': 0.0005633446083097791, 'epoch': 0.48}
{'loss': 4.965, 'grad_norm': 1.647753357887268, 'learning_rate': 0.0005631603831390796, 'epoch': 0.48}
{'loss': 4.8164, 'grad_norm': 1.5496290922164917, 'learning_rate': 0.0005629761492545492, 'epoch': 0.48}
{'loss': 5.092, 'grad_norm': 1.4562573432922363, 'learning_rate': 0.0005627919066816054, 'epoch': 0.48}
{'loss': 4.8473, 'grad_norm': 1.5355584621429443, 'learning_rate': 0.0005626076554456667, 'epoch': 0.48}
{'loss': 4.6478, 'grad_norm': 1.6555025577545166, 'learning_rate': 0.0005624233955721534, 'epoch': 0.48}
{'loss': 4.9528, 'grad_norm': 1.7990909814834595, 'learning_rate': 0.0005622391270864864, 'epoch': 0.48}
{'loss': 4.6721, 'grad_norm': 1.545983910560608, 'learning_rate': 0.0005620548500140881, 'epoch': 0.48}
{'loss': 5.2841, 'grad_norm': 1.56303071975708, 'learning_rate': 0.0005618705643803821, 'epoch': 0.48}
{'loss': 5.0206, 'grad_norm': 1.5906647443771362, 'learning_rate': 0.000561686270210793, 'epoch': 0.48}
{'loss': 4.8431, 'grad_norm': 1.4286493062973022, 'learning_rate': 0.0005615019675307468, 'epoch': 0.48}
{'loss': 4.954, 'grad_norm': 1.7910360097885132, 'learning_rate': 0.0005613176563656705, 'epoch': 0.48}
{'loss': 5.266, 'grad_norm': 1.6979516744613647, 'learning_rate': 0.0005611333367409922, 'epoch': 0.48}
{'loss': 4.8664, 'grad_norm': 1.5746842622756958, 'learning_rate': 0.0005609490086821415, 'epoch': 0.48}
{'loss': 4.9892, 'grad_norm': 1.8935869932174683, 'learning_rate': 0.0005607646722145487, 'epoch': 0.48}
{'loss': 4.9149, 'grad_norm': 1.4781484603881836, 'learning_rate': 0.0005605803273636457, 'epoch': 0.48}
{'loss': 5.0214, 'grad_norm': 1.6763826608657837, 'learning_rate': 0.0005603959741548654, 'epoch': 0.48}
{'loss': 4.949, 'grad_norm': 1.539120078086853, 'learning_rate': 0.0005602116126136417, 'epoch': 0.48}
{'loss': 4.9919, 'grad_norm': 1.607528805732727, 'learning_rate': 0.0005600272427654099, 'epoch': 0.48}
{'loss': 4.999, 'grad_norm': 1.7649861574172974, 'learning_rate': 0.0005598428646356063, 'epoch': 0.48}
{'loss': 4.6854, 'grad_norm': 1.5231236219406128, 'learning_rate': 0.000559658478249668, 'epoch': 0.48}
{'loss': 5.1095, 'grad_norm': 1.508714199066162, 'learning_rate': 0.0005594740836330343, 'epoch': 0.48}
{'loss': 5.0222, 'grad_norm': 1.5903414487838745, 'learning_rate': 0.0005592896808111444, 'epoch': 0.48}
{'loss': 5.1403, 'grad_norm': 1.5634297132492065, 'learning_rate': 0.0005591052698094392, 'epoch': 0.48}
{'loss': 4.782, 'grad_norm': 1.3449150323867798, 'learning_rate': 0.000558920850653361, 'epoch': 0.48}
{'loss': 5.0156, 'grad_norm': 1.759594202041626, 'learning_rate': 0.0005587364233683525, 'epoch': 0.48}
{'loss': 4.8213, 'grad_norm': 1.608048915863037, 'learning_rate': 0.0005585519879798584, 'epoch': 0.48}
{'loss': 4.8987, 'grad_norm': 1.6550467014312744, 'learning_rate': 0.0005583675445133238, 'epoch': 0.48}
{'loss': 4.976, 'grad_norm': 1.6685351133346558, 'learning_rate': 0.0005581830929941952, 'epoch': 0.48}
{'loss': 5.1543, 'grad_norm': 1.7051596641540527, 'learning_rate': 0.0005579986334479202, 'epoch': 0.48}
{'loss': 5.1292, 'grad_norm': 1.7212899923324585, 'learning_rate': 0.0005578141658999477, 'epoch': 0.48}
{'loss': 4.7235, 'grad_norm': 1.8227424621582031, 'learning_rate': 0.000557629690375727, 'epoch': 0.48}
{'loss': 5.0302, 'grad_norm': 1.550113558769226, 'learning_rate': 0.0005574452069007094, 'epoch': 0.48}
{'loss': 4.7238, 'grad_norm': 1.579243779182434, 'learning_rate': 0.0005572607155003469, 'epoch': 0.48}
{'loss': 4.9787, 'grad_norm': 1.51130211353302, 'learning_rate': 0.0005570762162000924, 'epoch': 0.48}
{'loss': 4.886, 'grad_norm': 1.459301471710205, 'learning_rate': 0.0005568917090254002, 'epoch': 0.48}
{'loss': 5.0641, 'grad_norm': 1.6839191913604736, 'learning_rate': 0.0005567071940017255, 'epoch': 0.48}
{'loss': 4.8747, 'grad_norm': 1.4316272735595703, 'learning_rate': 0.0005565226711545247, 'epoch': 0.48}
{'loss': 4.8165, 'grad_norm': 1.6391229629516602, 'learning_rate': 0.0005563381405092551, 'epoch': 0.48}
{'loss': 4.8184, 'grad_norm': 1.464154601097107, 'learning_rate': 0.0005561536020913755, 'epoch': 0.48}
{'loss': 4.876, 'grad_norm': 1.6074448823928833, 'learning_rate': 0.0005559690559263453, 'epoch': 0.48}
{'loss': 4.6632, 'grad_norm': 1.639993667602539, 'learning_rate': 0.000555784502039625, 'epoch': 0.48}
{'loss': 4.8778, 'grad_norm': 1.6683337688446045, 'learning_rate': 0.0005555999404566764, 'epoch': 0.48}
{'loss': 5.1285, 'grad_norm': 1.741883635520935, 'learning_rate': 0.0005554153712029623, 'epoch': 0.48}
{'loss': 4.7539, 'grad_norm': 1.8508743047714233, 'learning_rate': 0.0005552307943039468, 'epoch': 0.48}
{'loss': 4.9905, 'grad_norm': 1.700282096862793, 'learning_rate': 0.0005550462097850945, 'epoch': 0.48}
{'loss': 4.8387, 'grad_norm': 1.517798662185669, 'learning_rate': 0.0005548616176718711, 'epoch': 0.48}
{'loss': 5.073, 'grad_norm': 1.6237865686416626, 'learning_rate': 0.0005546770179897441, 'epoch': 0.48}
{'loss': 5.0253, 'grad_norm': 1.6406573057174683, 'learning_rate': 0.0005544924107641812, 'epoch': 0.48}
{'loss': 4.7565, 'grad_norm': 1.6318882703781128, 'learning_rate': 0.0005543077960206515, 'epoch': 0.48}
{'loss': 4.9883, 'grad_norm': 1.6963778734207153, 'learning_rate': 0.0005541231737846253, 'epoch': 0.48}
{'loss': 4.9739, 'grad_norm': 1.355655312538147, 'learning_rate': 0.0005539385440815735, 'epoch': 0.48}
{'loss': 5.07, 'grad_norm': 1.5268621444702148, 'learning_rate': 0.0005537539069369685, 'epoch': 0.48}
{'loss': 4.9547, 'grad_norm': 1.6080408096313477, 'learning_rate': 0.0005535692623762832, 'epoch': 0.48}
{'loss': 4.9511, 'grad_norm': 1.3988621234893799, 'learning_rate': 0.000553384610424992, 'epoch': 0.48}
{'loss': 4.7018, 'grad_norm': 1.6338750123977661, 'learning_rate': 0.0005531999511085703, 'epoch': 0.48}
{'loss': 5.1065, 'grad_norm': 1.6322592496871948, 'learning_rate': 0.0005530152844524939, 'epoch': 0.48}
{'loss': 4.6388, 'grad_norm': 1.5002837181091309, 'learning_rate': 0.0005528306104822405, 'epoch': 0.48}
{'loss': 5.036, 'grad_norm': 1.7784347534179688, 'learning_rate': 0.0005526459292232883, 'epoch': 0.48}
{'loss': 5.0373, 'grad_norm': 1.6143407821655273, 'learning_rate': 0.0005524612407011163, 'epoch': 0.48}
{'loss': 4.8882, 'grad_norm': 1.4920275211334229, 'learning_rate': 0.0005522765449412053, 'epoch': 0.48}
{'loss': 5.1909, 'grad_norm': 1.587611198425293, 'learning_rate': 0.000552091841969036, 'epoch': 0.48}
{'loss': 4.9994, 'grad_norm': 1.420918345451355, 'learning_rate': 0.0005519071318100911, 'epoch': 0.48}
{'loss': 5.029, 'grad_norm': 1.5750044584274292, 'learning_rate': 0.0005517224144898537, 'epoch': 0.48}
{'loss': 5.1743, 'grad_norm': 1.660163164138794, 'learning_rate': 0.000551537690033808, 'epoch': 0.48}
{'loss': 5.0208, 'grad_norm': 1.6868209838867188, 'learning_rate': 0.0005513529584674395, 'epoch': 0.48}
{'loss': 5.1383, 'grad_norm': 1.3747146129608154, 'learning_rate': 0.0005511682198162342, 'epoch': 0.48}
{'loss': 4.7873, 'grad_norm': 1.6322647333145142, 'learning_rate': 0.0005509834741056793, 'epoch': 0.48}
{'loss': 4.9056, 'grad_norm': 1.5391689538955688, 'learning_rate': 0.0005507987213612631, 'epoch': 0.48}
{'loss': 4.7687, 'grad_norm': 1.5790303945541382, 'learning_rate': 0.0005506139616084746, 'epoch': 0.48}
{'loss': 4.9584, 'grad_norm': 1.5072733163833618, 'learning_rate': 0.000550429194872804, 'epoch': 0.48}
{'loss': 4.7902, 'grad_norm': 1.9118949174880981, 'learning_rate': 0.0005502444211797425, 'epoch': 0.48}
{'loss': 4.7966, 'grad_norm': 1.5868138074874878, 'learning_rate': 0.000550059640554782, 'epoch': 0.48}
{'loss': 5.0212, 'grad_norm': 2.096637725830078, 'learning_rate': 0.0005498748530234154, 'epoch': 0.49}
{'loss': 5.1445, 'grad_norm': 1.9375932216644287, 'learning_rate': 0.0005496900586111367, 'epoch': 0.49}
{'loss': 5.0778, 'grad_norm': 1.4845712184906006, 'learning_rate': 0.0005495052573434408, 'epoch': 0.49}
{'loss': 4.8896, 'grad_norm': 1.7167693376541138, 'learning_rate': 0.0005493204492458237, 'epoch': 0.49}
{'loss': 5.0929, 'grad_norm': 1.7994788885116577, 'learning_rate': 0.0005491356343437819, 'epoch': 0.49}
{'loss': 5.028, 'grad_norm': 1.5976862907409668, 'learning_rate': 0.0005489508126628134, 'epoch': 0.49}
{'loss': 5.0082, 'grad_norm': 1.7046509981155396, 'learning_rate': 0.0005487659842284168, 'epoch': 0.49}
{'loss': 5.0131, 'grad_norm': 1.7493659257888794, 'learning_rate': 0.0005485811490660913, 'epoch': 0.49}
{'loss': 5.1197, 'grad_norm': 1.4894075393676758, 'learning_rate': 0.0005483963072013381, 'epoch': 0.49}
{'loss': 5.0396, 'grad_norm': 1.674299716949463, 'learning_rate': 0.000548211458659658, 'epoch': 0.49}
{'loss': 5.3048, 'grad_norm': 1.6220430135726929, 'learning_rate': 0.0005480266034665537, 'epoch': 0.49}
{'loss': 4.8631, 'grad_norm': 1.3888452053070068, 'learning_rate': 0.0005478417416475285, 'epoch': 0.49}
{'loss': 4.844, 'grad_norm': 1.667749285697937, 'learning_rate': 0.0005476568732280865, 'epoch': 0.49}
{'loss': 4.8568, 'grad_norm': 1.501859188079834, 'learning_rate': 0.0005474719982337329, 'epoch': 0.49}
{'loss': 5.1771, 'grad_norm': 1.5790318250656128, 'learning_rate': 0.0005472871166899736, 'epoch': 0.49}
{'loss': 4.7691, 'grad_norm': 1.4296784400939941, 'learning_rate': 0.0005471022286223152, 'epoch': 0.49}
{'loss': 4.9042, 'grad_norm': 1.7741814851760864, 'learning_rate': 0.0005469173340562663, 'epoch': 0.49}
{'loss': 4.9462, 'grad_norm': 1.660901427268982, 'learning_rate': 0.000546732433017335, 'epoch': 0.49}
{'loss': 4.8056, 'grad_norm': 1.5600652694702148, 'learning_rate': 0.000546547525531031, 'epoch': 0.49}
{'loss': 5.1012, 'grad_norm': 1.7338063716888428, 'learning_rate': 0.0005463626116228651, 'epoch': 0.49}
{'loss': 4.9602, 'grad_norm': 1.5757592916488647, 'learning_rate': 0.0005461776913183483, 'epoch': 0.49}
{'loss': 4.7211, 'grad_norm': 1.4333809614181519, 'learning_rate': 0.0005459927646429929, 'epoch': 0.49}
{'loss': 5.0078, 'grad_norm': 1.5734951496124268, 'learning_rate': 0.0005458078316223124, 'epoch': 0.49}
{'loss': 4.8565, 'grad_norm': 1.9294284582138062, 'learning_rate': 0.0005456228922818204, 'epoch': 0.49}
{'loss': 5.0976, 'grad_norm': 1.440050482749939, 'learning_rate': 0.0005454379466470321, 'epoch': 0.49}
{'loss': 4.985, 'grad_norm': 1.5920193195343018, 'learning_rate': 0.0005452529947434628, 'epoch': 0.49}
{'loss': 4.8408, 'grad_norm': 1.6468942165374756, 'learning_rate': 0.0005450680365966297, 'epoch': 0.49}
{'loss': 5.1949, 'grad_norm': 1.4571845531463623, 'learning_rate': 0.00054488307223205, 'epoch': 0.49}
{'loss': 4.7872, 'grad_norm': 1.6566401720046997, 'learning_rate': 0.000544698101675242, 'epoch': 0.49}
{'loss': 5.0052, 'grad_norm': 1.6782306432724, 'learning_rate': 0.000544513124951725, 'epoch': 0.49}
{'loss': 4.844, 'grad_norm': 1.5761456489562988, 'learning_rate': 0.000544328142087019, 'epoch': 0.49}
{'loss': 4.914, 'grad_norm': 1.560491681098938, 'learning_rate': 0.000544143153106645, 'epoch': 0.49}
{'loss': 4.942, 'grad_norm': 1.540417194366455, 'learning_rate': 0.0005439581580361244, 'epoch': 0.49}
{'loss': 5.0786, 'grad_norm': 1.5620967149734497, 'learning_rate': 0.0005437731569009802, 'epoch': 0.49}
{'loss': 5.1739, 'grad_norm': 1.8581196069717407, 'learning_rate': 0.0005435881497267357, 'epoch': 0.49}
{'loss': 5.0836, 'grad_norm': 1.6400431394577026, 'learning_rate': 0.000543403136538915, 'epoch': 0.49}
{'loss': 4.9307, 'grad_norm': 1.4080182313919067, 'learning_rate': 0.000543218117363043, 'epoch': 0.49}
{'loss': 5.1428, 'grad_norm': 1.5769977569580078, 'learning_rate': 0.0005430330922246463, 'epoch': 0.49}
{'loss': 4.9503, 'grad_norm': 1.622002124786377, 'learning_rate': 0.0005428480611492509, 'epoch': 0.49}
{'loss': 4.7459, 'grad_norm': 1.4402860403060913, 'learning_rate': 0.0005426630241623847, 'epoch': 0.49}
{'loss': 4.8564, 'grad_norm': 1.6847323179244995, 'learning_rate': 0.000542477981289576, 'epoch': 0.49}
{'loss': 4.7532, 'grad_norm': 1.7762162685394287, 'learning_rate': 0.000542292932556354, 'epoch': 0.49}
{'loss': 4.9279, 'grad_norm': 1.6646575927734375, 'learning_rate': 0.0005421078779882485, 'epoch': 0.49}
{'loss': 4.8555, 'grad_norm': 1.5733922719955444, 'learning_rate': 0.0005419228176107906, 'epoch': 0.49}
{'loss': 5.0232, 'grad_norm': 1.6147383451461792, 'learning_rate': 0.0005417377514495116, 'epoch': 0.49}
{'loss': 5.1327, 'grad_norm': 1.5329468250274658, 'learning_rate': 0.000541552679529944, 'epoch': 0.49}
{'loss': 4.9293, 'grad_norm': 1.4315558671951294, 'learning_rate': 0.000541367601877621, 'epoch': 0.49}
{'loss': 5.1176, 'grad_norm': 1.586243987083435, 'learning_rate': 0.0005411825185180766, 'epoch': 0.49}
{'loss': 4.941, 'grad_norm': 1.4588161706924438, 'learning_rate': 0.0005409974294768456, 'epoch': 0.49}
{'loss': 4.8518, 'grad_norm': 1.5973451137542725, 'learning_rate': 0.0005408123347794633, 'epoch': 0.49}
{'loss': 5.0107, 'grad_norm': 1.5424970388412476, 'learning_rate': 0.0005406272344514662, 'epoch': 0.49}
{'loss': 4.8498, 'grad_norm': 1.440506935119629, 'learning_rate': 0.0005404421285183914, 'epoch': 0.49}
{'loss': 4.7855, 'grad_norm': 1.4782794713974, 'learning_rate': 0.0005402570170057768, 'epoch': 0.49}
{'loss': 4.8547, 'grad_norm': 1.5420081615447998, 'learning_rate': 0.000540071899939161, 'epoch': 0.49}
{'loss': 5.0635, 'grad_norm': 1.5032769441604614, 'learning_rate': 0.0005398867773440833, 'epoch': 0.49}
{'loss': 4.8727, 'grad_norm': 1.4882562160491943, 'learning_rate': 0.000539701649246084, 'epoch': 0.49}
{'loss': 5.1716, 'grad_norm': 1.6330190896987915, 'learning_rate': 0.000539516515670704, 'epoch': 0.49}
{'loss': 5.0377, 'grad_norm': 1.5608958005905151, 'learning_rate': 0.0005393313766434849, 'epoch': 0.49}
{'loss': 4.9889, 'grad_norm': 1.6280498504638672, 'learning_rate': 0.0005391462321899694, 'epoch': 0.49}
{'loss': 4.8519, 'grad_norm': 1.5239521265029907, 'learning_rate': 0.0005389610823357006, 'epoch': 0.49}
{'loss': 4.935, 'grad_norm': 1.6272995471954346, 'learning_rate': 0.0005387759271062221, 'epoch': 0.49}
{'loss': 4.8912, 'grad_norm': 1.6746699810028076, 'learning_rate': 0.000538590766527079, 'epoch': 0.49}
{'loss': 4.8176, 'grad_norm': 1.5373347997665405, 'learning_rate': 0.0005384056006238164, 'epoch': 0.49}
{'loss': 4.8408, 'grad_norm': 1.627516746520996, 'learning_rate': 0.0005382204294219807, 'epoch': 0.49}
{'loss': 4.8265, 'grad_norm': 1.4893778562545776, 'learning_rate': 0.0005380352529471185, 'epoch': 0.49}
{'loss': 5.0291, 'grad_norm': 1.7761478424072266, 'learning_rate': 0.0005378500712247777, 'epoch': 0.49}
{'loss': 4.7713, 'grad_norm': 1.5307132005691528, 'learning_rate': 0.0005376648842805065, 'epoch': 0.49}
{'loss': 5.0035, 'grad_norm': 1.6347384452819824, 'learning_rate': 0.0005374796921398538, 'epoch': 0.49}
{'loss': 4.9319, 'grad_norm': 1.60074782371521, 'learning_rate': 0.0005372944948283697, 'epoch': 0.49}
{'loss': 4.9211, 'grad_norm': 1.488734245300293, 'learning_rate': 0.0005371092923716044, 'epoch': 0.49}
{'loss': 5.0292, 'grad_norm': 1.598868489265442, 'learning_rate': 0.000536924084795109, 'epoch': 0.49}
{'loss': 4.8703, 'grad_norm': 1.5619661808013916, 'learning_rate': 0.0005367388721244359, 'epoch': 0.49}
{'loss': 4.9662, 'grad_norm': 1.5367351770401, 'learning_rate': 0.0005365536543851371, 'epoch': 0.49}
{'loss': 5.1308, 'grad_norm': 1.5411760807037354, 'learning_rate': 0.0005363684316027662, 'epoch': 0.49}
{'loss': 5.0144, 'grad_norm': 1.8417322635650635, 'learning_rate': 0.0005361832038028773, 'epoch': 0.49}
{'loss': 5.1503, 'grad_norm': 1.705180287361145, 'learning_rate': 0.0005359979710110248, 'epoch': 0.49}
{'loss': 4.8378, 'grad_norm': 1.4899230003356934, 'learning_rate': 0.0005358127332527643, 'epoch': 0.49}
{'loss': 5.2154, 'grad_norm': 1.7371082305908203, 'learning_rate': 0.0005356274905536517, 'epoch': 0.49}
{'loss': 4.8111, 'grad_norm': 1.632777214050293, 'learning_rate': 0.0005354422429392439, 'epoch': 0.49}
{'loss': 5.0884, 'grad_norm': 1.5540727376937866, 'learning_rate': 0.0005352569904350983, 'epoch': 0.49}
{'loss': 5.1016, 'grad_norm': 1.6977958679199219, 'learning_rate': 0.0005350717330667729, 'epoch': 0.49}
{'loss': 4.8822, 'grad_norm': 1.652572751045227, 'learning_rate': 0.0005348864708598265, 'epoch': 0.49}
{'loss': 4.9988, 'grad_norm': 1.4836559295654297, 'learning_rate': 0.0005347012038398186, 'epoch': 0.49}
{'loss': 4.9355, 'grad_norm': 1.69600248336792, 'learning_rate': 0.0005345159320323091, 'epoch': 0.49}
{'loss': 4.6295, 'grad_norm': 1.7805840969085693, 'learning_rate': 0.000534330655462859, 'epoch': 0.49}
{'loss': 4.9468, 'grad_norm': 1.5399415493011475, 'learning_rate': 0.0005341453741570293, 'epoch': 0.49}
{'loss': 5.0552, 'grad_norm': 1.8251442909240723, 'learning_rate': 0.0005339600881403828, 'epoch': 0.49}
{'loss': 4.8023, 'grad_norm': 1.9620331525802612, 'learning_rate': 0.0005337747974384816, 'epoch': 0.5}
{'loss': 5.1388, 'grad_norm': 1.657577633857727, 'learning_rate': 0.0005335895020768892, 'epoch': 0.5}
{'loss': 4.9892, 'grad_norm': 1.896333932876587, 'learning_rate': 0.0005334042020811697, 'epoch': 0.5}
{'loss': 5.102, 'grad_norm': 1.765670657157898, 'learning_rate': 0.0005332188974768877, 'epoch': 0.5}
{'loss': 5.1045, 'grad_norm': 1.5917867422103882, 'learning_rate': 0.0005330335882896085, 'epoch': 0.5}
{'loss': 5.2436, 'grad_norm': 1.724515676498413, 'learning_rate': 0.000532848274544898, 'epoch': 0.5}
{'loss': 4.7158, 'grad_norm': 1.8314778804779053, 'learning_rate': 0.0005326629562683227, 'epoch': 0.5}
{'loss': 5.0727, 'grad_norm': 1.6589287519454956, 'learning_rate': 0.0005324776334854498, 'epoch': 0.5}
{'loss': 4.7801, 'grad_norm': 1.721351981163025, 'learning_rate': 0.0005322923062218473, 'epoch': 0.5}
{'loss': 4.7849, 'grad_norm': 1.8570055961608887, 'learning_rate': 0.0005321069745030832, 'epoch': 0.5}
{'loss': 5.0515, 'grad_norm': 1.6344285011291504, 'learning_rate': 0.0005319216383547268, 'epoch': 0.5}
{'loss': 4.749, 'grad_norm': 1.4948903322219849, 'learning_rate': 0.0005317362978023478, 'epoch': 0.5}
{'loss': 4.5807, 'grad_norm': 1.7793622016906738, 'learning_rate': 0.0005315509528715163, 'epoch': 0.5}
{'loss': 4.9752, 'grad_norm': 1.4318372011184692, 'learning_rate': 0.0005313656035878029, 'epoch': 0.5}
{'loss': 4.8017, 'grad_norm': 1.896296501159668, 'learning_rate': 0.0005311802499767795, 'epoch': 0.5}
{'loss': 5.0068, 'grad_norm': 1.6590662002563477, 'learning_rate': 0.0005309948920640178, 'epoch': 0.5}
{'loss': 4.8086, 'grad_norm': 1.7665215730667114, 'learning_rate': 0.0005308095298750908, 'epoch': 0.5}
{'loss': 5.0333, 'grad_norm': 1.909942626953125, 'learning_rate': 0.0005306241634355713, 'epoch': 0.5}
{'loss': 5.044, 'grad_norm': 1.6159483194351196, 'learning_rate': 0.0005304387927710334, 'epoch': 0.5}
{'loss': 4.8737, 'grad_norm': 2.0212128162384033, 'learning_rate': 0.0005302534179070515, 'epoch': 0.5}
{'loss': 4.8902, 'grad_norm': 1.574614405632019, 'learning_rate': 0.0005300680388692004, 'epoch': 0.5}
{'loss': 5.1188, 'grad_norm': 1.7884104251861572, 'learning_rate': 0.0005298826556830558, 'epoch': 0.5}
{'loss': 4.837, 'grad_norm': 1.699016809463501, 'learning_rate': 0.0005296972683741936, 'epoch': 0.5}
{'loss': 4.924, 'grad_norm': 1.4684542417526245, 'learning_rate': 0.000529511876968191, 'epoch': 0.5}
{'loss': 4.9349, 'grad_norm': 1.602005124092102, 'learning_rate': 0.0005293264814906246, 'epoch': 0.5}
{'loss': 5.0623, 'grad_norm': 1.583675503730774, 'learning_rate': 0.0005291410819670727, 'epoch': 0.5}
{'loss': 5.2805, 'grad_norm': 1.4139347076416016, 'learning_rate': 0.0005289556784231134, 'epoch': 0.5}
{'loss': 5.1391, 'grad_norm': 1.6013667583465576, 'learning_rate': 0.0005287702708843258, 'epoch': 0.5}
{'loss': 4.9226, 'grad_norm': 1.440216064453125, 'learning_rate': 0.0005285848593762894, 'epoch': 0.5}
{'loss': 4.9985, 'grad_norm': 1.577336311340332, 'learning_rate': 0.0005283994439245842, 'epoch': 0.5}
{'loss': 5.0454, 'grad_norm': 1.5742926597595215, 'learning_rate': 0.0005282140245547905, 'epoch': 0.5}
{'loss': 4.9297, 'grad_norm': 1.615196704864502, 'learning_rate': 0.0005280286012924899, 'epoch': 0.5}
{'loss': 4.7415, 'grad_norm': 1.450991153717041, 'learning_rate': 0.0005278431741632636, 'epoch': 0.5}
{'loss': 4.7174, 'grad_norm': 1.4776158332824707, 'learning_rate': 0.0005276577431926942, 'epoch': 0.5}
{'loss': 5.1262, 'grad_norm': 1.85520339012146, 'learning_rate': 0.0005274723084063642, 'epoch': 0.5}
{'loss': 4.8919, 'grad_norm': 1.6947212219238281, 'learning_rate': 0.0005272868698298567, 'epoch': 0.5}
{'loss': 4.5966, 'grad_norm': 1.5623421669006348, 'learning_rate': 0.0005271014274887556, 'epoch': 0.5}
{'loss': 4.9636, 'grad_norm': 1.7261440753936768, 'learning_rate': 0.0005269159814086454, 'epoch': 0.5}
{'loss': 4.886, 'grad_norm': 1.6974279880523682, 'learning_rate': 0.0005267305316151104, 'epoch': 0.5}
{'loss': 5.0367, 'grad_norm': 1.673411250114441, 'learning_rate': 0.0005265450781337365, 'epoch': 0.5}
{'loss': 4.8937, 'grad_norm': 1.4330101013183594, 'learning_rate': 0.0005263596209901091, 'epoch': 0.5}
{'loss': 5.2916, 'grad_norm': 1.4523892402648926, 'learning_rate': 0.0005261741602098146, 'epoch': 0.5}
{'loss': 4.8058, 'grad_norm': 1.6796326637268066, 'learning_rate': 0.00052598869581844, 'epoch': 0.5}
{'loss': 4.8163, 'grad_norm': 1.5261479616165161, 'learning_rate': 0.0005258032278415725, 'epoch': 0.5}
{'loss': 4.9672, 'grad_norm': 1.513664722442627, 'learning_rate': 0.0005256177563048, 'epoch': 0.5}
{'loss': 4.7499, 'grad_norm': 1.5363534688949585, 'learning_rate': 0.0005254322812337104, 'epoch': 0.5}
{'loss': 4.9772, 'grad_norm': 1.6181749105453491, 'learning_rate': 0.0005252468026538933, 'epoch': 0.5}
{'loss': 4.7391, 'grad_norm': 1.7686868906021118, 'learning_rate': 0.0005250613205909373, 'epoch': 0.5}
{'loss': 4.8278, 'grad_norm': 1.6318655014038086, 'learning_rate': 0.0005248758350704324, 'epoch': 0.5}
{'loss': 4.9576, 'grad_norm': 1.3940140008926392, 'learning_rate': 0.000524690346117969, 'epoch': 0.5}
{'loss': 4.7658, 'grad_norm': 1.5821398496627808, 'learning_rate': 0.0005245048537591375, 'epoch': 0.5}
{'loss': 4.9136, 'grad_norm': 1.5853455066680908, 'learning_rate': 0.0005243193580195293, 'epoch': 0.5}
{'loss': 4.8473, 'grad_norm': 1.5282740592956543, 'learning_rate': 0.000524133858924736, 'epoch': 0.5}
{'loss': 4.9893, 'grad_norm': 1.5388813018798828, 'learning_rate': 0.0005239483565003497, 'epoch': 0.5}
{'loss': 4.873, 'grad_norm': 1.4381088018417358, 'learning_rate': 0.0005237628507719631, 'epoch': 0.5}
{'loss': 4.7279, 'grad_norm': 1.7203545570373535, 'learning_rate': 0.000523577341765169, 'epoch': 0.5}
{'loss': 4.8549, 'grad_norm': 1.6366631984710693, 'learning_rate': 0.0005233918295055609, 'epoch': 0.5}
{'loss': 5.0684, 'grad_norm': 1.687251091003418, 'learning_rate': 0.000523206314018733, 'epoch': 0.5}
{'loss': 4.69, 'grad_norm': 1.6641221046447754, 'learning_rate': 0.0005230207953302793, 'epoch': 0.5}
{'loss': 4.979, 'grad_norm': 1.5663734674453735, 'learning_rate': 0.0005228352734657951, 'epoch': 0.5}
{'loss': 4.7528, 'grad_norm': 1.624229073524475, 'learning_rate': 0.0005226497484508752, 'epoch': 0.5}
{'loss': 4.8738, 'grad_norm': 1.6140005588531494, 'learning_rate': 0.0005224642203111155, 'epoch': 0.5}
{'loss': 4.9811, 'grad_norm': 1.8682280778884888, 'learning_rate': 0.000522278689072112, 'epoch': 0.5}
{'loss': 5.169, 'grad_norm': 1.476470947265625, 'learning_rate': 0.0005220931547594616, 'epoch': 0.5}
{'loss': 4.8411, 'grad_norm': 1.5579240322113037, 'learning_rate': 0.0005219076173987606, 'epoch': 0.5}
{'loss': 4.9533, 'grad_norm': 1.5703456401824951, 'learning_rate': 0.0005217220770156073, 'epoch': 0.5}
{'loss': 5.0068, 'grad_norm': 1.6493030786514282, 'learning_rate': 0.0005215365336355986, 'epoch': 0.5}
{'loss': 5.1068, 'grad_norm': 1.5554344654083252, 'learning_rate': 0.0005213509872843333, 'epoch': 0.5}
{'loss': 4.8057, 'grad_norm': 1.7654134035110474, 'learning_rate': 0.00052116543798741, 'epoch': 0.5}
{'loss': 4.7524, 'grad_norm': 1.7353023290634155, 'learning_rate': 0.0005209798857704275, 'epoch': 0.5}
{'loss': 4.747, 'grad_norm': 1.562969446182251, 'learning_rate': 0.0005207943306589853, 'epoch': 0.5}
{'loss': 4.8617, 'grad_norm': 1.5385277271270752, 'learning_rate': 0.0005206087726786835, 'epoch': 0.5}
{'loss': 5.0888, 'grad_norm': 1.568166971206665, 'learning_rate': 0.000520423211855122, 'epoch': 0.5}
{'loss': 5.0794, 'grad_norm': 1.6707768440246582, 'learning_rate': 0.0005202376482139016, 'epoch': 0.5}
{'loss': 4.8651, 'grad_norm': 1.515916347503662, 'learning_rate': 0.0005200520817806232, 'epoch': 0.5}
{'loss': 5.0872, 'grad_norm': 1.4575016498565674, 'learning_rate': 0.0005198665125808884, 'epoch': 0.5}
{'loss': 4.8252, 'grad_norm': 1.7182894945144653, 'learning_rate': 0.000519680940640299, 'epoch': 0.5}
{'loss': 4.6246, 'grad_norm': 1.422451376914978, 'learning_rate': 0.0005194953659844567, 'epoch': 0.5}
{'loss': 4.7114, 'grad_norm': 1.617220401763916, 'learning_rate': 0.0005193097886389647, 'epoch': 0.5}
{'loss': 4.7562, 'grad_norm': 1.7404022216796875, 'learning_rate': 0.0005191242086294254, 'epoch': 0.5}
{'loss': 4.9135, 'grad_norm': 1.5842214822769165, 'learning_rate': 0.0005189386259814425, 'epoch': 0.5}
{'loss': 5.0147, 'grad_norm': 1.714542269706726, 'learning_rate': 0.0005187530407206193, 'epoch': 0.5}
{'loss': 4.9349, 'grad_norm': 1.7084546089172363, 'learning_rate': 0.0005185674528725599, 'epoch': 0.5}
{'loss': 4.9284, 'grad_norm': 1.6847833395004272, 'learning_rate': 0.0005183818624628686, 'epoch': 0.5}
{'loss': 4.779, 'grad_norm': 1.5699403285980225, 'learning_rate': 0.0005181962695171505, 'epoch': 0.5}
{'loss': 4.8983, 'grad_norm': 1.6984610557556152, 'learning_rate': 0.00051801067406101, 'epoch': 0.5}
{'loss': 5.1507, 'grad_norm': 1.8197771310806274, 'learning_rate': 0.0005178250761200532, 'epoch': 0.5}
{'loss': 5.0531, 'grad_norm': 1.6598938703536987, 'learning_rate': 0.0005176394757198851, 'epoch': 0.51}
{'loss': 4.772, 'grad_norm': 1.7583376169204712, 'learning_rate': 0.0005174538728861125, 'epoch': 0.51}
{'loss': 5.0201, 'grad_norm': 1.554764747619629, 'learning_rate': 0.0005172682676443416, 'epoch': 0.51}
{'loss': 4.8813, 'grad_norm': 1.4178094863891602, 'learning_rate': 0.0005170826600201789, 'epoch': 0.51}
{'loss': 4.9357, 'grad_norm': 1.9020558595657349, 'learning_rate': 0.0005168970500392319, 'epoch': 0.51}
{'loss': 4.8759, 'grad_norm': 1.6312495470046997, 'learning_rate': 0.0005167114377271076, 'epoch': 0.51}
{'loss': 4.7779, 'grad_norm': 1.758743166923523, 'learning_rate': 0.000516525823109414, 'epoch': 0.51}
{'loss': 4.9347, 'grad_norm': 1.6833895444869995, 'learning_rate': 0.0005163402062117592, 'epoch': 0.51}
{'loss': 4.8815, 'grad_norm': 1.6433826684951782, 'learning_rate': 0.0005161545870597512, 'epoch': 0.51}
{'loss': 4.9786, 'grad_norm': 1.7902600765228271, 'learning_rate': 0.0005159689656789991, 'epoch': 0.51}
{'loss': 4.7048, 'grad_norm': 1.7392908334732056, 'learning_rate': 0.0005157833420951117, 'epoch': 0.51}
{'loss': 4.9507, 'grad_norm': 1.7428940534591675, 'learning_rate': 0.0005155977163336981, 'epoch': 0.51}
{'loss': 4.9072, 'grad_norm': 1.6372392177581787, 'learning_rate': 0.0005154120884203684, 'epoch': 0.51}
{'loss': 4.7068, 'grad_norm': 1.6216000318527222, 'learning_rate': 0.000515226458380732, 'epoch': 0.51}
{'loss': 5.1452, 'grad_norm': 1.6447113752365112, 'learning_rate': 0.0005150408262403993, 'epoch': 0.51}
{'loss': 5.0784, 'grad_norm': 1.4735291004180908, 'learning_rate': 0.0005148551920249808, 'epoch': 0.51}
{'loss': 5.0082, 'grad_norm': 1.6079459190368652, 'learning_rate': 0.000514669555760087, 'epoch': 0.51}
{'loss': 4.9343, 'grad_norm': 1.5250953435897827, 'learning_rate': 0.0005144839174713293, 'epoch': 0.51}
{'loss': 4.9963, 'grad_norm': 1.439978003501892, 'learning_rate': 0.0005142982771843187, 'epoch': 0.51}
{'loss': 4.9235, 'grad_norm': 1.6236366033554077, 'learning_rate': 0.000514112634924667, 'epoch': 0.51}
{'loss': 4.7896, 'grad_norm': 1.570069432258606, 'learning_rate': 0.0005139269907179862, 'epoch': 0.51}
{'loss': 4.8354, 'grad_norm': 1.696351408958435, 'learning_rate': 0.0005137413445898879, 'epoch': 0.51}
{'loss': 4.9894, 'grad_norm': 1.739880084991455, 'learning_rate': 0.0005135556965659851, 'epoch': 0.51}
{'loss': 4.6845, 'grad_norm': 1.5122355222702026, 'learning_rate': 0.0005133700466718903, 'epoch': 0.51}
{'loss': 4.7204, 'grad_norm': 1.8128153085708618, 'learning_rate': 0.000513184394933216, 'epoch': 0.51}
{'loss': 5.1109, 'grad_norm': 1.7036852836608887, 'learning_rate': 0.0005129987413755759, 'epoch': 0.51}
{'loss': 5.1525, 'grad_norm': 1.856082558631897, 'learning_rate': 0.0005128130860245832, 'epoch': 0.51}
{'loss': 4.9632, 'grad_norm': 1.6883095502853394, 'learning_rate': 0.0005126274289058516, 'epoch': 0.51}
{'loss': 4.9447, 'grad_norm': 1.6102911233901978, 'learning_rate': 0.0005124417700449949, 'epoch': 0.51}
{'loss': 4.8022, 'grad_norm': 1.849971055984497, 'learning_rate': 0.0005122561094676275, 'epoch': 0.51}
{'loss': 4.7489, 'grad_norm': 1.5302228927612305, 'learning_rate': 0.0005120704471993636, 'epoch': 0.51}
{'loss': 4.983, 'grad_norm': 1.6284592151641846, 'learning_rate': 0.0005118847832658179, 'epoch': 0.51}
{'loss': 5.1097, 'grad_norm': 1.6904182434082031, 'learning_rate': 0.0005116991176926051, 'epoch': 0.51}
{'loss': 5.0564, 'grad_norm': 1.549446702003479, 'learning_rate': 0.0005115134505053406, 'epoch': 0.51}
{'loss': 5.2302, 'grad_norm': 1.7044780254364014, 'learning_rate': 0.0005113277817296394, 'epoch': 0.51}
{'loss': 4.9204, 'grad_norm': 1.443685531616211, 'learning_rate': 0.0005111421113911172, 'epoch': 0.51}
{'loss': 5.0139, 'grad_norm': 1.9162468910217285, 'learning_rate': 0.0005109564395153898, 'epoch': 0.51}
{'loss': 4.8749, 'grad_norm': 1.4802637100219727, 'learning_rate': 0.0005107707661280729, 'epoch': 0.51}
{'loss': 4.9185, 'grad_norm': 1.668965220451355, 'learning_rate': 0.000510585091254783, 'epoch': 0.51}
{'loss': 4.6663, 'grad_norm': 1.6645467281341553, 'learning_rate': 0.000510399414921136, 'epoch': 0.51}
{'loss': 4.9795, 'grad_norm': 1.5328152179718018, 'learning_rate': 0.0005102137371527489, 'epoch': 0.51}
{'loss': 4.8139, 'grad_norm': 1.6870983839035034, 'learning_rate': 0.0005100280579752384, 'epoch': 0.51}
{'loss': 5.1988, 'grad_norm': 1.6803478002548218, 'learning_rate': 0.0005098423774142211, 'epoch': 0.51}
{'loss': 4.9057, 'grad_norm': 1.838413953781128, 'learning_rate': 0.0005096566954953147, 'epoch': 0.51}
{'loss': 4.9693, 'grad_norm': 1.6520969867706299, 'learning_rate': 0.0005094710122441361, 'epoch': 0.51}
{'loss': 5.0606, 'grad_norm': 1.6575791835784912, 'learning_rate': 0.0005092853276863031, 'epoch': 0.51}
{'loss': 4.7162, 'grad_norm': 1.7293440103530884, 'learning_rate': 0.0005090996418474332, 'epoch': 0.51}
{'loss': 4.9174, 'grad_norm': 1.5854932069778442, 'learning_rate': 0.0005089139547531443, 'epoch': 0.51}
{'loss': 4.902, 'grad_norm': 1.65736722946167, 'learning_rate': 0.0005087282664290544, 'epoch': 0.51}
{'loss': 5.1833, 'grad_norm': 1.524047613143921, 'learning_rate': 0.0005085425769007821, 'epoch': 0.51}
{'loss': 4.9049, 'grad_norm': 1.5065784454345703, 'learning_rate': 0.0005083568861939453, 'epoch': 0.51}
{'loss': 4.8914, 'grad_norm': 1.6978766918182373, 'learning_rate': 0.0005081711943341629, 'epoch': 0.51}
{'loss': 4.9269, 'grad_norm': 1.4974013566970825, 'learning_rate': 0.0005079855013470534, 'epoch': 0.51}
{'loss': 4.898, 'grad_norm': 1.5834671258926392, 'learning_rate': 0.0005077998072582358, 'epoch': 0.51}
{'loss': 4.9343, 'grad_norm': 1.6038556098937988, 'learning_rate': 0.0005076141120933291, 'epoch': 0.51}
{'loss': 4.7834, 'grad_norm': 1.3828929662704468, 'learning_rate': 0.0005074284158779522, 'epoch': 0.51}
{'loss': 5.1689, 'grad_norm': 1.5943489074707031, 'learning_rate': 0.0005072427186377248, 'epoch': 0.51}
{'loss': 4.6698, 'grad_norm': 1.6040420532226562, 'learning_rate': 0.0005070570203982662, 'epoch': 0.51}
{'loss': 5.1233, 'grad_norm': 1.6303280591964722, 'learning_rate': 0.0005068713211851958, 'epoch': 0.51}
{'loss': 4.9428, 'grad_norm': 1.649101734161377, 'learning_rate': 0.0005066856210241337, 'epoch': 0.51}
{'loss': 4.8353, 'grad_norm': 1.56666898727417, 'learning_rate': 0.0005064999199406995, 'epoch': 0.51}
{'loss': 4.7916, 'grad_norm': 1.5879604816436768, 'learning_rate': 0.0005063142179605132, 'epoch': 0.51}
{'loss': 5.0902, 'grad_norm': 1.884529948234558, 'learning_rate': 0.000506128515109195, 'epoch': 0.51}
{'loss': 4.9576, 'grad_norm': 1.5568503141403198, 'learning_rate': 0.0005059428114123649, 'epoch': 0.51}
{'loss': 5.2004, 'grad_norm': 1.4853676557540894, 'learning_rate': 0.0005057571068956436, 'epoch': 0.51}
{'loss': 4.7303, 'grad_norm': 1.631911277770996, 'learning_rate': 0.0005055714015846513, 'epoch': 0.51}
{'loss': 5.1132, 'grad_norm': 1.684499740600586, 'learning_rate': 0.0005053856955050086, 'epoch': 0.51}
{'loss': 5.0864, 'grad_norm': 1.5310240983963013, 'learning_rate': 0.0005051999886823364, 'epoch': 0.51}
{'loss': 5.0656, 'grad_norm': 1.645572304725647, 'learning_rate': 0.000505014281142255, 'epoch': 0.51}
{'loss': 5.1418, 'grad_norm': 1.8033473491668701, 'learning_rate': 0.0005048285729103856, 'epoch': 0.51}
{'loss': 5.0761, 'grad_norm': 1.3270683288574219, 'learning_rate': 0.0005046428640123493, 'epoch': 0.51}
{'loss': 4.7754, 'grad_norm': 1.561031460762024, 'learning_rate': 0.0005044571544737667, 'epoch': 0.51}
{'loss': 4.9417, 'grad_norm': 1.5221915245056152, 'learning_rate': 0.0005042714443202594, 'epoch': 0.51}
{'loss': 4.6978, 'grad_norm': 1.553606390953064, 'learning_rate': 0.0005040857335774483, 'epoch': 0.51}
{'loss': 5.0711, 'grad_norm': 1.507638931274414, 'learning_rate': 0.000503900022270955, 'epoch': 0.51}
{'loss': 4.8898, 'grad_norm': 1.6127214431762695, 'learning_rate': 0.0005037143104264007, 'epoch': 0.51}
{'loss': 4.8089, 'grad_norm': 1.5021538734436035, 'learning_rate': 0.0005035285980694069, 'epoch': 0.51}
{'loss': 5.0712, 'grad_norm': 1.646446704864502, 'learning_rate': 0.0005033428852255952, 'epoch': 0.51}
{'loss': 4.7668, 'grad_norm': 1.5902726650238037, 'learning_rate': 0.0005031571719205873, 'epoch': 0.51}
{'loss': 5.01, 'grad_norm': 1.5714160203933716, 'learning_rate': 0.0005029714581800044, 'epoch': 0.51}
{'loss': 4.8304, 'grad_norm': 1.577050805091858, 'learning_rate': 0.0005027857440294688, 'epoch': 0.51}
{'loss': 4.9723, 'grad_norm': 1.6371904611587524, 'learning_rate': 0.000502600029494602, 'epoch': 0.51}
{'loss': 4.9922, 'grad_norm': 1.4463846683502197, 'learning_rate': 0.0005024143146010261, 'epoch': 0.51}
{'loss': 4.8925, 'grad_norm': 1.5898858308792114, 'learning_rate': 0.0005022285993743625, 'epoch': 0.51}
{'loss': 4.5456, 'grad_norm': 1.5178197622299194, 'learning_rate': 0.0005020428838402335, 'epoch': 0.51}
{'loss': 5.0221, 'grad_norm': 1.4952383041381836, 'learning_rate': 0.0005018571680242609, 'epoch': 0.51}
{'loss': 4.9193, 'grad_norm': 1.7247847318649292, 'learning_rate': 0.000501671451952067, 'epoch': 0.51}
{'loss': 5.0107, 'grad_norm': 1.6029897928237915, 'learning_rate': 0.0005014857356492735, 'epoch': 0.51}
{'loss': 4.9229, 'grad_norm': 1.6821213960647583, 'learning_rate': 0.0005013000191415027, 'epoch': 0.52}
{'loss': 4.8052, 'grad_norm': 1.4473403692245483, 'learning_rate': 0.0005011143024543765, 'epoch': 0.52}
{'loss': 4.9365, 'grad_norm': 1.538960576057434, 'learning_rate': 0.0005009285856135173, 'epoch': 0.52}
{'loss': 4.8852, 'grad_norm': 1.6393704414367676, 'learning_rate': 0.0005007428686445471, 'epoch': 0.52}
{'loss': 5.0078, 'grad_norm': 1.5566633939743042, 'learning_rate': 0.0005005571515730881, 'epoch': 0.52}
{'loss': 4.6762, 'grad_norm': 1.568986415863037, 'learning_rate': 0.0005003714344247624, 'epoch': 0.52}
{'loss': 4.7422, 'grad_norm': 1.6656728982925415, 'learning_rate': 0.0005001857172251922, 'epoch': 0.52}
{'loss': 5.043, 'grad_norm': 1.7988052368164062, 'learning_rate': 0.0005, 'epoch': 0.52}
{'loss': 4.7583, 'grad_norm': 2.008244752883911, 'learning_rate': 0.0004998142827748077, 'epoch': 0.52}
{'loss': 5.013, 'grad_norm': 1.4977483749389648, 'learning_rate': 0.0004996285655752378, 'epoch': 0.52}
{'loss': 4.9111, 'grad_norm': 1.57389497756958, 'learning_rate': 0.0004994428484269122, 'epoch': 0.52}
{'loss': 4.7793, 'grad_norm': 1.5043083429336548, 'learning_rate': 0.000499257131355453, 'epoch': 0.52}
{'loss': 4.9162, 'grad_norm': 1.6188080310821533, 'learning_rate': 0.0004990714143864829, 'epoch': 0.52}
{'loss': 4.7776, 'grad_norm': 1.5099412202835083, 'learning_rate': 0.0004988856975456236, 'epoch': 0.52}
{'loss': 5.2768, 'grad_norm': 1.6430271863937378, 'learning_rate': 0.0004986999808584974, 'epoch': 0.52}
{'loss': 4.6826, 'grad_norm': 1.551377773284912, 'learning_rate': 0.0004985142643507266, 'epoch': 0.52}
{'loss': 5.1018, 'grad_norm': 1.4716897010803223, 'learning_rate': 0.0004983285480479331, 'epoch': 0.52}
{'loss': 5.0227, 'grad_norm': 1.6234521865844727, 'learning_rate': 0.0004981428319757391, 'epoch': 0.52}
{'loss': 4.912, 'grad_norm': 1.4929842948913574, 'learning_rate': 0.0004979571161597665, 'epoch': 0.52}
{'loss': 5.1482, 'grad_norm': 1.6710323095321655, 'learning_rate': 0.0004977714006256376, 'epoch': 0.52}
{'loss': 4.9747, 'grad_norm': 1.6340837478637695, 'learning_rate': 0.000497585685398974, 'epoch': 0.52}
{'loss': 4.78, 'grad_norm': 1.669582724571228, 'learning_rate': 0.0004973999705053979, 'epoch': 0.52}
{'loss': 4.7406, 'grad_norm': 1.5242798328399658, 'learning_rate': 0.0004972142559705313, 'epoch': 0.52}
{'loss': 5.0021, 'grad_norm': 1.6006901264190674, 'learning_rate': 0.0004970285418199956, 'epoch': 0.52}
{'loss': 4.6948, 'grad_norm': 1.5586968660354614, 'learning_rate': 0.0004968428280794128, 'epoch': 0.52}
{'loss': 4.8293, 'grad_norm': 1.69302499294281, 'learning_rate': 0.000496657114774405, 'epoch': 0.52}
{'loss': 4.7161, 'grad_norm': 1.4928948879241943, 'learning_rate': 0.0004964714019305933, 'epoch': 0.52}
{'loss': 5.124, 'grad_norm': 1.4583380222320557, 'learning_rate': 0.0004962856895735993, 'epoch': 0.52}
{'loss': 4.841, 'grad_norm': 1.6788748502731323, 'learning_rate': 0.000496099977729045, 'epoch': 0.52}
{'loss': 5.0289, 'grad_norm': 1.5776238441467285, 'learning_rate': 0.0004959142664225518, 'epoch': 0.52}
{'loss': 5.0088, 'grad_norm': 1.5647034645080566, 'learning_rate': 0.0004957285556797407, 'epoch': 0.52}
{'loss': 4.7786, 'grad_norm': 1.6990482807159424, 'learning_rate': 0.0004955428455262333, 'epoch': 0.52}
{'loss': 4.8826, 'grad_norm': 1.4756208658218384, 'learning_rate': 0.000495357135987651, 'epoch': 0.52}
{'loss': 4.9157, 'grad_norm': 1.3713061809539795, 'learning_rate': 0.0004951714270896144, 'epoch': 0.52}
{'loss': 5.3298, 'grad_norm': 1.5585511922836304, 'learning_rate': 0.000494985718857745, 'epoch': 0.52}
{'loss': 4.9563, 'grad_norm': 1.4116357564926147, 'learning_rate': 0.0004948000113176638, 'epoch': 0.52}
{'loss': 4.974, 'grad_norm': 1.4577075242996216, 'learning_rate': 0.0004946143044949914, 'epoch': 0.52}
{'loss': 4.6103, 'grad_norm': 1.436851978302002, 'learning_rate': 0.0004944285984153487, 'epoch': 0.52}
{'loss': 4.7846, 'grad_norm': 1.55995512008667, 'learning_rate': 0.0004942428931043564, 'epoch': 0.52}
{'loss': 4.9211, 'grad_norm': 1.5552667379379272, 'learning_rate': 0.0004940571885876351, 'epoch': 0.52}
{'loss': 4.9044, 'grad_norm': 1.4335248470306396, 'learning_rate': 0.000493871484890805, 'epoch': 0.52}
{'loss': 4.9796, 'grad_norm': 1.4785407781600952, 'learning_rate': 0.0004936857820394868, 'epoch': 0.52}
{'loss': 4.7806, 'grad_norm': 1.3866640329360962, 'learning_rate': 0.0004935000800593007, 'epoch': 0.52}
{'loss': 4.669, 'grad_norm': 1.4618451595306396, 'learning_rate': 0.0004933143789758663, 'epoch': 0.52}
{'loss': 4.9628, 'grad_norm': 1.2843682765960693, 'learning_rate': 0.0004931286788148041, 'epoch': 0.52}
{'loss': 5.103, 'grad_norm': 1.6931676864624023, 'learning_rate': 0.0004929429796017339, 'epoch': 0.52}
{'loss': 4.8817, 'grad_norm': 1.3704742193222046, 'learning_rate': 0.0004927572813622753, 'epoch': 0.52}
{'loss': 4.9653, 'grad_norm': 1.4286359548568726, 'learning_rate': 0.0004925715841220477, 'epoch': 0.52}
{'loss': 4.9372, 'grad_norm': 1.4555608034133911, 'learning_rate': 0.0004923858879066712, 'epoch': 0.52}
{'loss': 4.9835, 'grad_norm': 1.5295419692993164, 'learning_rate': 0.0004922001927417643, 'epoch': 0.52}
{'loss': 5.0131, 'grad_norm': 1.463991641998291, 'learning_rate': 0.0004920144986529467, 'epoch': 0.52}
{'loss': 4.9246, 'grad_norm': 1.3165079355239868, 'learning_rate': 0.0004918288056658372, 'epoch': 0.52}
{'loss': 5.0526, 'grad_norm': 1.564244270324707, 'learning_rate': 0.0004916431138060548, 'epoch': 0.52}
{'loss': 5.0614, 'grad_norm': 1.3557409048080444, 'learning_rate': 0.000491457423099218, 'epoch': 0.52}
{'loss': 4.8918, 'grad_norm': 1.5484542846679688, 'learning_rate': 0.0004912717335709457, 'epoch': 0.52}
{'loss': 5.0015, 'grad_norm': 1.503961443901062, 'learning_rate': 0.0004910860452468558, 'epoch': 0.52}
{'loss': 4.8224, 'grad_norm': 1.6691040992736816, 'learning_rate': 0.0004909003581525669, 'epoch': 0.52}
{'loss': 5.0683, 'grad_norm': 1.5619115829467773, 'learning_rate': 0.0004907146723136971, 'epoch': 0.52}
{'loss': 5.1107, 'grad_norm': 1.5632623434066772, 'learning_rate': 0.0004905289877558639, 'epoch': 0.52}
{'loss': 4.949, 'grad_norm': 1.488268256187439, 'learning_rate': 0.0004903433045046854, 'epoch': 0.52}
{'loss': 5.0484, 'grad_norm': 1.545562744140625, 'learning_rate': 0.0004901576225857788, 'epoch': 0.52}
{'loss': 4.8463, 'grad_norm': 1.4899108409881592, 'learning_rate': 0.0004899719420247619, 'epoch': 0.52}
{'loss': 4.8117, 'grad_norm': 1.4656007289886475, 'learning_rate': 0.0004897862628472511, 'epoch': 0.52}
{'loss': 5.0003, 'grad_norm': 1.5751354694366455, 'learning_rate': 0.0004896005850788639, 'epoch': 0.52}
{'loss': 5.1989, 'grad_norm': 1.614024043083191, 'learning_rate': 0.0004894149087452173, 'epoch': 0.52}
{'loss': 4.8677, 'grad_norm': 1.6868548393249512, 'learning_rate': 0.0004892292338719272, 'epoch': 0.52}
{'loss': 5.0573, 'grad_norm': 1.468788743019104, 'learning_rate': 0.0004890435604846103, 'epoch': 0.52}
{'loss': 4.8295, 'grad_norm': 1.513445258140564, 'learning_rate': 0.000488857888608883, 'epoch': 0.52}
{'loss': 4.7515, 'grad_norm': 1.523733139038086, 'learning_rate': 0.0004886722182703607, 'epoch': 0.52}
{'loss': 5.2335, 'grad_norm': 1.4710195064544678, 'learning_rate': 0.0004884865494946595, 'epoch': 0.52}
{'loss': 4.6858, 'grad_norm': 1.661885380744934, 'learning_rate': 0.0004883008823073948, 'epoch': 0.52}
{'loss': 5.0302, 'grad_norm': 1.6184192895889282, 'learning_rate': 0.0004881152167341823, 'epoch': 0.52}
{'loss': 5.0257, 'grad_norm': 1.3517783880233765, 'learning_rate': 0.0004879295528006365, 'epoch': 0.52}
{'loss': 5.0896, 'grad_norm': 1.412580132484436, 'learning_rate': 0.00048774389053237257, 'epoch': 0.52}
{'loss': 4.7447, 'grad_norm': 1.5946513414382935, 'learning_rate': 0.0004875582299550052, 'epoch': 0.52}
{'loss': 4.9229, 'grad_norm': 1.551190733909607, 'learning_rate': 0.0004873725710941485, 'epoch': 0.52}
{'loss': 4.9175, 'grad_norm': 1.4677027463912964, 'learning_rate': 0.0004871869139754169, 'epoch': 0.52}
{'loss': 4.7994, 'grad_norm': 1.6671831607818604, 'learning_rate': 0.00048700125862442416, 'epoch': 0.52}
{'loss': 5.0075, 'grad_norm': 1.5652880668640137, 'learning_rate': 0.0004868156050667841, 'epoch': 0.52}
{'loss': 4.9188, 'grad_norm': 1.5472228527069092, 'learning_rate': 0.00048662995332810985, 'epoch': 0.52}
{'loss': 4.8946, 'grad_norm': 1.6565030813217163, 'learning_rate': 0.0004864443034340149, 'epoch': 0.52}
{'loss': 4.9194, 'grad_norm': 1.6811875104904175, 'learning_rate': 0.0004862586554101121, 'epoch': 0.52}
{'loss': 4.9986, 'grad_norm': 1.66093909740448, 'learning_rate': 0.00048607300928201386, 'epoch': 0.52}
{'loss': 4.8397, 'grad_norm': 1.4549270868301392, 'learning_rate': 0.00048588736507533287, 'epoch': 0.52}
{'loss': 4.942, 'grad_norm': 1.6103577613830566, 'learning_rate': 0.0004857017228156814, 'epoch': 0.52}
{'loss': 4.9898, 'grad_norm': 1.603354811668396, 'learning_rate': 0.00048551608252867076, 'epoch': 0.52}
{'loss': 4.9444, 'grad_norm': 1.5019750595092773, 'learning_rate': 0.00048533044423991294, 'epoch': 0.52}
{'loss': 5.1365, 'grad_norm': 1.5230685472488403, 'learning_rate': 0.0004851448079750194, 'epoch': 0.53}
{'loss': 5.118, 'grad_norm': 1.6948720216751099, 'learning_rate': 0.0004849591737596008, 'epoch': 0.53}
{'loss': 5.0039, 'grad_norm': 1.4647233486175537, 'learning_rate': 0.000484773541619268, 'epoch': 0.53}
{'loss': 5.0528, 'grad_norm': 1.6396820545196533, 'learning_rate': 0.00048458791157963185, 'epoch': 0.53}
{'loss': 4.9354, 'grad_norm': 1.5015742778778076, 'learning_rate': 0.0004844022836663019, 'epoch': 0.53}
{'loss': 4.7142, 'grad_norm': 1.8061274290084839, 'learning_rate': 0.0004842166579048884, 'epoch': 0.53}
{'loss': 5.2028, 'grad_norm': 1.6826529502868652, 'learning_rate': 0.0004840310343210011, 'epoch': 0.53}
{'loss': 5.2008, 'grad_norm': 1.5857839584350586, 'learning_rate': 0.00048384541294024894, 'epoch': 0.53}
{'loss': 4.9556, 'grad_norm': 1.4574227333068848, 'learning_rate': 0.0004836597937882409, 'epoch': 0.53}
{'loss': 4.9798, 'grad_norm': 1.5040873289108276, 'learning_rate': 0.000483474176890586, 'epoch': 0.53}
{'loss': 4.9512, 'grad_norm': 1.763390302658081, 'learning_rate': 0.0004832885622728925, 'epoch': 0.53}
{'loss': 4.9289, 'grad_norm': 1.59230375289917, 'learning_rate': 0.0004831029499607683, 'epoch': 0.53}
{'loss': 4.8827, 'grad_norm': 1.6349620819091797, 'learning_rate': 0.00048291733997982107, 'epoch': 0.53}
{'loss': 4.8269, 'grad_norm': 1.8263581991195679, 'learning_rate': 0.0004827317323556586, 'epoch': 0.53}
{'loss': 4.8893, 'grad_norm': 1.496250867843628, 'learning_rate': 0.0004825461271138875, 'epoch': 0.53}
{'loss': 4.7379, 'grad_norm': 1.5354957580566406, 'learning_rate': 0.0004823605242801148, 'epoch': 0.53}
{'loss': 4.7235, 'grad_norm': 1.4663887023925781, 'learning_rate': 0.0004821749238799471, 'epoch': 0.53}
{'loss': 4.8199, 'grad_norm': 1.5357648134231567, 'learning_rate': 0.00048198932593899004, 'epoch': 0.53}
{'loss': 4.7592, 'grad_norm': 1.619510293006897, 'learning_rate': 0.00048180373048284966, 'epoch': 0.53}
{'loss': 4.8198, 'grad_norm': 1.7216906547546387, 'learning_rate': 0.0004816181375371315, 'epoch': 0.53}
{'loss': 4.9583, 'grad_norm': 1.4893449544906616, 'learning_rate': 0.0004814325471274402, 'epoch': 0.53}
{'loss': 4.995, 'grad_norm': 1.7415632009506226, 'learning_rate': 0.0004812469592793807, 'epoch': 0.53}
{'loss': 4.8941, 'grad_norm': 1.583275318145752, 'learning_rate': 0.00048106137401855747, 'epoch': 0.53}
{'loss': 5.0158, 'grad_norm': 1.587741494178772, 'learning_rate': 0.0004808757913705746, 'epoch': 0.53}
{'loss': 4.8909, 'grad_norm': 1.499119520187378, 'learning_rate': 0.00048069021136103537, 'epoch': 0.53}
{'loss': 5.0395, 'grad_norm': 1.5712519884109497, 'learning_rate': 0.00048050463401554317, 'epoch': 0.53}
{'loss': 4.8973, 'grad_norm': 1.4230165481567383, 'learning_rate': 0.00048031905935970123, 'epoch': 0.53}
{'loss': 4.8139, 'grad_norm': 1.8778351545333862, 'learning_rate': 0.00048013348741911163, 'epoch': 0.53}
{'loss': 4.7995, 'grad_norm': 1.5341039896011353, 'learning_rate': 0.0004799479182193768, 'epoch': 0.53}
{'loss': 4.8432, 'grad_norm': 1.749838948249817, 'learning_rate': 0.0004797623517860986, 'epoch': 0.53}
{'loss': 4.7372, 'grad_norm': 1.532631278038025, 'learning_rate': 0.0004795767881448781, 'epoch': 0.53}
{'loss': 4.9812, 'grad_norm': 1.6183665990829468, 'learning_rate': 0.00047939122732131663, 'epoch': 0.53}
{'loss': 4.8432, 'grad_norm': 1.6631808280944824, 'learning_rate': 0.0004792056693410147, 'epoch': 0.53}
{'loss': 4.8432, 'grad_norm': 1.4912142753601074, 'learning_rate': 0.00047902011422957266, 'epoch': 0.53}
{'loss': 4.6017, 'grad_norm': 1.5353459119796753, 'learning_rate': 0.0004788345620125901, 'epoch': 0.53}
{'loss': 5.0378, 'grad_norm': 1.5298140048980713, 'learning_rate': 0.00047864901271566656, 'epoch': 0.53}
{'loss': 4.856, 'grad_norm': 1.637229561805725, 'learning_rate': 0.00047846346636440146, 'epoch': 0.53}
{'loss': 4.9515, 'grad_norm': 1.6939728260040283, 'learning_rate': 0.00047827792298439284, 'epoch': 0.53}
{'loss': 4.894, 'grad_norm': 1.6476325988769531, 'learning_rate': 0.0004780923826012392, 'epoch': 0.53}
{'loss': 5.2385, 'grad_norm': 1.5032702684402466, 'learning_rate': 0.00047790684524053864, 'epoch': 0.53}
{'loss': 5.0166, 'grad_norm': 1.5198894739151, 'learning_rate': 0.00047772131092788794, 'epoch': 0.53}
{'loss': 5.0094, 'grad_norm': 1.6516159772872925, 'learning_rate': 0.0004775357796888845, 'epoch': 0.53}
{'loss': 4.7326, 'grad_norm': 1.650170922279358, 'learning_rate': 0.00047735025154912493, 'epoch': 0.53}
{'loss': 4.9641, 'grad_norm': 1.579474925994873, 'learning_rate': 0.000477164726534205, 'epoch': 0.53}
{'loss': 4.7778, 'grad_norm': 1.7479768991470337, 'learning_rate': 0.0004769792046697206, 'epoch': 0.53}
{'loss': 4.9002, 'grad_norm': 1.4770231246948242, 'learning_rate': 0.00047679368598126717, 'epoch': 0.53}
{'loss': 4.9151, 'grad_norm': 1.4637837409973145, 'learning_rate': 0.0004766081704944391, 'epoch': 0.53}
{'loss': 4.9831, 'grad_norm': 1.679336667060852, 'learning_rate': 0.00047642265823483106, 'epoch': 0.53}
{'loss': 4.9541, 'grad_norm': 1.7096624374389648, 'learning_rate': 0.000476237149228037, 'epoch': 0.53}
{'loss': 5.2134, 'grad_norm': 1.7460823059082031, 'learning_rate': 0.00047605164349965033, 'epoch': 0.53}
{'loss': 4.9047, 'grad_norm': 1.5867235660552979, 'learning_rate': 0.00047586614107526413, 'epoch': 0.53}
{'loss': 4.8883, 'grad_norm': 1.5128734111785889, 'learning_rate': 0.0004756806419804707, 'epoch': 0.53}
{'loss': 4.6445, 'grad_norm': 1.6152976751327515, 'learning_rate': 0.00047549514624086256, 'epoch': 0.53}
{'loss': 4.7752, 'grad_norm': 1.5314431190490723, 'learning_rate': 0.00047530965388203113, 'epoch': 0.53}
{'loss': 4.69, 'grad_norm': 1.3015633821487427, 'learning_rate': 0.00047512416492956756, 'epoch': 0.53}
{'loss': 4.7879, 'grad_norm': 1.7657337188720703, 'learning_rate': 0.00047493867940906286, 'epoch': 0.53}
{'loss': 5.1446, 'grad_norm': 1.5474127531051636, 'learning_rate': 0.0004747531973461069, 'epoch': 0.53}
{'loss': 5.2084, 'grad_norm': 1.696104645729065, 'learning_rate': 0.0004745677187662895, 'epoch': 0.53}
{'loss': 4.6492, 'grad_norm': 1.665898323059082, 'learning_rate': 0.00047438224369520033, 'epoch': 0.53}
{'loss': 4.8297, 'grad_norm': 1.535667896270752, 'learning_rate': 0.00047419677215842766, 'epoch': 0.53}
{'loss': 4.8212, 'grad_norm': 1.5741651058197021, 'learning_rate': 0.0004740113041815601, 'epoch': 0.53}
{'loss': 4.9908, 'grad_norm': 1.6524343490600586, 'learning_rate': 0.0004738258397901856, 'epoch': 0.53}
{'loss': 4.9072, 'grad_norm': 1.6867133378982544, 'learning_rate': 0.0004736403790098911, 'epoch': 0.53}
{'loss': 5.0691, 'grad_norm': 1.5170843601226807, 'learning_rate': 0.00047345492186626366, 'epoch': 0.53}
{'loss': 4.9808, 'grad_norm': 1.8375998735427856, 'learning_rate': 0.00047326946838488953, 'epoch': 0.53}
{'loss': 4.7227, 'grad_norm': 1.6826744079589844, 'learning_rate': 0.0004730840185913549, 'epoch': 0.53}
{'loss': 4.8108, 'grad_norm': 1.5566710233688354, 'learning_rate': 0.00047289857251124444, 'epoch': 0.53}
{'loss': 5.2034, 'grad_norm': 1.9143385887145996, 'learning_rate': 0.0004727131301701433, 'epoch': 0.53}
{'loss': 4.8162, 'grad_norm': 1.7980849742889404, 'learning_rate': 0.000472527691593636, 'epoch': 0.53}
{'loss': 5.0269, 'grad_norm': 1.5384635925292969, 'learning_rate': 0.00047234225680730583, 'epoch': 0.53}
{'loss': 4.9094, 'grad_norm': 1.789610505104065, 'learning_rate': 0.00047215682583673634, 'epoch': 0.53}
{'loss': 4.7664, 'grad_norm': 1.5859034061431885, 'learning_rate': 0.0004719713987075102, 'epoch': 0.53}
{'loss': 4.987, 'grad_norm': 1.5566209554672241, 'learning_rate': 0.0004717859754452096, 'epoch': 0.53}
{'loss': 5.1208, 'grad_norm': 1.7618834972381592, 'learning_rate': 0.000471600556075416, 'epoch': 0.53}
{'loss': 4.8665, 'grad_norm': 1.5206334590911865, 'learning_rate': 0.00047141514062371074, 'epoch': 0.53}
{'loss': 4.7433, 'grad_norm': 1.4246189594268799, 'learning_rate': 0.0004712297291156743, 'epoch': 0.53}
{'loss': 5.1424, 'grad_norm': 1.4641956090927124, 'learning_rate': 0.0004710443215768866, 'epoch': 0.53}
{'loss': 4.9514, 'grad_norm': 1.6941442489624023, 'learning_rate': 0.0004708589180329273, 'epoch': 0.53}
{'loss': 4.9512, 'grad_norm': 1.58475661277771, 'learning_rate': 0.00047067351850937553, 'epoch': 0.53}
{'loss': 4.7583, 'grad_norm': 1.4519180059432983, 'learning_rate': 0.00047048812303180916, 'epoch': 0.53}
{'loss': 4.9718, 'grad_norm': 1.5057499408721924, 'learning_rate': 0.0004703027316258063, 'epoch': 0.53}
{'loss': 4.671, 'grad_norm': 1.5577715635299683, 'learning_rate': 0.00047011734431694435, 'epoch': 0.53}
{'loss': 4.9014, 'grad_norm': 1.616567850112915, 'learning_rate': 0.00046993196113079966, 'epoch': 0.53}
{'loss': 4.8394, 'grad_norm': 1.86504065990448, 'learning_rate': 0.0004697465820929485, 'epoch': 0.53}
{'loss': 5.124, 'grad_norm': 1.4287477731704712, 'learning_rate': 0.00046956120722896675, 'epoch': 0.53}
{'loss': 5.0304, 'grad_norm': 1.4782099723815918, 'learning_rate': 0.00046937583656442874, 'epoch': 0.53}
{'loss': 5.0729, 'grad_norm': 1.7357603311538696, 'learning_rate': 0.00046919047012490924, 'epoch': 0.53}
{'loss': 4.8987, 'grad_norm': 1.5570892095565796, 'learning_rate': 0.0004690051079359823, 'epoch': 0.54}
{'loss': 4.9691, 'grad_norm': 1.5200425386428833, 'learning_rate': 0.00046881975002322065, 'epoch': 0.54}
{'loss': 5.1542, 'grad_norm': 1.6255018711090088, 'learning_rate': 0.00046863439641219707, 'epoch': 0.54}
{'loss': 4.8239, 'grad_norm': 1.779725193977356, 'learning_rate': 0.0004684490471284839, 'epoch': 0.54}
{'loss': 5.1309, 'grad_norm': 1.6068944931030273, 'learning_rate': 0.0004682637021976523, 'epoch': 0.54}
{'loss': 4.9725, 'grad_norm': 1.5829118490219116, 'learning_rate': 0.0004680783616452732, 'epoch': 0.54}
{'loss': 4.8807, 'grad_norm': 1.407486915588379, 'learning_rate': 0.00046789302549691674, 'epoch': 0.54}
{'loss': 4.7491, 'grad_norm': 1.5087294578552246, 'learning_rate': 0.0004677076937781529, 'epoch': 0.54}
{'loss': 4.8687, 'grad_norm': 1.5641906261444092, 'learning_rate': 0.0004675223665145502, 'epoch': 0.54}
{'loss': 4.669, 'grad_norm': 1.5564478635787964, 'learning_rate': 0.0004673370437316773, 'epoch': 0.54}
{'loss': 4.7296, 'grad_norm': 1.4707683324813843, 'learning_rate': 0.0004671517254551022, 'epoch': 0.54}
{'loss': 4.9876, 'grad_norm': 1.5759639739990234, 'learning_rate': 0.0004669664117103916, 'epoch': 0.54}
{'loss': 5.0106, 'grad_norm': 1.5902711153030396, 'learning_rate': 0.00046678110252311233, 'epoch': 0.54}
{'loss': 4.9136, 'grad_norm': 1.4719306230545044, 'learning_rate': 0.0004665957979188305, 'epoch': 0.54}
{'loss': 4.9221, 'grad_norm': 1.5123931169509888, 'learning_rate': 0.00046641049792311095, 'epoch': 0.54}
{'loss': 4.7685, 'grad_norm': 1.5960242748260498, 'learning_rate': 0.0004662252025615185, 'epoch': 0.54}
{'loss': 4.8118, 'grad_norm': 1.5940078496932983, 'learning_rate': 0.00046603991185961723, 'epoch': 0.54}
{'loss': 4.9627, 'grad_norm': 1.5190404653549194, 'learning_rate': 0.0004658546258429707, 'epoch': 0.54}
{'loss': 4.6902, 'grad_norm': 1.6215004920959473, 'learning_rate': 0.00046566934453714116, 'epoch': 0.54}
{'loss': 4.9146, 'grad_norm': 1.45395028591156, 'learning_rate': 0.00046548406796769094, 'epoch': 0.54}
{'loss': 4.8466, 'grad_norm': 1.4675918817520142, 'learning_rate': 0.0004652987961601816, 'epoch': 0.54}
{'loss': 4.8816, 'grad_norm': 1.5922470092773438, 'learning_rate': 0.00046511352914017354, 'epoch': 0.54}
{'loss': 5.0476, 'grad_norm': 1.4695959091186523, 'learning_rate': 0.00046492826693322713, 'epoch': 0.54}
{'loss': 4.8508, 'grad_norm': 1.4706603288650513, 'learning_rate': 0.00046474300956490176, 'epoch': 0.54}
{'loss': 5.0099, 'grad_norm': 1.3314356803894043, 'learning_rate': 0.00046455775706075614, 'epoch': 0.54}
{'loss': 4.981, 'grad_norm': 1.4875298738479614, 'learning_rate': 0.0004643725094463483, 'epoch': 0.54}
{'loss': 5.0087, 'grad_norm': 1.5611058473587036, 'learning_rate': 0.00046418726674723576, 'epoch': 0.54}
{'loss': 4.8709, 'grad_norm': 1.6012300252914429, 'learning_rate': 0.0004640020289889753, 'epoch': 0.54}
{'loss': 4.819, 'grad_norm': 1.467699646949768, 'learning_rate': 0.0004638167961971228, 'epoch': 0.54}
{'loss': 4.9301, 'grad_norm': 1.4807714223861694, 'learning_rate': 0.00046363156839723373, 'epoch': 0.54}
{'loss': 4.863, 'grad_norm': 1.6309396028518677, 'learning_rate': 0.00046344634561486307, 'epoch': 0.54}
{'loss': 4.8127, 'grad_norm': 1.570776104927063, 'learning_rate': 0.00046326112787556427, 'epoch': 0.54}
{'loss': 4.8333, 'grad_norm': 1.5435742139816284, 'learning_rate': 0.00046307591520489095, 'epoch': 0.54}
{'loss': 4.8895, 'grad_norm': 1.6959718465805054, 'learning_rate': 0.00046289070762839586, 'epoch': 0.54}
{'loss': 5.0149, 'grad_norm': 1.534819483757019, 'learning_rate': 0.00046270550517163043, 'epoch': 0.54}
{'loss': 4.998, 'grad_norm': 1.783588171005249, 'learning_rate': 0.00046252030786014613, 'epoch': 0.54}
{'loss': 4.6546, 'grad_norm': 1.5642486810684204, 'learning_rate': 0.0004623351157194937, 'epoch': 0.54}
{'loss': 4.7182, 'grad_norm': 1.484954595565796, 'learning_rate': 0.0004621499287752224, 'epoch': 0.54}
{'loss': 5.0338, 'grad_norm': 1.4624332189559937, 'learning_rate': 0.00046196474705288145, 'epoch': 0.54}
{'loss': 5.0381, 'grad_norm': 1.6331241130828857, 'learning_rate': 0.0004617795705780195, 'epoch': 0.54}
{'loss': 5.1408, 'grad_norm': 1.6393555402755737, 'learning_rate': 0.0004615943993761836, 'epoch': 0.54}
{'loss': 4.7833, 'grad_norm': 1.3936562538146973, 'learning_rate': 0.0004614092334729211, 'epoch': 0.54}
{'loss': 4.8258, 'grad_norm': 1.6053210496902466, 'learning_rate': 0.0004612240728937779, 'epoch': 0.54}
{'loss': 5.0939, 'grad_norm': 1.5010911226272583, 'learning_rate': 0.00046103891766429957, 'epoch': 0.54}
{'loss': 4.9447, 'grad_norm': 1.561372995376587, 'learning_rate': 0.0004608537678100306, 'epoch': 0.54}
{'loss': 4.6377, 'grad_norm': 1.6647478342056274, 'learning_rate': 0.00046066862335651497, 'epoch': 0.54}
{'loss': 4.9923, 'grad_norm': 1.5266791582107544, 'learning_rate': 0.00046048348432929615, 'epoch': 0.54}
{'loss': 4.8837, 'grad_norm': 1.4649226665496826, 'learning_rate': 0.00046029835075391614, 'epoch': 0.54}
{'loss': 4.9107, 'grad_norm': 1.569991111755371, 'learning_rate': 0.00046011322265591677, 'epoch': 0.54}
{'loss': 4.9732, 'grad_norm': 1.5967570543289185, 'learning_rate': 0.0004599281000608393, 'epoch': 0.54}
{'loss': 4.6372, 'grad_norm': 1.5402418375015259, 'learning_rate': 0.00045974298299422336, 'epoch': 0.54}
{'loss': 4.9359, 'grad_norm': 1.6001869440078735, 'learning_rate': 0.0004595578714816086, 'epoch': 0.54}
{'loss': 4.9581, 'grad_norm': 1.6863750219345093, 'learning_rate': 0.00045937276554853395, 'epoch': 0.54}
{'loss': 4.9308, 'grad_norm': 1.4272089004516602, 'learning_rate': 0.00045918766522053686, 'epoch': 0.54}
{'loss': 4.7507, 'grad_norm': 1.5485140085220337, 'learning_rate': 0.0004590025705231545, 'epoch': 0.54}
{'loss': 5.1351, 'grad_norm': 1.7017972469329834, 'learning_rate': 0.00045881748148192354, 'epoch': 0.54}
{'loss': 5.0371, 'grad_norm': 1.5227097272872925, 'learning_rate': 0.0004586323981223791, 'epoch': 0.54}
{'loss': 5.0788, 'grad_norm': 1.5756555795669556, 'learning_rate': 0.000458447320470056, 'epoch': 0.54}
{'loss': 4.8014, 'grad_norm': 1.4924513101577759, 'learning_rate': 0.0004582622485504884, 'epoch': 0.54}
{'loss': 4.899, 'grad_norm': 1.5552070140838623, 'learning_rate': 0.00045807718238920957, 'epoch': 0.54}
{'loss': 4.7451, 'grad_norm': 1.5144639015197754, 'learning_rate': 0.0004578921220117515, 'epoch': 0.54}
{'loss': 4.7675, 'grad_norm': 1.647992491722107, 'learning_rate': 0.00045770706744364617, 'epoch': 0.54}
{'loss': 4.7867, 'grad_norm': 1.4458383321762085, 'learning_rate': 0.00045752201871042413, 'epoch': 0.54}
{'loss': 4.8514, 'grad_norm': 1.74363112449646, 'learning_rate': 0.00045733697583761533, 'epoch': 0.54}
{'loss': 4.8108, 'grad_norm': 1.480606198310852, 'learning_rate': 0.0004571519388507492, 'epoch': 0.54}
{'loss': 5.1541, 'grad_norm': 1.5253503322601318, 'learning_rate': 0.00045696690777535386, 'epoch': 0.54}
{'loss': 5.0941, 'grad_norm': 1.5171606540679932, 'learning_rate': 0.00045678188263695703, 'epoch': 0.54}
{'loss': 4.8031, 'grad_norm': 1.6743956804275513, 'learning_rate': 0.00045659686346108516, 'epoch': 0.54}
{'loss': 4.8986, 'grad_norm': 1.6981337070465088, 'learning_rate': 0.0004564118502732646, 'epoch': 0.54}
{'loss': 5.1015, 'grad_norm': 1.536540150642395, 'learning_rate': 0.0004562268430990199, 'epoch': 0.54}
{'loss': 4.973, 'grad_norm': 1.5742892026901245, 'learning_rate': 0.00045604184196387554, 'epoch': 0.54}
{'loss': 5.1096, 'grad_norm': 1.508297324180603, 'learning_rate': 0.00045585684689335507, 'epoch': 0.54}
{'loss': 4.9979, 'grad_norm': 1.7135608196258545, 'learning_rate': 0.0004556718579129811, 'epoch': 0.54}
{'loss': 4.7526, 'grad_norm': 1.5958099365234375, 'learning_rate': 0.000455486875048275, 'epoch': 0.54}
{'loss': 4.7566, 'grad_norm': 1.7531062364578247, 'learning_rate': 0.0004553018983247579, 'epoch': 0.54}
{'loss': 5.1254, 'grad_norm': 1.4115736484527588, 'learning_rate': 0.0004551169277679502, 'epoch': 0.54}
{'loss': 4.9696, 'grad_norm': 1.6299976110458374, 'learning_rate': 0.0004549319634033703, 'epoch': 0.54}
{'loss': 4.6187, 'grad_norm': 1.583835482597351, 'learning_rate': 0.0004547470052565371, 'epoch': 0.54}
{'loss': 5.0876, 'grad_norm': 1.5042041540145874, 'learning_rate': 0.0004545620533529682, 'epoch': 0.54}
{'loss': 4.9375, 'grad_norm': 1.5741102695465088, 'learning_rate': 0.0004543771077181797, 'epoch': 0.54}
{'loss': 4.7795, 'grad_norm': 1.657400369644165, 'learning_rate': 0.0004541921683776877, 'epoch': 0.54}
{'loss': 4.767, 'grad_norm': 1.5185573101043701, 'learning_rate': 0.0004540072353570072, 'epoch': 0.54}
{'loss': 4.8184, 'grad_norm': 1.5452855825424194, 'learning_rate': 0.0004538223086816518, 'epoch': 0.54}
{'loss': 4.8816, 'grad_norm': 1.512352466583252, 'learning_rate': 0.00045363738837713504, 'epoch': 0.54}
{'loss': 5.0588, 'grad_norm': 1.5595918893814087, 'learning_rate': 0.0004534524744689689, 'epoch': 0.54}
{'loss': 4.7125, 'grad_norm': 1.4788565635681152, 'learning_rate': 0.000453267566982665, 'epoch': 0.54}
{'loss': 4.7608, 'grad_norm': 1.6283777952194214, 'learning_rate': 0.00045308266594373375, 'epoch': 0.54}
{'loss': 5.0598, 'grad_norm': 1.3838242292404175, 'learning_rate': 0.0004528977713776846, 'epoch': 0.55}
{'loss': 4.627, 'grad_norm': 1.6672147512435913, 'learning_rate': 0.0004527128833100267, 'epoch': 0.55}
{'loss': 4.8561, 'grad_norm': 1.5019704103469849, 'learning_rate': 0.00045252800176626726, 'epoch': 0.55}
{'loss': 5.2157, 'grad_norm': 1.5002597570419312, 'learning_rate': 0.00045234312677191346, 'epoch': 0.55}
{'loss': 4.9659, 'grad_norm': 1.6643325090408325, 'learning_rate': 0.0004521582583524716, 'epoch': 0.55}
{'loss': 4.667, 'grad_norm': 1.6425305604934692, 'learning_rate': 0.0004519733965334463, 'epoch': 0.55}
{'loss': 5.0009, 'grad_norm': 1.5429915189743042, 'learning_rate': 0.00045178854134034197, 'epoch': 0.55}
{'loss': 5.1932, 'grad_norm': 1.7069511413574219, 'learning_rate': 0.00045160369279866215, 'epoch': 0.55}
{'loss': 4.6563, 'grad_norm': 1.560620903968811, 'learning_rate': 0.0004514188509339087, 'epoch': 0.55}
{'loss': 4.8462, 'grad_norm': 1.431589961051941, 'learning_rate': 0.0004512340157715834, 'epoch': 0.55}
{'loss': 4.5702, 'grad_norm': 1.5537887811660767, 'learning_rate': 0.0004510491873371866, 'epoch': 0.55}
{'loss': 4.9836, 'grad_norm': 1.3647669553756714, 'learning_rate': 0.0004508643656562182, 'epoch': 0.55}
{'loss': 5.0076, 'grad_norm': 1.5790131092071533, 'learning_rate': 0.00045067955075417637, 'epoch': 0.55}
{'loss': 4.6997, 'grad_norm': 1.4180002212524414, 'learning_rate': 0.00045049474265655915, 'epoch': 0.55}
{'loss': 5.1839, 'grad_norm': 1.7820616960525513, 'learning_rate': 0.0004503099413888635, 'epoch': 0.55}
{'loss': 4.642, 'grad_norm': 1.4045299291610718, 'learning_rate': 0.00045012514697658477, 'epoch': 0.55}
{'loss': 5.1203, 'grad_norm': 1.5676087141036987, 'learning_rate': 0.0004499403594452182, 'epoch': 0.55}
{'loss': 4.5616, 'grad_norm': 1.5593377351760864, 'learning_rate': 0.0004497555788202576, 'epoch': 0.55}
{'loss': 4.7516, 'grad_norm': 1.5165082216262817, 'learning_rate': 0.000449570805127196, 'epoch': 0.55}
{'loss': 4.8743, 'grad_norm': 1.3772506713867188, 'learning_rate': 0.0004493860383915254, 'epoch': 0.55}
{'loss': 4.9765, 'grad_norm': 1.4793809652328491, 'learning_rate': 0.00044920127863873696, 'epoch': 0.55}
{'loss': 4.7976, 'grad_norm': 1.483014702796936, 'learning_rate': 0.0004490165258943207, 'epoch': 0.55}
{'loss': 4.8493, 'grad_norm': 1.6483638286590576, 'learning_rate': 0.0004488317801837658, 'epoch': 0.55}
{'loss': 4.911, 'grad_norm': 1.518526554107666, 'learning_rate': 0.0004486470415325604, 'epoch': 0.55}
{'loss': 4.904, 'grad_norm': 1.504434585571289, 'learning_rate': 0.00044846230996619204, 'epoch': 0.55}
{'loss': 4.6306, 'grad_norm': 1.5652235746383667, 'learning_rate': 0.0004482775855101463, 'epoch': 0.55}
{'loss': 4.875, 'grad_norm': 1.564749002456665, 'learning_rate': 0.00044809286818990883, 'epoch': 0.55}
{'loss': 4.8149, 'grad_norm': 1.495893120765686, 'learning_rate': 0.0004479081580309641, 'epoch': 0.55}
{'loss': 4.9883, 'grad_norm': 1.3261995315551758, 'learning_rate': 0.00044772345505879487, 'epoch': 0.55}
{'loss': 4.7448, 'grad_norm': 1.5668771266937256, 'learning_rate': 0.0004475387592988836, 'epoch': 0.55}
{'loss': 4.8624, 'grad_norm': 1.4935256242752075, 'learning_rate': 0.00044735407077671187, 'epoch': 0.55}
{'loss': 4.9452, 'grad_norm': 1.6488101482391357, 'learning_rate': 0.00044716938951775955, 'epoch': 0.55}
{'loss': 4.9705, 'grad_norm': 1.6856529712677002, 'learning_rate': 0.00044698471554750606, 'epoch': 0.55}
{'loss': 4.8365, 'grad_norm': 1.6022062301635742, 'learning_rate': 0.00044680004889142993, 'epoch': 0.55}
{'loss': 4.848, 'grad_norm': 1.4131441116333008, 'learning_rate': 0.0004466153895750081, 'epoch': 0.55}
{'loss': 4.9634, 'grad_norm': 1.7549312114715576, 'learning_rate': 0.0004464307376237168, 'epoch': 0.55}
{'loss': 4.962, 'grad_norm': 1.5008926391601562, 'learning_rate': 0.0004462460930630316, 'epoch': 0.55}
{'loss': 4.7734, 'grad_norm': 1.4737824201583862, 'learning_rate': 0.0004460614559184266, 'epoch': 0.55}
{'loss': 4.8644, 'grad_norm': 1.7844257354736328, 'learning_rate': 0.00044587682621537476, 'epoch': 0.55}
{'loss': 5.1095, 'grad_norm': 1.4713971614837646, 'learning_rate': 0.00044569220397934847, 'epoch': 0.55}
{'loss': 4.857, 'grad_norm': 1.7172166109085083, 'learning_rate': 0.000445507589235819, 'epoch': 0.55}
{'loss': 4.6096, 'grad_norm': 1.4977850914001465, 'learning_rate': 0.000445322982010256, 'epoch': 0.55}
{'loss': 5.1194, 'grad_norm': 1.5713608264923096, 'learning_rate': 0.0004451383823281288, 'epoch': 0.55}
{'loss': 4.8747, 'grad_norm': 1.8170454502105713, 'learning_rate': 0.0004449537902149057, 'epoch': 0.55}
{'loss': 4.8286, 'grad_norm': 1.3703579902648926, 'learning_rate': 0.00044476920569605326, 'epoch': 0.55}
{'loss': 4.9225, 'grad_norm': 1.8352299928665161, 'learning_rate': 0.00044458462879703753, 'epoch': 0.55}
{'loss': 4.9402, 'grad_norm': 1.5973000526428223, 'learning_rate': 0.00044440005954332374, 'epoch': 0.55}
{'loss': 4.6962, 'grad_norm': 1.6119098663330078, 'learning_rate': 0.0004442154979603751, 'epoch': 0.55}
{'loss': 5.4134, 'grad_norm': 1.818321943283081, 'learning_rate': 0.0004440309440736548, 'epoch': 0.55}
{'loss': 4.7, 'grad_norm': 1.6022999286651611, 'learning_rate': 0.0004438463979086247, 'epoch': 0.55}
{'loss': 4.7344, 'grad_norm': 1.374437689781189, 'learning_rate': 0.00044366185949074494, 'epoch': 0.55}
{'loss': 5.0655, 'grad_norm': 1.6763566732406616, 'learning_rate': 0.0004434773288454754, 'epoch': 0.55}
{'loss': 4.8643, 'grad_norm': 1.5603528022766113, 'learning_rate': 0.0004432928059982745, 'epoch': 0.55}
{'loss': 4.9661, 'grad_norm': 1.6075807809829712, 'learning_rate': 0.00044310829097459994, 'epoch': 0.55}
{'loss': 4.9433, 'grad_norm': 1.6930396556854248, 'learning_rate': 0.00044292378379990764, 'epoch': 0.55}
{'loss': 4.964, 'grad_norm': 1.6198878288269043, 'learning_rate': 0.0004427392844996532, 'epoch': 0.55}
{'loss': 4.7717, 'grad_norm': 1.6067782640457153, 'learning_rate': 0.0004425547930992907, 'epoch': 0.55}
{'loss': 5.0105, 'grad_norm': 1.8481569290161133, 'learning_rate': 0.00044237030962427314, 'epoch': 0.55}
{'loss': 4.7776, 'grad_norm': 1.658022165298462, 'learning_rate': 0.0004421858341000525, 'epoch': 0.55}
{'loss': 5.0051, 'grad_norm': 1.9170022010803223, 'learning_rate': 0.00044200136655207984, 'epoch': 0.55}
{'loss': 4.9299, 'grad_norm': 1.812962293624878, 'learning_rate': 0.0004418169070058049, 'epoch': 0.55}
{'loss': 4.9047, 'grad_norm': 1.8534187078475952, 'learning_rate': 0.0004416324554866762, 'epoch': 0.55}
{'loss': 4.778, 'grad_norm': 1.6694716215133667, 'learning_rate': 0.00044144801202014176, 'epoch': 0.55}
{'loss': 5.0454, 'grad_norm': 1.6194311380386353, 'learning_rate': 0.0004412635766316475, 'epoch': 0.55}
{'loss': 4.9702, 'grad_norm': 1.7241477966308594, 'learning_rate': 0.0004410791493466391, 'epoch': 0.55}
{'loss': 4.9177, 'grad_norm': 1.6403154134750366, 'learning_rate': 0.00044089473019056074, 'epoch': 0.55}
{'loss': 4.8519, 'grad_norm': 1.511115312576294, 'learning_rate': 0.00044071031918885577, 'epoch': 0.55}
{'loss': 4.9063, 'grad_norm': 1.5739065408706665, 'learning_rate': 0.0004405259163669658, 'epoch': 0.55}
{'loss': 4.8243, 'grad_norm': 1.663257122039795, 'learning_rate': 0.00044034152175033187, 'epoch': 0.55}
{'loss': 4.8719, 'grad_norm': 1.6454609632492065, 'learning_rate': 0.00044015713536439395, 'epoch': 0.55}
{'loss': 4.6844, 'grad_norm': 1.6256093978881836, 'learning_rate': 0.0004399727572345902, 'epoch': 0.55}
{'loss': 4.8749, 'grad_norm': 1.575350046157837, 'learning_rate': 0.0004397883873863582, 'epoch': 0.55}
{'loss': 4.8658, 'grad_norm': 1.6944736242294312, 'learning_rate': 0.0004396040258451347, 'epoch': 0.55}
{'loss': 4.6357, 'grad_norm': 1.3463141918182373, 'learning_rate': 0.0004394196726363543, 'epoch': 0.55}
{'loss': 5.1082, 'grad_norm': 1.6877539157867432, 'learning_rate': 0.0004392353277854513, 'epoch': 0.55}
{'loss': 4.8476, 'grad_norm': 1.5115418434143066, 'learning_rate': 0.0004390509913178587, 'epoch': 0.55}
{'loss': 4.6815, 'grad_norm': 1.6979093551635742, 'learning_rate': 0.0004388666632590079, 'epoch': 0.55}
{'loss': 5.0503, 'grad_norm': 1.7325491905212402, 'learning_rate': 0.0004386823436343296, 'epoch': 0.55}
{'loss': 4.9561, 'grad_norm': 1.5255866050720215, 'learning_rate': 0.0004384980324692532, 'epoch': 0.55}
{'loss': 4.7477, 'grad_norm': 1.698736310005188, 'learning_rate': 0.00043831372978920716, 'epoch': 0.55}
{'loss': 5.1782, 'grad_norm': 1.5133366584777832, 'learning_rate': 0.000438129435619618, 'epoch': 0.55}
{'loss': 4.8525, 'grad_norm': 1.5570447444915771, 'learning_rate': 0.0004379451499859119, 'epoch': 0.55}
{'loss': 5.0375, 'grad_norm': 1.6233232021331787, 'learning_rate': 0.0004377608729135138, 'epoch': 0.55}
{'loss': 4.7622, 'grad_norm': 1.4556429386138916, 'learning_rate': 0.00043757660442784676, 'epoch': 0.55}
{'loss': 5.0389, 'grad_norm': 1.6432914733886719, 'learning_rate': 0.0004373923445543333, 'epoch': 0.55}
{'loss': 4.7797, 'grad_norm': 1.5220186710357666, 'learning_rate': 0.00043720809331839486, 'epoch': 0.55}
{'loss': 4.9232, 'grad_norm': 1.4212892055511475, 'learning_rate': 0.00043702385074545085, 'epoch': 0.55}
{'loss': 4.7357, 'grad_norm': 1.3936591148376465, 'learning_rate': 0.0004368396168609203, 'epoch': 0.55}
{'loss': 4.6156, 'grad_norm': 1.5520737171173096, 'learning_rate': 0.0004366553916902211, 'epoch': 0.56}
{'loss': 4.8634, 'grad_norm': 1.482909083366394, 'learning_rate': 0.00043647117525876905, 'epoch': 0.56}
{'loss': 4.7259, 'grad_norm': 1.532064437866211, 'learning_rate': 0.00043628696759197955, 'epoch': 0.56}
{'loss': 5.0921, 'grad_norm': 1.4304579496383667, 'learning_rate': 0.0004361027687152666, 'epoch': 0.56}
{'loss': 4.9552, 'grad_norm': 1.4734852313995361, 'learning_rate': 0.00043591857865404296, 'epoch': 0.56}
{'loss': 4.9674, 'grad_norm': 1.5670939683914185, 'learning_rate': 0.0004357343974337199, 'epoch': 0.56}
{'loss': 5.0132, 'grad_norm': 1.5005711317062378, 'learning_rate': 0.00043555022507970806, 'epoch': 0.56}
{'loss': 4.9698, 'grad_norm': 1.543816089630127, 'learning_rate': 0.00043536606161741627, 'epoch': 0.56}
{'loss': 4.8601, 'grad_norm': 1.4610801935195923, 'learning_rate': 0.0004351819070722523, 'epoch': 0.56}
{'loss': 4.765, 'grad_norm': 1.6875661611557007, 'learning_rate': 0.00043499776146962304, 'epoch': 0.56}
{'loss': 4.6896, 'grad_norm': 1.543973684310913, 'learning_rate': 0.0004348136248349338, 'epoch': 0.56}
{'loss': 4.8607, 'grad_norm': 1.4124181270599365, 'learning_rate': 0.00043462949719358856, 'epoch': 0.56}
{'loss': 5.2793, 'grad_norm': 1.6171048879623413, 'learning_rate': 0.00043444537857099025, 'epoch': 0.56}
{'loss': 4.8207, 'grad_norm': 1.5834999084472656, 'learning_rate': 0.00043426126899254083, 'epoch': 0.56}
{'loss': 4.8722, 'grad_norm': 1.6648062467575073, 'learning_rate': 0.0004340771684836403, 'epoch': 0.56}
{'loss': 4.9138, 'grad_norm': 1.6271735429763794, 'learning_rate': 0.00043389307706968795, 'epoch': 0.56}
{'loss': 4.6931, 'grad_norm': 1.7155550718307495, 'learning_rate': 0.00043370899477608176, 'epoch': 0.56}
{'loss': 4.6354, 'grad_norm': 1.508866310119629, 'learning_rate': 0.0004335249216282186, 'epoch': 0.56}
{'loss': 5.1056, 'grad_norm': 1.5817803144454956, 'learning_rate': 0.0004333408576514934, 'epoch': 0.56}
{'loss': 4.8991, 'grad_norm': 1.4876962900161743, 'learning_rate': 0.00043315680287130045, 'epoch': 0.56}
{'loss': 5.1506, 'grad_norm': 1.5839108228683472, 'learning_rate': 0.0004329727573130329, 'epoch': 0.56}
{'loss': 4.9467, 'grad_norm': 1.4998928308486938, 'learning_rate': 0.0004327887210020819, 'epoch': 0.56}
{'loss': 4.7304, 'grad_norm': 1.4525891542434692, 'learning_rate': 0.0004326046939638379, 'epoch': 0.56}
{'loss': 4.7757, 'grad_norm': 1.3978427648544312, 'learning_rate': 0.00043242067622369015, 'epoch': 0.56}
{'loss': 5.0562, 'grad_norm': 1.5698667764663696, 'learning_rate': 0.000432236667807026, 'epoch': 0.56}
{'loss': 4.8823, 'grad_norm': 1.436285138130188, 'learning_rate': 0.0004320526687392321, 'epoch': 0.56}
{'loss': 4.8792, 'grad_norm': 1.5584568977355957, 'learning_rate': 0.0004318686790456938, 'epoch': 0.56}
{'loss': 4.829, 'grad_norm': 1.5423831939697266, 'learning_rate': 0.00043168469875179465, 'epoch': 0.56}
{'loss': 4.8284, 'grad_norm': 1.4881744384765625, 'learning_rate': 0.0004315007278829175, 'epoch': 0.56}
{'loss': 4.7201, 'grad_norm': 1.2851927280426025, 'learning_rate': 0.0004313167664644433, 'epoch': 0.56}
{'loss': 5.1012, 'grad_norm': 1.5255763530731201, 'learning_rate': 0.0004311328145217523, 'epoch': 0.56}
{'loss': 5.0313, 'grad_norm': 1.5067442655563354, 'learning_rate': 0.0004309488720802232, 'epoch': 0.56}
{'loss': 5.0001, 'grad_norm': 1.5028218030929565, 'learning_rate': 0.0004307649391652331, 'epoch': 0.56}
{'loss': 4.9841, 'grad_norm': 1.8954989910125732, 'learning_rate': 0.00043058101580215833, 'epoch': 0.56}
{'loss': 4.9246, 'grad_norm': 1.4500633478164673, 'learning_rate': 0.0004303971020163732, 'epoch': 0.56}
{'loss': 4.7633, 'grad_norm': 1.6715402603149414, 'learning_rate': 0.0004302131978332514, 'epoch': 0.56}
{'loss': 5.1394, 'grad_norm': 1.6671091318130493, 'learning_rate': 0.00043002930327816523, 'epoch': 0.56}
{'loss': 4.9188, 'grad_norm': 1.3084471225738525, 'learning_rate': 0.0004298454183764849, 'epoch': 0.56}
{'loss': 4.9141, 'grad_norm': 1.3925414085388184, 'learning_rate': 0.0004296615431535802, 'epoch': 0.56}
{'loss': 5.0672, 'grad_norm': 1.5786535739898682, 'learning_rate': 0.0004294776776348192, 'epoch': 0.56}
{'loss': 4.8125, 'grad_norm': 1.55986750125885, 'learning_rate': 0.0004292938218455684, 'epoch': 0.56}
{'loss': 4.8668, 'grad_norm': 1.773163914680481, 'learning_rate': 0.0004291099758111933, 'epoch': 0.56}
{'loss': 4.7486, 'grad_norm': 1.6928887367248535, 'learning_rate': 0.00042892613955705807, 'epoch': 0.56}
{'loss': 5.1028, 'grad_norm': 1.6738557815551758, 'learning_rate': 0.0004287423131085255, 'epoch': 0.56}
{'loss': 5.0262, 'grad_norm': 2.036102294921875, 'learning_rate': 0.0004285584964909566, 'epoch': 0.56}
{'loss': 4.7296, 'grad_norm': 1.6146422624588013, 'learning_rate': 0.00042837468972971147, 'epoch': 0.56}
{'loss': 5.1053, 'grad_norm': 1.662459373474121, 'learning_rate': 0.0004281908928501492, 'epoch': 0.56}
{'loss': 4.7849, 'grad_norm': 1.8684465885162354, 'learning_rate': 0.0004280071058776264, 'epoch': 0.56}
{'loss': 5.0247, 'grad_norm': 1.455101490020752, 'learning_rate': 0.0004278233288374993, 'epoch': 0.56}
{'loss': 5.1715, 'grad_norm': 1.949647307395935, 'learning_rate': 0.0004276395617551224, 'epoch': 0.56}
{'loss': 4.6733, 'grad_norm': 1.7433470487594604, 'learning_rate': 0.0004274558046558489, 'epoch': 0.56}
{'loss': 4.8985, 'grad_norm': 1.6892356872558594, 'learning_rate': 0.0004272720575650304, 'epoch': 0.56}
{'loss': 5.0075, 'grad_norm': 1.8343278169631958, 'learning_rate': 0.00042708832050801753, 'epoch': 0.56}
{'loss': 4.8241, 'grad_norm': 1.5606437921524048, 'learning_rate': 0.00042690459351015924, 'epoch': 0.56}
{'loss': 4.8022, 'grad_norm': 1.740459680557251, 'learning_rate': 0.000426720876596803, 'epoch': 0.56}
{'loss': 5.0538, 'grad_norm': 1.7964577674865723, 'learning_rate': 0.0004265371697932954, 'epoch': 0.56}
{'loss': 4.7472, 'grad_norm': 1.5480300188064575, 'learning_rate': 0.0004263534731249809, 'epoch': 0.56}
{'loss': 4.8659, 'grad_norm': 1.6248278617858887, 'learning_rate': 0.0004261697866172031, 'epoch': 0.56}
{'loss': 4.9988, 'grad_norm': 1.9032870531082153, 'learning_rate': 0.00042598611029530403, 'epoch': 0.56}
{'loss': 5.0942, 'grad_norm': 1.873232126235962, 'learning_rate': 0.00042580244418462455, 'epoch': 0.56}
{'loss': 4.7035, 'grad_norm': 1.558048963546753, 'learning_rate': 0.0004256187883105035, 'epoch': 0.56}
{'loss': 4.7731, 'grad_norm': 1.6100072860717773, 'learning_rate': 0.0004254351426982789, 'epoch': 0.56}
{'loss': 4.874, 'grad_norm': 1.8963385820388794, 'learning_rate': 0.0004252515073732874, 'epoch': 0.56}
{'loss': 4.9523, 'grad_norm': 1.5511200428009033, 'learning_rate': 0.00042506788236086347, 'epoch': 0.56}
{'loss': 4.8677, 'grad_norm': 1.594067096710205, 'learning_rate': 0.0004248842676863409, 'epoch': 0.56}
{'loss': 4.7742, 'grad_norm': 1.5512276887893677, 'learning_rate': 0.00042470066337505207, 'epoch': 0.56}
{'loss': 4.8497, 'grad_norm': 1.9381725788116455, 'learning_rate': 0.00042451706945232726, 'epoch': 0.56}
{'loss': 4.9497, 'grad_norm': 1.327610731124878, 'learning_rate': 0.000424333485943496, 'epoch': 0.56}
{'loss': 4.6311, 'grad_norm': 2.0642364025115967, 'learning_rate': 0.00042414991287388615, 'epoch': 0.56}
{'loss': 5.0259, 'grad_norm': 1.7414315938949585, 'learning_rate': 0.0004239663502688239, 'epoch': 0.56}
{'loss': 5.1457, 'grad_norm': 1.4623109102249146, 'learning_rate': 0.00042378279815363443, 'epoch': 0.56}
{'loss': 4.7031, 'grad_norm': 1.686355710029602, 'learning_rate': 0.000423599256553641, 'epoch': 0.56}
{'loss': 4.8315, 'grad_norm': 1.7713912725448608, 'learning_rate': 0.000423415725494166, 'epoch': 0.56}
{'loss': 5.0198, 'grad_norm': 1.559238076210022, 'learning_rate': 0.00042323220500052963, 'epoch': 0.56}
{'loss': 4.8073, 'grad_norm': 1.7842044830322266, 'learning_rate': 0.0004230486950980512, 'epoch': 0.56}
{'loss': 4.6201, 'grad_norm': 1.6250801086425781, 'learning_rate': 0.0004228651958120486, 'epoch': 0.56}
{'loss': 4.9424, 'grad_norm': 1.5417548418045044, 'learning_rate': 0.0004226817071678377, 'epoch': 0.56}
{'loss': 5.1021, 'grad_norm': 1.6390042304992676, 'learning_rate': 0.00042249822919073333, 'epoch': 0.56}
{'loss': 4.8394, 'grad_norm': 1.6167198419570923, 'learning_rate': 0.0004223147619060491, 'epoch': 0.56}
{'loss': 4.6583, 'grad_norm': 1.5340261459350586, 'learning_rate': 0.0004221313053390963, 'epoch': 0.56}
{'loss': 4.9068, 'grad_norm': 1.760393738746643, 'learning_rate': 0.0004219478595151855, 'epoch': 0.56}
{'loss': 4.75, 'grad_norm': 1.5820972919464111, 'learning_rate': 0.00042176442445962574, 'epoch': 0.56}
{'loss': 4.6866, 'grad_norm': 1.397853136062622, 'learning_rate': 0.00042158100019772397, 'epoch': 0.56}
{'loss': 5.1416, 'grad_norm': 1.5906990766525269, 'learning_rate': 0.00042139758675478626, 'epoch': 0.56}
{'loss': 4.8534, 'grad_norm': 1.5484756231307983, 'learning_rate': 0.0004212141841561169, 'epoch': 0.56}
{'loss': 4.6865, 'grad_norm': 1.5644046068191528, 'learning_rate': 0.00042103079242701916, 'epoch': 0.56}
{'loss': 4.5335, 'grad_norm': 1.8934152126312256, 'learning_rate': 0.0004208474115927938, 'epoch': 0.56}
{'loss': 4.9327, 'grad_norm': 1.5373679399490356, 'learning_rate': 0.00042066404167874103, 'epoch': 0.57}
{'loss': 4.9674, 'grad_norm': 1.7273730039596558, 'learning_rate': 0.0004204806827101592, 'epoch': 0.57}
{'loss': 4.8823, 'grad_norm': 1.5523459911346436, 'learning_rate': 0.0004202973347123452, 'epoch': 0.57}
{'loss': 4.9493, 'grad_norm': 1.4333243370056152, 'learning_rate': 0.0004201139977105941, 'epoch': 0.57}
{'loss': 4.9926, 'grad_norm': 1.650497555732727, 'learning_rate': 0.0004199306717302001, 'epoch': 0.57}
{'loss': 4.8476, 'grad_norm': 1.4296646118164062, 'learning_rate': 0.00041974735679645533, 'epoch': 0.57}
{'loss': 4.7846, 'grad_norm': 1.5683327913284302, 'learning_rate': 0.0004195640529346504, 'epoch': 0.57}
{'loss': 4.7235, 'grad_norm': 1.4069092273712158, 'learning_rate': 0.00041938076017007496, 'epoch': 0.57}
{'loss': 4.9869, 'grad_norm': 1.4495779275894165, 'learning_rate': 0.00041919747852801637, 'epoch': 0.57}
{'loss': 4.8097, 'grad_norm': 1.6285831928253174, 'learning_rate': 0.0004190142080337609, 'epoch': 0.57}
{'loss': 4.8397, 'grad_norm': 1.5156925916671753, 'learning_rate': 0.0004188309487125932, 'epoch': 0.57}
{'loss': 4.7696, 'grad_norm': 1.4245752096176147, 'learning_rate': 0.00041864770058979675, 'epoch': 0.57}
{'loss': 5.1118, 'grad_norm': 1.5493247509002686, 'learning_rate': 0.0004184644636906525, 'epoch': 0.57}
{'loss': 4.992, 'grad_norm': 1.693131446838379, 'learning_rate': 0.0004182812380404407, 'epoch': 0.57}
{'loss': 4.8589, 'grad_norm': 1.641108751296997, 'learning_rate': 0.0004180980236644402, 'epoch': 0.57}
{'loss': 5.0511, 'grad_norm': 1.6788972616195679, 'learning_rate': 0.0004179148205879273, 'epoch': 0.57}
{'loss': 4.8672, 'grad_norm': 1.5728819370269775, 'learning_rate': 0.00041773162883617764, 'epoch': 0.57}
{'loss': 4.8038, 'grad_norm': 1.662315011024475, 'learning_rate': 0.0004175484484344652, 'epoch': 0.57}
{'loss': 4.7742, 'grad_norm': 1.445291519165039, 'learning_rate': 0.00041736527940806174, 'epoch': 0.57}
{'loss': 4.6267, 'grad_norm': 1.6349016427993774, 'learning_rate': 0.0004171821217822382, 'epoch': 0.57}
{'loss': 4.9129, 'grad_norm': 1.7529592514038086, 'learning_rate': 0.0004169989755822638, 'epoch': 0.57}
{'loss': 5.0053, 'grad_norm': 1.491895318031311, 'learning_rate': 0.00041681584083340563, 'epoch': 0.57}
{'loss': 5.1547, 'grad_norm': 1.6911811828613281, 'learning_rate': 0.00041663271756092995, 'epoch': 0.57}
{'loss': 4.9158, 'grad_norm': 1.5769538879394531, 'learning_rate': 0.0004164496057901009, 'epoch': 0.57}
{'loss': 4.7728, 'grad_norm': 1.56174898147583, 'learning_rate': 0.0004162665055461815, 'epoch': 0.57}
{'loss': 5.0106, 'grad_norm': 1.5027223825454712, 'learning_rate': 0.00041608341685443257, 'epoch': 0.57}
{'loss': 4.9222, 'grad_norm': 1.6458468437194824, 'learning_rate': 0.0004159003397401138, 'epoch': 0.57}
{'loss': 4.739, 'grad_norm': 1.5027079582214355, 'learning_rate': 0.00041571727422848336, 'epoch': 0.57}
{'loss': 5.1707, 'grad_norm': 1.6048989295959473, 'learning_rate': 0.00041553422034479727, 'epoch': 0.57}
{'loss': 4.8758, 'grad_norm': 1.4376611709594727, 'learning_rate': 0.0004153511781143105, 'epoch': 0.57}
{'loss': 4.6635, 'grad_norm': 1.583629846572876, 'learning_rate': 0.0004151681475622764, 'epoch': 0.57}
{'loss': 4.836, 'grad_norm': 1.5562316179275513, 'learning_rate': 0.000414985128713946, 'epoch': 0.57}
{'loss': 4.9314, 'grad_norm': 1.430369257926941, 'learning_rate': 0.00041480212159456957, 'epoch': 0.57}
{'loss': 4.677, 'grad_norm': 1.5351793766021729, 'learning_rate': 0.00041461912622939567, 'epoch': 0.57}
{'loss': 4.9831, 'grad_norm': 1.5576021671295166, 'learning_rate': 0.00041443614264367044, 'epoch': 0.57}
{'loss': 4.7043, 'grad_norm': 1.5653678178787231, 'learning_rate': 0.0004142531708626392, 'epoch': 0.57}
{'loss': 4.9124, 'grad_norm': 1.341809630393982, 'learning_rate': 0.0004140702109115454, 'epoch': 0.57}
{'loss': 4.8234, 'grad_norm': 1.611406922340393, 'learning_rate': 0.00041388726281563106, 'epoch': 0.57}
{'loss': 4.9683, 'grad_norm': 1.674502968788147, 'learning_rate': 0.0004137043266001359, 'epoch': 0.57}
{'loss': 5.0207, 'grad_norm': 1.4462261199951172, 'learning_rate': 0.00041352140229029876, 'epoch': 0.57}
{'loss': 4.7803, 'grad_norm': 1.4505623579025269, 'learning_rate': 0.0004133384899113565, 'epoch': 0.57}
{'loss': 5.0189, 'grad_norm': 1.7271091938018799, 'learning_rate': 0.00041315558948854425, 'epoch': 0.57}
{'loss': 4.9987, 'grad_norm': 1.8263672590255737, 'learning_rate': 0.0004129727010470957, 'epoch': 0.57}
{'loss': 4.8322, 'grad_norm': 1.5621715784072876, 'learning_rate': 0.0004127898246122428, 'epoch': 0.57}
{'loss': 4.8195, 'grad_norm': 1.6310595273971558, 'learning_rate': 0.00041260696020921573, 'epoch': 0.57}
{'loss': 4.9172, 'grad_norm': 1.4012056589126587, 'learning_rate': 0.0004124241078632431, 'epoch': 0.57}
{'loss': 4.7366, 'grad_norm': 1.4941325187683105, 'learning_rate': 0.00041224126759955215, 'epoch': 0.57}
{'loss': 5.0214, 'grad_norm': 1.6256664991378784, 'learning_rate': 0.0004120584394433678, 'epoch': 0.57}
{'loss': 4.7926, 'grad_norm': 1.5287950038909912, 'learning_rate': 0.0004118756234199138, 'epoch': 0.57}
{'loss': 4.9569, 'grad_norm': 1.6049000024795532, 'learning_rate': 0.00041169281955441236, 'epoch': 0.57}
{'loss': 4.9623, 'grad_norm': 1.4259921312332153, 'learning_rate': 0.0004115100278720833, 'epoch': 0.57}
{'loss': 4.8304, 'grad_norm': 1.536948323249817, 'learning_rate': 0.0004113272483981454, 'epoch': 0.57}
{'loss': 4.7672, 'grad_norm': 1.774401307106018, 'learning_rate': 0.0004111444811578157, 'epoch': 0.57}
{'loss': 4.7456, 'grad_norm': 1.7074296474456787, 'learning_rate': 0.00041096172617630946, 'epoch': 0.57}
{'loss': 4.9842, 'grad_norm': 1.6958194971084595, 'learning_rate': 0.00041077898347883986, 'epoch': 0.57}
{'loss': 5.0015, 'grad_norm': 1.5573153495788574, 'learning_rate': 0.000410596253090619, 'epoch': 0.57}
{'loss': 4.765, 'grad_norm': 1.4962477684020996, 'learning_rate': 0.0004104135350368571, 'epoch': 0.57}
{'loss': 4.9527, 'grad_norm': 1.498970627784729, 'learning_rate': 0.00041023082934276225, 'epoch': 0.57}
{'loss': 5.0866, 'grad_norm': 1.6571136713027954, 'learning_rate': 0.0004100481360335414, 'epoch': 0.57}
{'loss': 4.976, 'grad_norm': 1.5276529788970947, 'learning_rate': 0.0004098654551343997, 'epoch': 0.57}
{'loss': 5.2737, 'grad_norm': 1.7455830574035645, 'learning_rate': 0.00040968278667054015, 'epoch': 0.57}
{'loss': 4.6567, 'grad_norm': 1.75564444065094, 'learning_rate': 0.00040950013066716457, 'epoch': 0.57}
{'loss': 4.8463, 'grad_norm': 1.621140956878662, 'learning_rate': 0.00040931748714947275, 'epoch': 0.57}
{'loss': 4.9408, 'grad_norm': 1.5427793264389038, 'learning_rate': 0.00040913485614266275, 'epoch': 0.57}
{'loss': 4.8561, 'grad_norm': 1.4048075675964355, 'learning_rate': 0.00040895223767193126, 'epoch': 0.57}
{'loss': 4.7276, 'grad_norm': 1.717132329940796, 'learning_rate': 0.00040876963176247254, 'epoch': 0.57}
{'loss': 5.0468, 'grad_norm': 1.543167233467102, 'learning_rate': 0.00040858703843948014, 'epoch': 0.57}
{'loss': 4.7275, 'grad_norm': 1.4239914417266846, 'learning_rate': 0.00040840445772814474, 'epoch': 0.57}
{'loss': 4.7812, 'grad_norm': 1.5600844621658325, 'learning_rate': 0.00040822188965365593, 'epoch': 0.57}
{'loss': 4.7943, 'grad_norm': 1.2853349447250366, 'learning_rate': 0.0004080393342412019, 'epoch': 0.57}
{'loss': 4.7795, 'grad_norm': 1.4677197933197021, 'learning_rate': 0.000407856791515968, 'epoch': 0.57}
{'loss': 4.76, 'grad_norm': 1.37423837184906, 'learning_rate': 0.0004076742615031388, 'epoch': 0.57}
{'loss': 4.8459, 'grad_norm': 1.6634098291397095, 'learning_rate': 0.000407491744227897, 'epoch': 0.57}
{'loss': 5.0869, 'grad_norm': 1.6748939752578735, 'learning_rate': 0.0004073092397154228, 'epoch': 0.57}
{'loss': 4.7007, 'grad_norm': 1.6107707023620605, 'learning_rate': 0.00040712674799089557, 'epoch': 0.57}
{'loss': 4.7737, 'grad_norm': 1.4730918407440186, 'learning_rate': 0.0004069442690794926, 'epoch': 0.57}
{'loss': 4.7, 'grad_norm': 1.5689020156860352, 'learning_rate': 0.0004067618030063889, 'epoch': 0.57}
{'loss': 4.9903, 'grad_norm': 1.5005449056625366, 'learning_rate': 0.0004065793497967584, 'epoch': 0.57}
{'loss': 4.7913, 'grad_norm': 1.5509376525878906, 'learning_rate': 0.000406396909475773, 'epoch': 0.57}
{'loss': 4.6959, 'grad_norm': 1.4469153881072998, 'learning_rate': 0.000406214482068603, 'epoch': 0.57}
{'loss': 4.9739, 'grad_norm': 1.6963614225387573, 'learning_rate': 0.00040603206760041633, 'epoch': 0.57}
{'loss': 4.8248, 'grad_norm': 1.592746615409851, 'learning_rate': 0.0004058496660963798, 'epoch': 0.57}
{'loss': 5.0242, 'grad_norm': 1.578914761543274, 'learning_rate': 0.0004056672775816581, 'epoch': 0.57}
{'loss': 5.0213, 'grad_norm': 1.6406038999557495, 'learning_rate': 0.00040548490208141424, 'epoch': 0.57}
{'loss': 4.958, 'grad_norm': 1.597371220588684, 'learning_rate': 0.0004053025396208092, 'epoch': 0.57}
{'loss': 4.8741, 'grad_norm': 1.4665664434432983, 'learning_rate': 0.00040512019022500266, 'epoch': 0.57}
{'loss': 4.6651, 'grad_norm': 1.5052069425582886, 'learning_rate': 0.00040493785391915204, 'epoch': 0.57}
{'loss': 4.9699, 'grad_norm': 1.4562432765960693, 'learning_rate': 0.00040475553072841296, 'epoch': 0.58}
{'loss': 4.9251, 'grad_norm': 1.5412805080413818, 'learning_rate': 0.00040457322067793977, 'epoch': 0.58}
{'loss': 4.9813, 'grad_norm': 1.5226706266403198, 'learning_rate': 0.00040439092379288417, 'epoch': 0.58}
{'loss': 5.0403, 'grad_norm': 1.4719901084899902, 'learning_rate': 0.0004042086400983966, 'epoch': 0.58}
{'loss': 4.8388, 'grad_norm': 1.294443130493164, 'learning_rate': 0.00040402636961962574, 'epoch': 0.58}
{'loss': 4.7766, 'grad_norm': 1.3492138385772705, 'learning_rate': 0.00040384411238171834, 'epoch': 0.58}
{'loss': 4.7422, 'grad_norm': 1.520918369293213, 'learning_rate': 0.00040366186840981886, 'epoch': 0.58}
{'loss': 4.7379, 'grad_norm': 1.5933109521865845, 'learning_rate': 0.0004034796377290706, 'epoch': 0.58}
{'loss': 5.0136, 'grad_norm': 1.4445723295211792, 'learning_rate': 0.0004032974203646149, 'epoch': 0.58}
{'loss': 4.73, 'grad_norm': 1.373186707496643, 'learning_rate': 0.00040311521634159075, 'epoch': 0.58}
{'loss': 4.9273, 'grad_norm': 1.650412678718567, 'learning_rate': 0.0004029330256851359, 'epoch': 0.58}
{'loss': 4.721, 'grad_norm': 1.4145773649215698, 'learning_rate': 0.00040275084842038614, 'epoch': 0.58}
{'loss': 4.8069, 'grad_norm': 1.4157330989837646, 'learning_rate': 0.00040256868457247484, 'epoch': 0.58}
{'loss': 5.0173, 'grad_norm': 1.6550273895263672, 'learning_rate': 0.0004023865341665343, 'epoch': 0.58}
{'loss': 4.9264, 'grad_norm': 1.6179156303405762, 'learning_rate': 0.00040220439722769483, 'epoch': 0.58}
{'loss': 4.8917, 'grad_norm': 1.596474528312683, 'learning_rate': 0.00040202227378108416, 'epoch': 0.58}
{'loss': 4.908, 'grad_norm': 1.5875885486602783, 'learning_rate': 0.0004018401638518291, 'epoch': 0.58}
{'loss': 4.8434, 'grad_norm': 1.3179287910461426, 'learning_rate': 0.000401658067465054, 'epoch': 0.58}
{'loss': 4.7923, 'grad_norm': 1.5380134582519531, 'learning_rate': 0.0004014759846458818, 'epoch': 0.58}
{'loss': 4.8326, 'grad_norm': 1.607151746749878, 'learning_rate': 0.00040129391541943285, 'epoch': 0.58}
{'loss': 4.6389, 'grad_norm': 1.4334341287612915, 'learning_rate': 0.0004011118598108263, 'epoch': 0.58}
{'loss': 4.9623, 'grad_norm': 1.8435883522033691, 'learning_rate': 0.0004009298178451794, 'epoch': 0.58}
{'loss': 5.1, 'grad_norm': 1.5618605613708496, 'learning_rate': 0.0004007477895476069, 'epoch': 0.58}
{'loss': 4.7898, 'grad_norm': 1.813439130783081, 'learning_rate': 0.0004005657749432222, 'epoch': 0.58}
{'loss': 4.8246, 'grad_norm': 1.5623997449874878, 'learning_rate': 0.000400383774057137, 'epoch': 0.58}
{'loss': 5.0302, 'grad_norm': 1.4116045236587524, 'learning_rate': 0.0004002017869144603, 'epoch': 0.58}
{'loss': 5.1292, 'grad_norm': 1.702487587928772, 'learning_rate': 0.0004000198135403, 'epoch': 0.58}
{'loss': 4.9566, 'grad_norm': 1.4885956048965454, 'learning_rate': 0.00039983785395976185, 'epoch': 0.58}
{'loss': 4.6223, 'grad_norm': 1.473077416419983, 'learning_rate': 0.00039965590819794936, 'epoch': 0.58}
{'loss': 5.2319, 'grad_norm': 1.6406537294387817, 'learning_rate': 0.0003994739762799645, 'epoch': 0.58}
{'loss': 4.8451, 'grad_norm': 1.519206166267395, 'learning_rate': 0.0003992920582309074, 'epoch': 0.58}
{'loss': 4.9281, 'grad_norm': 1.507705569267273, 'learning_rate': 0.0003991101540758762, 'epoch': 0.58}
{'loss': 5.0084, 'grad_norm': 1.5632413625717163, 'learning_rate': 0.00039892826383996664, 'epoch': 0.58}
{'loss': 4.9176, 'grad_norm': 1.386777639389038, 'learning_rate': 0.0003987463875482733, 'epoch': 0.58}
{'loss': 4.9626, 'grad_norm': 1.6803374290466309, 'learning_rate': 0.00039856452522588835, 'epoch': 0.58}
{'loss': 4.6652, 'grad_norm': 1.6807944774627686, 'learning_rate': 0.0003983826768979022, 'epoch': 0.58}
{'loss': 4.4989, 'grad_norm': 1.925189733505249, 'learning_rate': 0.0003982008425894032, 'epoch': 0.58}
{'loss': 4.8391, 'grad_norm': 1.3428306579589844, 'learning_rate': 0.000398019022325478, 'epoch': 0.58}
{'loss': 4.8879, 'grad_norm': 2.013758897781372, 'learning_rate': 0.000397837216131211, 'epoch': 0.58}
{'loss': 4.8112, 'grad_norm': 1.4077386856079102, 'learning_rate': 0.000397655424031685, 'epoch': 0.58}
{'loss': 4.9615, 'grad_norm': 1.4264562129974365, 'learning_rate': 0.00039747364605198065, 'epoch': 0.58}
{'loss': 4.6042, 'grad_norm': 1.5571751594543457, 'learning_rate': 0.0003972918822171765, 'epoch': 0.58}
{'loss': 4.7861, 'grad_norm': 1.7677092552185059, 'learning_rate': 0.00039711013255234947, 'epoch': 0.58}
{'loss': 4.7797, 'grad_norm': 1.5912829637527466, 'learning_rate': 0.0003969283970825744, 'epoch': 0.58}
{'loss': 5.0279, 'grad_norm': 1.5662059783935547, 'learning_rate': 0.00039674667583292436, 'epoch': 0.58}
{'loss': 4.9026, 'grad_norm': 1.4641965627670288, 'learning_rate': 0.00039656496882846984, 'epoch': 0.58}
{'loss': 4.9754, 'grad_norm': 1.4209890365600586, 'learning_rate': 0.00039638327609428, 'epoch': 0.58}
{'loss': 4.7616, 'grad_norm': 1.4571186304092407, 'learning_rate': 0.00039620159765542206, 'epoch': 0.58}
{'loss': 4.9387, 'grad_norm': 1.6434800624847412, 'learning_rate': 0.0003960199335369606, 'epoch': 0.58}
{'loss': 5.0925, 'grad_norm': 1.4474846124649048, 'learning_rate': 0.00039583828376395876, 'epoch': 0.58}
{'loss': 4.9691, 'grad_norm': 1.4751657247543335, 'learning_rate': 0.00039565664836147793, 'epoch': 0.58}
{'loss': 4.5861, 'grad_norm': 1.4805775880813599, 'learning_rate': 0.0003954750273545766, 'epoch': 0.58}
{'loss': 4.7893, 'grad_norm': 1.4199084043502808, 'learning_rate': 0.00039529342076831224, 'epoch': 0.58}
{'loss': 4.8852, 'grad_norm': 1.3818628787994385, 'learning_rate': 0.00039511182862774006, 'epoch': 0.58}
{'loss': 4.5945, 'grad_norm': 1.3974450826644897, 'learning_rate': 0.00039493025095791275, 'epoch': 0.58}
{'loss': 4.9155, 'grad_norm': 1.7151755094528198, 'learning_rate': 0.00039474868778388166, 'epoch': 0.58}
{'loss': 4.7282, 'grad_norm': 1.4294785261154175, 'learning_rate': 0.00039456713913069586, 'epoch': 0.58}
{'loss': 4.8287, 'grad_norm': 1.5849570035934448, 'learning_rate': 0.0003943856050234025, 'epoch': 0.58}
{'loss': 5.0219, 'grad_norm': 1.6051377058029175, 'learning_rate': 0.0003942040854870465, 'epoch': 0.58}
{'loss': 4.9246, 'grad_norm': 1.5335499048233032, 'learning_rate': 0.0003940225805466709, 'epoch': 0.58}
{'loss': 4.7768, 'grad_norm': 1.6764347553253174, 'learning_rate': 0.00039384109022731723, 'epoch': 0.58}
{'loss': 4.769, 'grad_norm': 1.5810195207595825, 'learning_rate': 0.00039365961455402397, 'epoch': 0.58}
{'loss': 4.9589, 'grad_norm': 1.6325525045394897, 'learning_rate': 0.0003934781535518285, 'epoch': 0.58}
{'loss': 4.8675, 'grad_norm': 1.5234295129776, 'learning_rate': 0.0003932967072457658, 'epoch': 0.58}
{'loss': 4.7032, 'grad_norm': 1.5505295991897583, 'learning_rate': 0.0003931152756608686, 'epoch': 0.58}
{'loss': 4.883, 'grad_norm': 1.61155104637146, 'learning_rate': 0.00039293385882216805, 'epoch': 0.58}
{'loss': 5.0059, 'grad_norm': 1.6065852642059326, 'learning_rate': 0.0003927524567546932, 'epoch': 0.58}
{'loss': 4.8854, 'grad_norm': 1.4970327615737915, 'learning_rate': 0.00039257106948347066, 'epoch': 0.58}
{'loss': 4.9055, 'grad_norm': 1.4206534624099731, 'learning_rate': 0.00039238969703352523, 'epoch': 0.58}
{'loss': 4.9333, 'grad_norm': 1.6779454946517944, 'learning_rate': 0.0003922083394298801, 'epoch': 0.58}
{'loss': 4.9216, 'grad_norm': 1.4898101091384888, 'learning_rate': 0.0003920269966975555, 'epoch': 0.58}
{'loss': 4.96, 'grad_norm': 1.4744337797164917, 'learning_rate': 0.00039184566886157034, 'epoch': 0.58}
{'loss': 4.7784, 'grad_norm': 1.4794915914535522, 'learning_rate': 0.00039166435594694136, 'epoch': 0.58}
{'loss': 4.9748, 'grad_norm': 1.5991313457489014, 'learning_rate': 0.0003914830579786831, 'epoch': 0.58}
{'loss': 4.7575, 'grad_norm': 1.6415849924087524, 'learning_rate': 0.00039130177498180793, 'epoch': 0.58}
{'loss': 4.9119, 'grad_norm': 1.4060664176940918, 'learning_rate': 0.0003911205069813264, 'epoch': 0.58}
{'loss': 5.0702, 'grad_norm': 1.786454200744629, 'learning_rate': 0.00039093925400224695, 'epoch': 0.58}
{'loss': 4.5755, 'grad_norm': 1.4310922622680664, 'learning_rate': 0.00039075801606957574, 'epoch': 0.58}
{'loss': 5.0418, 'grad_norm': 1.5365054607391357, 'learning_rate': 0.00039057679320831696, 'epoch': 0.58}
{'loss': 4.8362, 'grad_norm': 1.726677417755127, 'learning_rate': 0.0003903955854434731, 'epoch': 0.58}
{'loss': 4.697, 'grad_norm': 1.6731709241867065, 'learning_rate': 0.0003902143928000438, 'epoch': 0.58}
{'loss': 4.914, 'grad_norm': 1.832218885421753, 'learning_rate': 0.00039003321530302717, 'epoch': 0.58}
{'loss': 4.9742, 'grad_norm': 1.6215763092041016, 'learning_rate': 0.00038985205297741943, 'epoch': 0.58}
{'loss': 4.9478, 'grad_norm': 1.5370855331420898, 'learning_rate': 0.00038967090584821393, 'epoch': 0.58}
{'loss': 4.6251, 'grad_norm': 1.5950257778167725, 'learning_rate': 0.00038948977394040246, 'epoch': 0.58}
{'loss': 4.8483, 'grad_norm': 1.5210877656936646, 'learning_rate': 0.0003893086572789748, 'epoch': 0.58}
{'loss': 4.8252, 'grad_norm': 1.5858745574951172, 'learning_rate': 0.0003891275558889185, 'epoch': 0.58}
{'loss': 4.9397, 'grad_norm': 1.7723376750946045, 'learning_rate': 0.0003889464697952187, 'epoch': 0.59}
{'loss': 4.7311, 'grad_norm': 1.5215398073196411, 'learning_rate': 0.0003887653990228587, 'epoch': 0.59}
{'loss': 4.7995, 'grad_norm': 1.53446626663208, 'learning_rate': 0.00038858434359682003, 'epoch': 0.59}
{'loss': 4.9685, 'grad_norm': 2.0112857818603516, 'learning_rate': 0.00038840330354208134, 'epoch': 0.59}
{'loss': 4.9319, 'grad_norm': 1.512831211090088, 'learning_rate': 0.0003882222788836196, 'epoch': 0.59}
{'loss': 4.7713, 'grad_norm': 1.5545517206192017, 'learning_rate': 0.00038804126964640996, 'epoch': 0.59}
{'loss': 4.8184, 'grad_norm': 1.7114901542663574, 'learning_rate': 0.0003878602758554246, 'epoch': 0.59}
{'loss': 5.0535, 'grad_norm': 1.5596085786819458, 'learning_rate': 0.00038767929753563446, 'epoch': 0.59}
{'loss': 4.9671, 'grad_norm': 1.5684384107589722, 'learning_rate': 0.0003874983347120078, 'epoch': 0.59}
{'loss': 5.0208, 'grad_norm': 1.5466078519821167, 'learning_rate': 0.00038731738740951075, 'epoch': 0.59}
{'loss': 4.8186, 'grad_norm': 1.5523574352264404, 'learning_rate': 0.0003871364556531078, 'epoch': 0.59}
{'loss': 5.1381, 'grad_norm': 1.7132912874221802, 'learning_rate': 0.0003869555394677605, 'epoch': 0.59}
{'loss': 4.9935, 'grad_norm': 1.5526622533798218, 'learning_rate': 0.00038677463887842927, 'epoch': 0.59}
{'loss': 4.7483, 'grad_norm': 1.7155556678771973, 'learning_rate': 0.00038659375391007116, 'epoch': 0.59}
{'loss': 4.9466, 'grad_norm': 1.6752923727035522, 'learning_rate': 0.00038641288458764205, 'epoch': 0.59}
{'loss': 4.7505, 'grad_norm': 1.3788284063339233, 'learning_rate': 0.0003862320309360955, 'epoch': 0.59}
{'loss': 5.0818, 'grad_norm': 1.793816089630127, 'learning_rate': 0.00038605119298038216, 'epoch': 0.59}
{'loss': 4.6725, 'grad_norm': 1.6109827756881714, 'learning_rate': 0.0003858703707454515, 'epoch': 0.59}
{'loss': 4.8339, 'grad_norm': 1.54300057888031, 'learning_rate': 0.00038568956425625043, 'epoch': 0.59}
{'loss': 4.6019, 'grad_norm': 1.4429373741149902, 'learning_rate': 0.0003855087735377234, 'epoch': 0.59}
{'loss': 4.9613, 'grad_norm': 1.6160759925842285, 'learning_rate': 0.00038532799861481305, 'epoch': 0.59}
{'loss': 5.0012, 'grad_norm': 1.5395467281341553, 'learning_rate': 0.00038514723951246, 'epoch': 0.59}
{'loss': 4.8435, 'grad_norm': 1.3735170364379883, 'learning_rate': 0.00038496649625560187, 'epoch': 0.59}
{'loss': 5.0517, 'grad_norm': 1.371009111404419, 'learning_rate': 0.000384785768869175, 'epoch': 0.59}
{'loss': 4.7196, 'grad_norm': 1.5040528774261475, 'learning_rate': 0.00038460505737811305, 'epoch': 0.59}
{'loss': 4.8798, 'grad_norm': 1.5178885459899902, 'learning_rate': 0.000384424361807348, 'epoch': 0.59}
{'loss': 4.8723, 'grad_norm': 1.534726858139038, 'learning_rate': 0.00038424368218180864, 'epoch': 0.59}
{'loss': 4.7538, 'grad_norm': 1.5074713230133057, 'learning_rate': 0.00038406301852642266, 'epoch': 0.59}
{'loss': 4.9584, 'grad_norm': 1.6159119606018066, 'learning_rate': 0.0003838823708661149, 'epoch': 0.59}
{'loss': 4.6367, 'grad_norm': 1.6131627559661865, 'learning_rate': 0.000383701739225808, 'epoch': 0.59}
{'loss': 4.7765, 'grad_norm': 1.4408189058303833, 'learning_rate': 0.0003835211236304227, 'epoch': 0.59}
{'loss': 4.8902, 'grad_norm': 1.7971020936965942, 'learning_rate': 0.0003833405241048774, 'epoch': 0.59}
{'loss': 4.6216, 'grad_norm': 1.4780888557434082, 'learning_rate': 0.0003831599406740882, 'epoch': 0.59}
{'loss': 4.8752, 'grad_norm': 1.8590989112854004, 'learning_rate': 0.00038297937336296894, 'epoch': 0.59}
{'loss': 4.7917, 'grad_norm': 1.662825345993042, 'learning_rate': 0.00038279882219643166, 'epoch': 0.59}
{'loss': 5.089, 'grad_norm': 1.7836600542068481, 'learning_rate': 0.00038261828719938536, 'epoch': 0.59}
{'loss': 4.7999, 'grad_norm': 1.651563048362732, 'learning_rate': 0.00038243776839673747, 'epoch': 0.59}
{'loss': 4.9931, 'grad_norm': 1.6095256805419922, 'learning_rate': 0.00038225726581339316, 'epoch': 0.59}
{'loss': 4.7915, 'grad_norm': 1.5942081212997437, 'learning_rate': 0.0003820767794742553, 'epoch': 0.59}
{'loss': 4.8335, 'grad_norm': 1.5876243114471436, 'learning_rate': 0.00038189630940422403, 'epoch': 0.59}
{'loss': 5.2903, 'grad_norm': 1.6082090139389038, 'learning_rate': 0.0003817158556281978, 'epoch': 0.59}
{'loss': 4.7286, 'grad_norm': 1.4017200469970703, 'learning_rate': 0.00038153541817107303, 'epoch': 0.59}
{'loss': 5.0465, 'grad_norm': 1.4253798723220825, 'learning_rate': 0.0003813549970577429, 'epoch': 0.59}
{'loss': 4.9738, 'grad_norm': 1.5184509754180908, 'learning_rate': 0.00038117459231309925, 'epoch': 0.59}
{'loss': 4.9486, 'grad_norm': 1.5529112815856934, 'learning_rate': 0.00038099420396203157, 'epoch': 0.59}
{'loss': 5.1225, 'grad_norm': 1.4140326976776123, 'learning_rate': 0.00038081383202942645, 'epoch': 0.59}
{'loss': 4.9182, 'grad_norm': 1.5303562879562378, 'learning_rate': 0.0003806334765401689, 'epoch': 0.59}
{'loss': 4.9664, 'grad_norm': 1.4848904609680176, 'learning_rate': 0.00038045313751914147, 'epoch': 0.59}
{'loss': 4.6505, 'grad_norm': 1.4006333351135254, 'learning_rate': 0.0003802728149912241, 'epoch': 0.59}
{'loss': 4.8101, 'grad_norm': 1.457919716835022, 'learning_rate': 0.000380092508981295, 'epoch': 0.59}
{'loss': 4.7338, 'grad_norm': 1.7151029109954834, 'learning_rate': 0.0003799122195142297, 'epoch': 0.59}
{'loss': 4.9065, 'grad_norm': 1.64627206325531, 'learning_rate': 0.0003797319466149016, 'epoch': 0.59}
{'loss': 4.7872, 'grad_norm': 1.5667383670806885, 'learning_rate': 0.0003795516903081817, 'epoch': 0.59}
{'loss': 4.8415, 'grad_norm': 1.7136507034301758, 'learning_rate': 0.00037937145061893885, 'epoch': 0.59}
{'loss': 4.996, 'grad_norm': 1.5985982418060303, 'learning_rate': 0.00037919122757203985, 'epoch': 0.59}
{'loss': 4.726, 'grad_norm': 1.5389140844345093, 'learning_rate': 0.00037901102119234834, 'epoch': 0.59}
{'loss': 4.8341, 'grad_norm': 1.565305233001709, 'learning_rate': 0.00037883083150472665, 'epoch': 0.59}
{'loss': 4.8397, 'grad_norm': 1.5230897665023804, 'learning_rate': 0.0003786506585340344, 'epoch': 0.59}
{'loss': 4.7572, 'grad_norm': 1.5529831647872925, 'learning_rate': 0.00037847050230512864, 'epoch': 0.59}
{'loss': 4.7349, 'grad_norm': 1.4577887058258057, 'learning_rate': 0.00037829036284286446, 'epoch': 0.59}
{'loss': 4.8562, 'grad_norm': 1.5754776000976562, 'learning_rate': 0.00037811024017209486, 'epoch': 0.59}
{'loss': 5.0247, 'grad_norm': 1.5571640729904175, 'learning_rate': 0.0003779301343176696, 'epoch': 0.59}
{'loss': 4.8158, 'grad_norm': 1.343478798866272, 'learning_rate': 0.00037775004530443717, 'epoch': 0.59}
{'loss': 4.8874, 'grad_norm': 1.7183833122253418, 'learning_rate': 0.00037756997315724334, 'epoch': 0.59}
{'loss': 5.0773, 'grad_norm': 1.5072014331817627, 'learning_rate': 0.00037738991790093115, 'epoch': 0.59}
{'loss': 4.8879, 'grad_norm': 1.5146719217300415, 'learning_rate': 0.0003772098795603418, 'epoch': 0.59}
{'loss': 4.7394, 'grad_norm': 1.5478882789611816, 'learning_rate': 0.0003770298581603142, 'epoch': 0.59}
{'loss': 5.1774, 'grad_norm': 1.6329114437103271, 'learning_rate': 0.00037684985372568467, 'epoch': 0.59}
{'loss': 5.1285, 'grad_norm': 1.5081454515457153, 'learning_rate': 0.0003766698662812871, 'epoch': 0.59}
{'loss': 4.8022, 'grad_norm': 1.7252277135849, 'learning_rate': 0.00037648989585195325, 'epoch': 0.59}
{'loss': 4.6855, 'grad_norm': 1.613062858581543, 'learning_rate': 0.0003763099424625126, 'epoch': 0.59}
{'loss': 5.1721, 'grad_norm': 1.4571070671081543, 'learning_rate': 0.0003761300061377921, 'epoch': 0.59}
{'loss': 4.784, 'grad_norm': 1.6083033084869385, 'learning_rate': 0.00037595008690261635, 'epoch': 0.59}
{'loss': 4.8204, 'grad_norm': 1.5813770294189453, 'learning_rate': 0.0003757701847818079, 'epoch': 0.59}
{'loss': 4.9582, 'grad_norm': 1.6624081134796143, 'learning_rate': 0.0003755902998001862, 'epoch': 0.59}
{'loss': 5.0111, 'grad_norm': 1.623294711112976, 'learning_rate': 0.0003754104319825692, 'epoch': 0.59}
{'loss': 4.9168, 'grad_norm': 1.3668094873428345, 'learning_rate': 0.00037523058135377214, 'epoch': 0.59}
{'loss': 4.8079, 'grad_norm': 1.6025266647338867, 'learning_rate': 0.0003750507479386075, 'epoch': 0.59}
{'loss': 4.7575, 'grad_norm': 1.5677841901779175, 'learning_rate': 0.00037487093176188604, 'epoch': 0.59}
{'loss': 4.8443, 'grad_norm': 1.590585708618164, 'learning_rate': 0.0003746911328484156, 'epoch': 0.59}
{'loss': 4.797, 'grad_norm': 1.4602848291397095, 'learning_rate': 0.0003745113512230024, 'epoch': 0.59}
{'loss': 4.8438, 'grad_norm': 1.4435497522354126, 'learning_rate': 0.0003743315869104491, 'epoch': 0.59}
{'loss': 4.9366, 'grad_norm': 1.3651039600372314, 'learning_rate': 0.0003741518399355569, 'epoch': 0.59}
{'loss': 5.1876, 'grad_norm': 1.5379608869552612, 'learning_rate': 0.0003739721103231246, 'epoch': 0.59}
{'loss': 4.7584, 'grad_norm': 1.349330186843872, 'learning_rate': 0.0003737923980979478, 'epoch': 0.59}
{'loss': 4.8314, 'grad_norm': 2.101361036300659, 'learning_rate': 0.00037361270328482057, 'epoch': 0.59}
{'loss': 4.7912, 'grad_norm': 1.3131481409072876, 'learning_rate': 0.0003734330259085343, 'epoch': 0.59}
{'loss': 4.9748, 'grad_norm': 1.4288462400436401, 'learning_rate': 0.0003732533659938777, 'epoch': 0.6}
{'loss': 5.0191, 'grad_norm': 1.4398480653762817, 'learning_rate': 0.0003730737235656375, 'epoch': 0.6}
{'loss': 4.936, 'grad_norm': 1.4994442462921143, 'learning_rate': 0.00037289409864859767, 'epoch': 0.6}
{'loss': 4.8236, 'grad_norm': 1.469834804534912, 'learning_rate': 0.00037271449126754, 'epoch': 0.6}
{'loss': 4.4689, 'grad_norm': 1.369069218635559, 'learning_rate': 0.00037253490144724356, 'epoch': 0.6}
{'loss': 4.8211, 'grad_norm': 1.625364899635315, 'learning_rate': 0.00037235532921248534, 'epoch': 0.6}
{'loss': 4.8227, 'grad_norm': 1.5449693202972412, 'learning_rate': 0.00037217577458803996, 'epoch': 0.6}
{'loss': 4.7578, 'grad_norm': 1.6029582023620605, 'learning_rate': 0.000371996237598679, 'epoch': 0.6}
{'loss': 4.7531, 'grad_norm': 1.4412260055541992, 'learning_rate': 0.0003718167182691723, 'epoch': 0.6}
{'loss': 5.0141, 'grad_norm': 1.5872646570205688, 'learning_rate': 0.00037163721662428705, 'epoch': 0.6}
{'loss': 4.8989, 'grad_norm': 1.587387204170227, 'learning_rate': 0.0003714577326887877, 'epoch': 0.6}
{'loss': 4.9215, 'grad_norm': 1.4884682893753052, 'learning_rate': 0.00037127826648743656, 'epoch': 0.6}
{'loss': 4.727, 'grad_norm': 1.4083278179168701, 'learning_rate': 0.00037109881804499366, 'epoch': 0.6}
{'loss': 4.9552, 'grad_norm': 1.5314112901687622, 'learning_rate': 0.000370919387386216, 'epoch': 0.6}
{'loss': 4.8362, 'grad_norm': 1.3525619506835938, 'learning_rate': 0.0003707399745358586, 'epoch': 0.6}
{'loss': 5.0905, 'grad_norm': 1.4973827600479126, 'learning_rate': 0.0003705605795186741, 'epoch': 0.6}
{'loss': 4.6253, 'grad_norm': 1.4564862251281738, 'learning_rate': 0.00037038120235941214, 'epoch': 0.6}
{'loss': 4.8678, 'grad_norm': 1.4591562747955322, 'learning_rate': 0.00037020184308282037, 'epoch': 0.6}
{'loss': 4.6951, 'grad_norm': 1.4741266965866089, 'learning_rate': 0.00037002250171364395, 'epoch': 0.6}
{'loss': 5.0996, 'grad_norm': 1.507830023765564, 'learning_rate': 0.00036984317827662536, 'epoch': 0.6}
{'loss': 4.8121, 'grad_norm': 1.5423219203948975, 'learning_rate': 0.00036966387279650456, 'epoch': 0.6}
{'loss': 5.0275, 'grad_norm': 1.6345423460006714, 'learning_rate': 0.0003694845852980194, 'epoch': 0.6}
{'loss': 5.2219, 'grad_norm': 1.6575220823287964, 'learning_rate': 0.000369305315805905, 'epoch': 0.6}
{'loss': 4.6817, 'grad_norm': 1.5625720024108887, 'learning_rate': 0.00036912606434489384, 'epoch': 0.6}
{'loss': 4.9003, 'grad_norm': 1.4491888284683228, 'learning_rate': 0.00036894683093971616, 'epoch': 0.6}
{'loss': 4.483, 'grad_norm': 1.440838098526001, 'learning_rate': 0.00036876761561509985, 'epoch': 0.6}
{'loss': 4.8748, 'grad_norm': 1.467800498008728, 'learning_rate': 0.00036858841839576973, 'epoch': 0.6}
{'loss': 4.8998, 'grad_norm': 1.5992988348007202, 'learning_rate': 0.00036840923930644867, 'epoch': 0.6}
{'loss': 4.8327, 'grad_norm': 1.5144530534744263, 'learning_rate': 0.00036823007837185695, 'epoch': 0.6}
{'loss': 4.7909, 'grad_norm': 1.5283024311065674, 'learning_rate': 0.00036805093561671206, 'epoch': 0.6}
{'loss': 4.9005, 'grad_norm': 1.540999174118042, 'learning_rate': 0.0003678718110657292, 'epoch': 0.6}
{'loss': 4.7019, 'grad_norm': 1.4033018350601196, 'learning_rate': 0.00036769270474362113, 'epoch': 0.6}
{'loss': 4.9164, 'grad_norm': 1.3635519742965698, 'learning_rate': 0.00036751361667509817, 'epoch': 0.6}
{'loss': 4.7255, 'grad_norm': 1.5935075283050537, 'learning_rate': 0.0003673345468848675, 'epoch': 0.6}
{'loss': 5.1989, 'grad_norm': 1.5894025564193726, 'learning_rate': 0.0003671554953976345, 'epoch': 0.6}
{'loss': 4.5712, 'grad_norm': 1.3995527029037476, 'learning_rate': 0.0003669764622381019, 'epoch': 0.6}
{'loss': 4.7552, 'grad_norm': 1.5173392295837402, 'learning_rate': 0.0003667974474309693, 'epoch': 0.6}
{'loss': 4.6538, 'grad_norm': 1.4782737493515015, 'learning_rate': 0.0003666184510009345, 'epoch': 0.6}
{'loss': 4.9605, 'grad_norm': 1.5249637365341187, 'learning_rate': 0.0003664394729726928, 'epoch': 0.6}
{'loss': 5.1351, 'grad_norm': 1.5434954166412354, 'learning_rate': 0.0003662605133709359, 'epoch': 0.6}
{'loss': 4.7452, 'grad_norm': 1.5608196258544922, 'learning_rate': 0.0003660815722203543, 'epoch': 0.6}
{'loss': 4.673, 'grad_norm': 1.4793550968170166, 'learning_rate': 0.00036590264954563525, 'epoch': 0.6}
{'loss': 4.7582, 'grad_norm': 1.5264991521835327, 'learning_rate': 0.00036572374537146326, 'epoch': 0.6}
{'loss': 4.864, 'grad_norm': 1.4026317596435547, 'learning_rate': 0.00036554485972252097, 'epoch': 0.6}
{'loss': 4.6802, 'grad_norm': 1.4157475233078003, 'learning_rate': 0.0003653659926234879, 'epoch': 0.6}
{'loss': 4.8116, 'grad_norm': 1.5768345594406128, 'learning_rate': 0.0003651871440990412, 'epoch': 0.6}
{'loss': 4.6161, 'grad_norm': 1.4844335317611694, 'learning_rate': 0.0003650083141738553, 'epoch': 0.6}
{'loss': 4.9771, 'grad_norm': 1.5299696922302246, 'learning_rate': 0.0003648295028726024, 'epoch': 0.6}
{'loss': 4.5949, 'grad_norm': 1.6317330598831177, 'learning_rate': 0.0003646507102199522, 'epoch': 0.6}
{'loss': 5.124, 'grad_norm': 1.6464481353759766, 'learning_rate': 0.00036447193624057096, 'epoch': 0.6}
{'loss': 4.8199, 'grad_norm': 1.460951328277588, 'learning_rate': 0.00036429318095912335, 'epoch': 0.6}
{'loss': 4.8591, 'grad_norm': 1.5984379053115845, 'learning_rate': 0.0003641144444002712, 'epoch': 0.6}
{'loss': 4.8487, 'grad_norm': 1.563643217086792, 'learning_rate': 0.00036393572658867325, 'epoch': 0.6}
{'loss': 4.8494, 'grad_norm': 1.6141825914382935, 'learning_rate': 0.0003637570275489863, 'epoch': 0.6}
{'loss': 4.6985, 'grad_norm': 1.4644135236740112, 'learning_rate': 0.0003635783473058645, 'epoch': 0.6}
{'loss': 4.8795, 'grad_norm': 1.4230808019638062, 'learning_rate': 0.00036339968588395866, 'epoch': 0.6}
{'loss': 4.6232, 'grad_norm': 1.5950485467910767, 'learning_rate': 0.00036322104330791796, 'epoch': 0.6}
{'loss': 4.7961, 'grad_norm': 1.5098870992660522, 'learning_rate': 0.00036304241960238864, 'epoch': 0.6}
{'loss': 5.0617, 'grad_norm': 1.6422785520553589, 'learning_rate': 0.0003628638147920139, 'epoch': 0.6}
{'loss': 4.9786, 'grad_norm': 1.5245747566223145, 'learning_rate': 0.0003626852289014348, 'epoch': 0.6}
{'loss': 4.9784, 'grad_norm': 1.464088797569275, 'learning_rate': 0.00036250666195529, 'epoch': 0.6}
{'loss': 5.0166, 'grad_norm': 1.5739725828170776, 'learning_rate': 0.00036232811397821497, 'epoch': 0.6}
{'loss': 4.7502, 'grad_norm': 1.6298454999923706, 'learning_rate': 0.00036214958499484286, 'epoch': 0.6}
{'loss': 4.8312, 'grad_norm': 1.4541085958480835, 'learning_rate': 0.00036197107502980403, 'epoch': 0.6}
{'loss': 4.9251, 'grad_norm': 1.8225338459014893, 'learning_rate': 0.0003617925841077266, 'epoch': 0.6}
{'loss': 4.8792, 'grad_norm': 1.4852495193481445, 'learning_rate': 0.00036161411225323563, 'epoch': 0.6}
{'loss': 4.8581, 'grad_norm': 1.545376181602478, 'learning_rate': 0.0003614356594909538, 'epoch': 0.6}
{'loss': 4.9103, 'grad_norm': 1.724272608757019, 'learning_rate': 0.0003612572258455012, 'epoch': 0.6}
{'loss': 4.6898, 'grad_norm': 1.5965732336044312, 'learning_rate': 0.00036107881134149483, 'epoch': 0.6}
{'loss': 4.6625, 'grad_norm': 1.5601074695587158, 'learning_rate': 0.00036090041600354963, 'epoch': 0.6}
{'loss': 4.8342, 'grad_norm': 1.5238450765609741, 'learning_rate': 0.00036072203985627784, 'epoch': 0.6}
{'loss': 4.8971, 'grad_norm': 1.5731269121170044, 'learning_rate': 0.0003605436829242885, 'epoch': 0.6}
{'loss': 4.6648, 'grad_norm': 1.4673136472702026, 'learning_rate': 0.00036036534523218845, 'epoch': 0.6}
{'loss': 4.7949, 'grad_norm': 1.6522620916366577, 'learning_rate': 0.0003601870268045819, 'epoch': 0.6}
{'loss': 4.623, 'grad_norm': 1.400101661682129, 'learning_rate': 0.0003600087276660705, 'epoch': 0.6}
{'loss': 4.8759, 'grad_norm': 1.5127898454666138, 'learning_rate': 0.0003598304478412526, 'epoch': 0.6}
{'loss': 5.067, 'grad_norm': 1.3107870817184448, 'learning_rate': 0.0003596521873547244, 'epoch': 0.6}
{'loss': 4.7497, 'grad_norm': 1.494752287864685, 'learning_rate': 0.00035947394623107984, 'epoch': 0.6}
{'loss': 4.5158, 'grad_norm': 1.450952172279358, 'learning_rate': 0.000359295724494909, 'epoch': 0.6}
{'loss': 5.0495, 'grad_norm': 1.5650094747543335, 'learning_rate': 0.00035911752217080036, 'epoch': 0.6}
{'loss': 4.6703, 'grad_norm': 1.659743070602417, 'learning_rate': 0.00035893933928333945, 'epoch': 0.6}
{'loss': 5.0127, 'grad_norm': 1.5146329402923584, 'learning_rate': 0.0003587611758571087, 'epoch': 0.6}
{'loss': 4.6928, 'grad_norm': 1.4906165599822998, 'learning_rate': 0.0003585830319166884, 'epoch': 0.6}
{'loss': 4.7672, 'grad_norm': 1.4070241451263428, 'learning_rate': 0.0003584049074866559, 'epoch': 0.6}
{'loss': 4.9993, 'grad_norm': 1.4189687967300415, 'learning_rate': 0.0003582268025915858, 'epoch': 0.6}
{'loss': 5.0301, 'grad_norm': 1.5678340196609497, 'learning_rate': 0.00035804871725605004, 'epoch': 0.6}
{'loss': 5.0492, 'grad_norm': 1.5801794528961182, 'learning_rate': 0.00035787065150461793, 'epoch': 0.6}
{'loss': 5.0502, 'grad_norm': 1.4696910381317139, 'learning_rate': 0.0003576926053618564, 'epoch': 0.6}
{'loss': 4.7211, 'grad_norm': 1.8116339445114136, 'learning_rate': 0.0003575145788523287, 'epoch': 0.61}
{'loss': 4.8988, 'grad_norm': 1.438443899154663, 'learning_rate': 0.00035733657200059645, 'epoch': 0.61}
{'loss': 4.7696, 'grad_norm': 1.354270100593567, 'learning_rate': 0.0003571585848312182, 'epoch': 0.61}
{'loss': 4.7873, 'grad_norm': 1.4989796876907349, 'learning_rate': 0.0003569806173687492, 'epoch': 0.61}
{'loss': 4.7609, 'grad_norm': 1.5096789598464966, 'learning_rate': 0.00035680266963774275, 'epoch': 0.61}
{'loss': 4.8437, 'grad_norm': 1.6181305646896362, 'learning_rate': 0.0003566247416627495, 'epoch': 0.61}
{'loss': 4.6741, 'grad_norm': 1.4739962816238403, 'learning_rate': 0.0003564468334683164, 'epoch': 0.61}
{'loss': 5.034, 'grad_norm': 1.416754961013794, 'learning_rate': 0.00035626894507898856, 'epoch': 0.61}
{'loss': 4.9487, 'grad_norm': 1.5266362428665161, 'learning_rate': 0.00035609107651930836, 'epoch': 0.61}
{'loss': 4.8482, 'grad_norm': 1.4294739961624146, 'learning_rate': 0.00035591322781381476, 'epoch': 0.61}
{'loss': 4.904, 'grad_norm': 1.594362735748291, 'learning_rate': 0.0003557353989870445, 'epoch': 0.61}
{'loss': 4.8806, 'grad_norm': 1.5354748964309692, 'learning_rate': 0.0003555575900635317, 'epoch': 0.61}
{'loss': 5.141, 'grad_norm': 1.5295215845108032, 'learning_rate': 0.00035537980106780737, 'epoch': 0.61}
{'loss': 5.0057, 'grad_norm': 1.6079168319702148, 'learning_rate': 0.00035520203202439994, 'epoch': 0.61}
{'loss': 4.9204, 'grad_norm': 1.5904583930969238, 'learning_rate': 0.00035502428295783485, 'epoch': 0.61}
{'loss': 5.0764, 'grad_norm': 1.53508460521698, 'learning_rate': 0.00035484655389263534, 'epoch': 0.61}
{'loss': 4.9383, 'grad_norm': 1.4077528715133667, 'learning_rate': 0.0003546688448533214, 'epoch': 0.61}
{'loss': 4.9757, 'grad_norm': 1.5307972431182861, 'learning_rate': 0.00035449115586441016, 'epoch': 0.61}
{'loss': 4.9551, 'grad_norm': 1.4330798387527466, 'learning_rate': 0.00035431348695041676, 'epoch': 0.61}
{'loss': 4.9924, 'grad_norm': 1.5398342609405518, 'learning_rate': 0.0003541358381358525, 'epoch': 0.61}
{'loss': 5.09, 'grad_norm': 1.4367246627807617, 'learning_rate': 0.0003539582094452266, 'epoch': 0.61}
{'loss': 4.9639, 'grad_norm': 1.535666823387146, 'learning_rate': 0.00035378060090304563, 'epoch': 0.61}
{'loss': 4.8709, 'grad_norm': 1.6601171493530273, 'learning_rate': 0.00035360301253381266, 'epoch': 0.61}
{'loss': 4.8385, 'grad_norm': 1.5889824628829956, 'learning_rate': 0.0003534254443620286, 'epoch': 0.61}
{'loss': 4.8539, 'grad_norm': 1.457234263420105, 'learning_rate': 0.00035324789641219144, 'epoch': 0.61}
{'loss': 5.0365, 'grad_norm': 1.661142110824585, 'learning_rate': 0.00035307036870879655, 'epoch': 0.61}
{'loss': 4.9914, 'grad_norm': 1.5065345764160156, 'learning_rate': 0.0003528928612763358, 'epoch': 0.61}
{'loss': 4.7047, 'grad_norm': 1.6107628345489502, 'learning_rate': 0.00035271537413929894, 'epoch': 0.61}
{'loss': 4.7745, 'grad_norm': 1.5802080631256104, 'learning_rate': 0.000352537907322173, 'epoch': 0.61}
{'loss': 4.8975, 'grad_norm': 1.4741096496582031, 'learning_rate': 0.0003523604608494415, 'epoch': 0.61}
{'loss': 4.7289, 'grad_norm': 1.5948411226272583, 'learning_rate': 0.0003521830347455857, 'epoch': 0.61}
{'loss': 5.0022, 'grad_norm': 1.5441864728927612, 'learning_rate': 0.00035200562903508424, 'epoch': 0.61}
{'loss': 4.6967, 'grad_norm': 1.583074927330017, 'learning_rate': 0.0003518282437424123, 'epoch': 0.61}
{'loss': 4.9949, 'grad_norm': 1.45396089553833, 'learning_rate': 0.00035165087889204276, 'epoch': 0.61}
{'loss': 4.946, 'grad_norm': 1.52545964717865, 'learning_rate': 0.0003514735345084454, 'epoch': 0.61}
{'loss': 4.8818, 'grad_norm': 1.6820372343063354, 'learning_rate': 0.00035129621061608747, 'epoch': 0.61}
{'loss': 4.8893, 'grad_norm': 1.5218178033828735, 'learning_rate': 0.00035111890723943287, 'epoch': 0.61}
{'loss': 4.8346, 'grad_norm': 1.3982646465301514, 'learning_rate': 0.0003509416244029432, 'epoch': 0.61}
{'loss': 4.6977, 'grad_norm': 1.6944106817245483, 'learning_rate': 0.00035076436213107734, 'epoch': 0.61}
{'loss': 4.7063, 'grad_norm': 1.524031639099121, 'learning_rate': 0.0003505871204482903, 'epoch': 0.61}
{'loss': 5.1583, 'grad_norm': 1.7443082332611084, 'learning_rate': 0.00035040989937903553, 'epoch': 0.61}
{'loss': 5.2911, 'grad_norm': 1.5420454740524292, 'learning_rate': 0.0003502326989477632, 'epoch': 0.61}
{'loss': 5.0621, 'grad_norm': 1.4413418769836426, 'learning_rate': 0.00035005551917891996, 'epoch': 0.61}
{'loss': 5.1365, 'grad_norm': 1.5426677465438843, 'learning_rate': 0.00034987836009695044, 'epoch': 0.61}
{'loss': 4.7423, 'grad_norm': 1.491127610206604, 'learning_rate': 0.00034970122172629635, 'epoch': 0.61}
{'loss': 4.8435, 'grad_norm': 1.594342827796936, 'learning_rate': 0.000349524104091396, 'epoch': 0.61}
{'loss': 4.8067, 'grad_norm': 1.7887022495269775, 'learning_rate': 0.0003493470072166852, 'epoch': 0.61}
{'loss': 4.7005, 'grad_norm': 1.4883649349212646, 'learning_rate': 0.00034916993112659724, 'epoch': 0.61}
{'loss': 4.7277, 'grad_norm': 1.602866291999817, 'learning_rate': 0.0003489928758455616, 'epoch': 0.61}
{'loss': 4.7176, 'grad_norm': 1.870348572731018, 'learning_rate': 0.00034881584139800583, 'epoch': 0.61}
{'loss': 4.8142, 'grad_norm': 1.722496747970581, 'learning_rate': 0.0003486388278083543, 'epoch': 0.61}
{'loss': 4.7306, 'grad_norm': 1.567692756652832, 'learning_rate': 0.0003484618351010281, 'epoch': 0.61}
{'loss': 4.8244, 'grad_norm': 1.8631881475448608, 'learning_rate': 0.00034828486330044597, 'epoch': 0.61}
{'loss': 5.0369, 'grad_norm': 1.5777513980865479, 'learning_rate': 0.0003481079124310236, 'epoch': 0.61}
{'loss': 4.8032, 'grad_norm': 1.65021812915802, 'learning_rate': 0.0003479309825171737, 'epoch': 0.61}
{'loss': 4.6752, 'grad_norm': 1.6959385871887207, 'learning_rate': 0.00034775407358330626, 'epoch': 0.61}
{'loss': 5.0813, 'grad_norm': 1.5994176864624023, 'learning_rate': 0.00034757718565382793, 'epoch': 0.61}
{'loss': 4.8461, 'grad_norm': 1.574620008468628, 'learning_rate': 0.0003474003187531434, 'epoch': 0.61}
{'loss': 4.7656, 'grad_norm': 1.554083228111267, 'learning_rate': 0.00034722347290565313, 'epoch': 0.61}
{'loss': 4.906, 'grad_norm': 1.4785088300704956, 'learning_rate': 0.00034704664813575584, 'epoch': 0.61}
{'loss': 4.965, 'grad_norm': 1.551796555519104, 'learning_rate': 0.000346869844467847, 'epoch': 0.61}
{'loss': 4.883, 'grad_norm': 1.7088454961776733, 'learning_rate': 0.00034669306192631875, 'epoch': 0.61}
{'loss': 5.1431, 'grad_norm': 1.59471595287323, 'learning_rate': 0.00034651630053556074, 'epoch': 0.61}
{'loss': 4.6989, 'grad_norm': 1.5331618785858154, 'learning_rate': 0.0003463395603199599, 'epoch': 0.61}
{'loss': 4.9032, 'grad_norm': 1.561332106590271, 'learning_rate': 0.0003461628413038994, 'epoch': 0.61}
{'loss': 4.7501, 'grad_norm': 1.5567786693572998, 'learning_rate': 0.00034598614351176037, 'epoch': 0.61}
{'loss': 4.6778, 'grad_norm': 1.500739574432373, 'learning_rate': 0.00034580946696792064, 'epoch': 0.61}
{'loss': 4.819, 'grad_norm': 1.7044882774353027, 'learning_rate': 0.0003456328116967553, 'epoch': 0.61}
{'loss': 4.7053, 'grad_norm': 1.3923155069351196, 'learning_rate': 0.0003454561777226359, 'epoch': 0.61}
{'loss': 5.0504, 'grad_norm': 1.6894423961639404, 'learning_rate': 0.00034527956506993175, 'epoch': 0.61}
{'loss': 4.6525, 'grad_norm': 1.3839387893676758, 'learning_rate': 0.00034510297376300915, 'epoch': 0.61}
{'loss': 5.047, 'grad_norm': 1.5016686916351318, 'learning_rate': 0.00034492640382623077, 'epoch': 0.61}
{'loss': 5.0704, 'grad_norm': 1.4238781929016113, 'learning_rate': 0.0003447498552839573, 'epoch': 0.61}
{'loss': 5.012, 'grad_norm': 1.3985888957977295, 'learning_rate': 0.00034457332816054576, 'epoch': 0.61}
{'loss': 4.7544, 'grad_norm': 1.4106701612472534, 'learning_rate': 0.0003443968224803505, 'epoch': 0.61}
{'loss': 4.6086, 'grad_norm': 1.5150456428527832, 'learning_rate': 0.0003442203382677229, 'epoch': 0.61}
{'loss': 4.8455, 'grad_norm': 1.4018833637237549, 'learning_rate': 0.0003440438755470114, 'epoch': 0.61}
{'loss': 4.7422, 'grad_norm': 1.7467743158340454, 'learning_rate': 0.0003438674343425613, 'epoch': 0.61}
{'loss': 4.9173, 'grad_norm': 1.4049676656723022, 'learning_rate': 0.0003436910146787151, 'epoch': 0.61}
{'loss': 4.8804, 'grad_norm': 1.4408891201019287, 'learning_rate': 0.0003435146165798122, 'epoch': 0.61}
{'loss': 4.9451, 'grad_norm': 1.4651151895523071, 'learning_rate': 0.0003433382400701895, 'epoch': 0.61}
{'loss': 5.1263, 'grad_norm': 1.486871600151062, 'learning_rate': 0.00034316188517418, 'epoch': 0.61}
{'loss': 4.7967, 'grad_norm': 1.4299626350402832, 'learning_rate': 0.00034298555191611445, 'epoch': 0.61}
{'loss': 4.921, 'grad_norm': 1.5228604078292847, 'learning_rate': 0.00034280924032032074, 'epoch': 0.61}
{'loss': 4.9144, 'grad_norm': 1.5313999652862549, 'learning_rate': 0.0003426329504111229, 'epoch': 0.61}
{'loss': 4.9674, 'grad_norm': 1.4515944719314575, 'learning_rate': 0.00034245668221284274, 'epoch': 0.61}
{'loss': 4.8393, 'grad_norm': 1.420721411705017, 'learning_rate': 0.0003422804357497992, 'epoch': 0.61}
{'loss': 4.9655, 'grad_norm': 1.4696388244628906, 'learning_rate': 0.0003421042110463073, 'epoch': 0.62}
{'loss': 4.7299, 'grad_norm': 1.5754014253616333, 'learning_rate': 0.0003419280081266798, 'epoch': 0.62}
{'loss': 4.5613, 'grad_norm': 1.512308955192566, 'learning_rate': 0.00034175182701522654, 'epoch': 0.62}
{'loss': 4.7288, 'grad_norm': 1.5470807552337646, 'learning_rate': 0.0003415756677362538, 'epoch': 0.62}
{'loss': 4.845, 'grad_norm': 1.586638331413269, 'learning_rate': 0.0003413995303140652, 'epoch': 0.62}
{'loss': 4.6378, 'grad_norm': 1.4757304191589355, 'learning_rate': 0.00034122341477296146, 'epoch': 0.62}
{'loss': 4.7425, 'grad_norm': 1.4455472230911255, 'learning_rate': 0.00034104732113724, 'epoch': 0.62}
{'loss': 4.6897, 'grad_norm': 1.3827838897705078, 'learning_rate': 0.0003408712494311952, 'epoch': 0.62}
{'loss': 4.8838, 'grad_norm': 1.5963319540023804, 'learning_rate': 0.0003406951996791186, 'epoch': 0.62}
{'loss': 4.8866, 'grad_norm': 1.6393152475357056, 'learning_rate': 0.0003405191719052988, 'epoch': 0.62}
{'loss': 4.9593, 'grad_norm': 1.750367283821106, 'learning_rate': 0.0003403431661340211, 'epoch': 0.62}
{'loss': 4.8183, 'grad_norm': 1.6904289722442627, 'learning_rate': 0.0003401671823895678, 'epoch': 0.62}
{'loss': 4.9591, 'grad_norm': 1.473710298538208, 'learning_rate': 0.00033999122069621856, 'epoch': 0.62}
{'loss': 4.7721, 'grad_norm': 1.497968077659607, 'learning_rate': 0.0003398152810782492, 'epoch': 0.62}
{'loss': 4.8633, 'grad_norm': 1.5300004482269287, 'learning_rate': 0.0003396393635599332, 'epoch': 0.62}
{'loss': 5.1428, 'grad_norm': 1.8134199380874634, 'learning_rate': 0.0003394634681655411, 'epoch': 0.62}
{'loss': 4.7482, 'grad_norm': 1.4240888357162476, 'learning_rate': 0.00033928759491933945, 'epoch': 0.62}
{'loss': 4.7719, 'grad_norm': 1.5581361055374146, 'learning_rate': 0.0003391117438455927, 'epoch': 0.62}
{'loss': 4.7874, 'grad_norm': 1.4850049018859863, 'learning_rate': 0.00033893591496856186, 'epoch': 0.62}
{'loss': 4.8438, 'grad_norm': 1.4260714054107666, 'learning_rate': 0.00033876010831250503, 'epoch': 0.62}
{'loss': 4.8456, 'grad_norm': 1.478318691253662, 'learning_rate': 0.0003385843239016768, 'epoch': 0.62}
{'loss': 4.8182, 'grad_norm': 1.3809483051300049, 'learning_rate': 0.0003384085617603292, 'epoch': 0.62}
{'loss': 4.8804, 'grad_norm': 1.6309064626693726, 'learning_rate': 0.00033823282191271123, 'epoch': 0.62}
{'loss': 4.8969, 'grad_norm': 1.6771376132965088, 'learning_rate': 0.000338057104383068, 'epoch': 0.62}
{'loss': 4.7275, 'grad_norm': 1.5295521020889282, 'learning_rate': 0.0003378814091956426, 'epoch': 0.62}
{'loss': 5.1703, 'grad_norm': 1.752816915512085, 'learning_rate': 0.0003377057363746746, 'epoch': 0.62}
{'loss': 4.6975, 'grad_norm': 1.7007008790969849, 'learning_rate': 0.0003375300859444001, 'epoch': 0.62}
{'loss': 4.932, 'grad_norm': 1.5264148712158203, 'learning_rate': 0.00033735445792905275, 'epoch': 0.62}
{'loss': 4.755, 'grad_norm': 1.2705142498016357, 'learning_rate': 0.0003371788523528626, 'epoch': 0.62}
{'loss': 4.9436, 'grad_norm': 1.5706826448440552, 'learning_rate': 0.00033700326924005695, 'epoch': 0.62}
{'loss': 4.6905, 'grad_norm': 1.492729663848877, 'learning_rate': 0.00033682770861485976, 'epoch': 0.62}
{'loss': 4.8018, 'grad_norm': 1.4096705913543701, 'learning_rate': 0.0003366521705014921, 'epoch': 0.62}
{'loss': 4.7872, 'grad_norm': 1.648256540298462, 'learning_rate': 0.00033647665492417207, 'epoch': 0.62}
{'loss': 4.8162, 'grad_norm': 1.4406578540802002, 'learning_rate': 0.0003363011619071139, 'epoch': 0.62}
{'loss': 4.8975, 'grad_norm': 1.5537385940551758, 'learning_rate': 0.0003361256914745295, 'epoch': 0.62}
{'loss': 4.8198, 'grad_norm': 1.4041757583618164, 'learning_rate': 0.00033595024365062757, 'epoch': 0.62}
{'loss': 4.9061, 'grad_norm': 1.5939053297042847, 'learning_rate': 0.0003357748184596131, 'epoch': 0.62}
{'loss': 4.7194, 'grad_norm': 1.5993670225143433, 'learning_rate': 0.00033559941592568865, 'epoch': 0.62}
{'loss': 4.9081, 'grad_norm': 1.595561146736145, 'learning_rate': 0.0003354240360730536, 'epoch': 0.62}
{'loss': 4.7718, 'grad_norm': 1.5441741943359375, 'learning_rate': 0.0003352486789259035, 'epoch': 0.62}
{'loss': 4.9811, 'grad_norm': 1.4803245067596436, 'learning_rate': 0.0003350733445084314, 'epoch': 0.62}
{'loss': 4.6725, 'grad_norm': 1.496609091758728, 'learning_rate': 0.0003348980328448273, 'epoch': 0.62}
{'loss': 4.9835, 'grad_norm': 1.5573760271072388, 'learning_rate': 0.0003347227439592775, 'epoch': 0.62}
{'loss': 5.1249, 'grad_norm': 1.4773269891738892, 'learning_rate': 0.0003345474778759656, 'epoch': 0.62}
{'loss': 5.0122, 'grad_norm': 1.6204674243927002, 'learning_rate': 0.0003343722346190722, 'epoch': 0.62}
{'loss': 4.9693, 'grad_norm': 1.3903193473815918, 'learning_rate': 0.0003341970142127739, 'epoch': 0.62}
{'loss': 4.6752, 'grad_norm': 1.4115188121795654, 'learning_rate': 0.0003340218166812453, 'epoch': 0.62}
{'loss': 4.7827, 'grad_norm': 1.6460565328598022, 'learning_rate': 0.00033384664204865686, 'epoch': 0.62}
{'loss': 5.0085, 'grad_norm': 1.6655852794647217, 'learning_rate': 0.0003336714903391766, 'epoch': 0.62}
{'loss': 4.7835, 'grad_norm': 1.4118852615356445, 'learning_rate': 0.00033349636157696896, 'epoch': 0.62}
{'loss': 5.2133, 'grad_norm': 1.631179928779602, 'learning_rate': 0.0003333212557861952, 'epoch': 0.62}
{'loss': 4.9936, 'grad_norm': 1.4988322257995605, 'learning_rate': 0.0003331461729910138, 'epoch': 0.62}
{'loss': 4.9854, 'grad_norm': 1.3696891069412231, 'learning_rate': 0.00033297111321557954, 'epoch': 0.62}
{'loss': 5.0139, 'grad_norm': 1.8270267248153687, 'learning_rate': 0.00033279607648404436, 'epoch': 0.62}
{'loss': 4.8082, 'grad_norm': 2.0012102127075195, 'learning_rate': 0.0003326210628205572, 'epoch': 0.62}
{'loss': 4.9706, 'grad_norm': 1.7666629552841187, 'learning_rate': 0.0003324460722492632, 'epoch': 0.62}
{'loss': 4.9294, 'grad_norm': 1.3780121803283691, 'learning_rate': 0.0003322711047943048, 'epoch': 0.62}
{'loss': 4.8482, 'grad_norm': 1.6902563571929932, 'learning_rate': 0.0003320961604798213, 'epoch': 0.62}
{'loss': 4.8494, 'grad_norm': 1.8924593925476074, 'learning_rate': 0.00033192123932994843, 'epoch': 0.62}
{'loss': 5.0792, 'grad_norm': 1.4663923978805542, 'learning_rate': 0.00033174634136881896, 'epoch': 0.62}
{'loss': 4.9208, 'grad_norm': 1.5061073303222656, 'learning_rate': 0.00033157146662056246, 'epoch': 0.62}
{'loss': 4.9516, 'grad_norm': 1.537942886352539, 'learning_rate': 0.00033139661510930564, 'epoch': 0.62}
{'loss': 4.8961, 'grad_norm': 1.6515793800354004, 'learning_rate': 0.000331221786859171, 'epoch': 0.62}
{'loss': 4.8318, 'grad_norm': 1.431048035621643, 'learning_rate': 0.00033104698189427876, 'epoch': 0.62}
{'loss': 4.9685, 'grad_norm': 1.6338725090026855, 'learning_rate': 0.00033087220023874584, 'epoch': 0.62}
{'loss': 4.9614, 'grad_norm': 1.6194255352020264, 'learning_rate': 0.0003306974419166854, 'epoch': 0.62}
{'loss': 4.8904, 'grad_norm': 1.685105800628662, 'learning_rate': 0.00033052270695220796, 'epoch': 0.62}
{'loss': 4.63, 'grad_norm': 1.6827490329742432, 'learning_rate': 0.0003303479953694204, 'epoch': 0.62}
{'loss': 4.7906, 'grad_norm': 1.5835537910461426, 'learning_rate': 0.0003301733071924267, 'epoch': 0.62}
{'loss': 4.8077, 'grad_norm': 1.6056771278381348, 'learning_rate': 0.00032999864244532726, 'epoch': 0.62}
{'loss': 5.0106, 'grad_norm': 1.5058037042617798, 'learning_rate': 0.00032982400115221964, 'epoch': 0.62}
{'loss': 4.7839, 'grad_norm': 1.5467922687530518, 'learning_rate': 0.00032964938333719803, 'epoch': 0.62}
{'loss': 5.0832, 'grad_norm': 1.8941041231155396, 'learning_rate': 0.000329474789024353, 'epoch': 0.62}
{'loss': 4.6036, 'grad_norm': 1.665048599243164, 'learning_rate': 0.00032930021823777245, 'epoch': 0.62}
{'loss': 5.1082, 'grad_norm': 1.7578315734863281, 'learning_rate': 0.000329125671001541, 'epoch': 0.62}
{'loss': 4.9345, 'grad_norm': 1.6353625059127808, 'learning_rate': 0.0003289511473397393, 'epoch': 0.62}
{'loss': 4.848, 'grad_norm': 1.5408427715301514, 'learning_rate': 0.0003287766472764455, 'epoch': 0.62}
{'loss': 4.8627, 'grad_norm': 1.3355532884597778, 'learning_rate': 0.0003286021708357345, 'epoch': 0.62}
{'loss': 4.8919, 'grad_norm': 1.3166152238845825, 'learning_rate': 0.00032842771804167723, 'epoch': 0.62}
{'loss': 4.6464, 'grad_norm': 1.5684452056884766, 'learning_rate': 0.00032825328891834197, 'epoch': 0.62}
{'loss': 4.682, 'grad_norm': 1.7213108539581299, 'learning_rate': 0.000328078883489794, 'epoch': 0.62}
{'loss': 4.7894, 'grad_norm': 1.4883061647415161, 'learning_rate': 0.0003279045017800942, 'epoch': 0.62}
{'loss': 4.9323, 'grad_norm': 1.4095253944396973, 'learning_rate': 0.00032773014381330136, 'epoch': 0.62}
{'loss': 4.9437, 'grad_norm': 1.690234661102295, 'learning_rate': 0.00032755580961347055, 'epoch': 0.62}
{'loss': 4.9275, 'grad_norm': 1.4293361902236938, 'learning_rate': 0.0003273814992046532, 'epoch': 0.62}
{'loss': 4.8215, 'grad_norm': 1.5198745727539062, 'learning_rate': 0.0003272072126108981, 'epoch': 0.62}
{'loss': 4.9264, 'grad_norm': 1.3587646484375, 'learning_rate': 0.0003270329498562504, 'epoch': 0.62}
{'loss': 4.954, 'grad_norm': 1.5897483825683594, 'learning_rate': 0.0003268587109647519, 'epoch': 0.63}
{'loss': 4.5242, 'grad_norm': 1.5405160188674927, 'learning_rate': 0.0003266844959604413, 'epoch': 0.63}
{'loss': 4.9602, 'grad_norm': 1.4357855319976807, 'learning_rate': 0.00032651030486735376, 'epoch': 0.63}
{'loss': 4.7616, 'grad_norm': 1.5036630630493164, 'learning_rate': 0.0003263361377095218, 'epoch': 0.63}
{'loss': 5.0048, 'grad_norm': 1.5461845397949219, 'learning_rate': 0.0003261619945109734, 'epoch': 0.63}
{'loss': 4.8431, 'grad_norm': 1.52765691280365, 'learning_rate': 0.00032598787529573435, 'epoch': 0.63}
{'loss': 4.8972, 'grad_norm': 1.4755923748016357, 'learning_rate': 0.000325813780087827, 'epoch': 0.63}
{'loss': 4.7618, 'grad_norm': 1.6400424242019653, 'learning_rate': 0.00032563970891126976, 'epoch': 0.63}
{'loss': 4.8245, 'grad_norm': 1.4056551456451416, 'learning_rate': 0.0003254656617900782, 'epoch': 0.63}
{'loss': 4.8357, 'grad_norm': 1.3761920928955078, 'learning_rate': 0.00032529163874826474, 'epoch': 0.63}
{'loss': 4.9527, 'grad_norm': 1.639740228652954, 'learning_rate': 0.0003251176398098378, 'epoch': 0.63}
{'loss': 5.0173, 'grad_norm': 1.529669165611267, 'learning_rate': 0.0003249436649988031, 'epoch': 0.63}
{'loss': 4.8437, 'grad_norm': 1.5122878551483154, 'learning_rate': 0.0003247697143391628, 'epoch': 0.63}
{'loss': 4.7768, 'grad_norm': 1.4979737997055054, 'learning_rate': 0.0003245957878549161, 'epoch': 0.63}
{'loss': 4.7908, 'grad_norm': 1.5328425168991089, 'learning_rate': 0.0003244218855700578, 'epoch': 0.63}
{'loss': 4.8294, 'grad_norm': 1.3371423482894897, 'learning_rate': 0.0003242480075085805, 'epoch': 0.63}
{'loss': 4.8626, 'grad_norm': 1.4265832901000977, 'learning_rate': 0.00032407415369447337, 'epoch': 0.63}
{'loss': 4.7645, 'grad_norm': 1.4083493947982788, 'learning_rate': 0.0003239003241517212, 'epoch': 0.63}
{'loss': 4.8684, 'grad_norm': 1.6779128313064575, 'learning_rate': 0.0003237265189043066, 'epoch': 0.63}
{'loss': 4.7522, 'grad_norm': 1.4994069337844849, 'learning_rate': 0.0003235527379762082, 'epoch': 0.63}
{'loss': 4.9052, 'grad_norm': 1.5456560850143433, 'learning_rate': 0.0003233789813914014, 'epoch': 0.63}
{'loss': 4.7909, 'grad_norm': 1.5264402627944946, 'learning_rate': 0.00032320524917385843, 'epoch': 0.63}
{'loss': 4.8916, 'grad_norm': 1.4928239583969116, 'learning_rate': 0.0003230315413475479, 'epoch': 0.63}
{'loss': 4.8116, 'grad_norm': 1.4473118782043457, 'learning_rate': 0.00032285785793643507, 'epoch': 0.63}
{'loss': 4.9786, 'grad_norm': 1.5091739892959595, 'learning_rate': 0.0003226841989644821, 'epoch': 0.63}
{'loss': 4.8879, 'grad_norm': 1.4983757734298706, 'learning_rate': 0.0003225105644556474, 'epoch': 0.63}
{'loss': 4.7086, 'grad_norm': 1.6032472848892212, 'learning_rate': 0.0003223369544338866, 'epoch': 0.63}
{'loss': 5.0207, 'grad_norm': 1.5294197797775269, 'learning_rate': 0.000322163368923151, 'epoch': 0.63}
{'loss': 5.0404, 'grad_norm': 1.7036298513412476, 'learning_rate': 0.0003219898079473894, 'epoch': 0.63}
{'loss': 4.8442, 'grad_norm': 1.5686558485031128, 'learning_rate': 0.00032181627153054707, 'epoch': 0.63}
{'loss': 4.9096, 'grad_norm': 1.4072511196136475, 'learning_rate': 0.0003216427596965653, 'epoch': 0.63}
{'loss': 4.8972, 'grad_norm': 1.6461104154586792, 'learning_rate': 0.0003214692724693825, 'epoch': 0.63}
{'loss': 4.8842, 'grad_norm': 1.5670443773269653, 'learning_rate': 0.00032129580987293394, 'epoch': 0.63}
{'loss': 4.7113, 'grad_norm': 1.6045204401016235, 'learning_rate': 0.0003211223719311506, 'epoch': 0.63}
{'loss': 4.58, 'grad_norm': 1.527068853378296, 'learning_rate': 0.0003209489586679609, 'epoch': 0.63}
{'loss': 4.9206, 'grad_norm': 1.6420832872390747, 'learning_rate': 0.00032077557010728975, 'epoch': 0.63}
{'loss': 4.5421, 'grad_norm': 1.6024861335754395, 'learning_rate': 0.00032060220627305795, 'epoch': 0.63}
{'loss': 4.8426, 'grad_norm': 1.5603439807891846, 'learning_rate': 0.00032042886718918373, 'epoch': 0.63}
{'loss': 4.7584, 'grad_norm': 1.6683911085128784, 'learning_rate': 0.0003202555528795815, 'epoch': 0.63}
{'loss': 4.8291, 'grad_norm': 1.656540870666504, 'learning_rate': 0.00032008226336816236, 'epoch': 0.63}
{'loss': 4.8244, 'grad_norm': 1.5685229301452637, 'learning_rate': 0.00031990899867883395, 'epoch': 0.63}
{'loss': 4.6181, 'grad_norm': 1.575827956199646, 'learning_rate': 0.00031973575883550027, 'epoch': 0.63}
{'loss': 4.8524, 'grad_norm': 1.722873568534851, 'learning_rate': 0.0003195625438620624, 'epoch': 0.63}
{'loss': 4.4231, 'grad_norm': 1.7863507270812988, 'learning_rate': 0.00031938935378241753, 'epoch': 0.63}
{'loss': 4.5868, 'grad_norm': 1.4658191204071045, 'learning_rate': 0.00031921618862045946, 'epoch': 0.63}
{'loss': 4.9457, 'grad_norm': 1.6357800960540771, 'learning_rate': 0.0003190430484000791, 'epoch': 0.63}
{'loss': 5.0066, 'grad_norm': 1.5122114419937134, 'learning_rate': 0.000318869933145163, 'epoch': 0.63}
{'loss': 4.7711, 'grad_norm': 1.5026606321334839, 'learning_rate': 0.0003186968428795949, 'epoch': 0.63}
{'loss': 4.9184, 'grad_norm': 1.636512279510498, 'learning_rate': 0.00031852377762725526, 'epoch': 0.63}
{'loss': 4.8244, 'grad_norm': 1.634235143661499, 'learning_rate': 0.00031835073741202035, 'epoch': 0.63}
{'loss': 4.6308, 'grad_norm': 1.4209743738174438, 'learning_rate': 0.0003181777222577636, 'epoch': 0.63}
{'loss': 4.7024, 'grad_norm': 1.5717355012893677, 'learning_rate': 0.00031800473218835496, 'epoch': 0.63}
{'loss': 4.8967, 'grad_norm': 1.5721269845962524, 'learning_rate': 0.0003178317672276604, 'epoch': 0.63}
{'loss': 5.0301, 'grad_norm': 1.524797797203064, 'learning_rate': 0.00031765882739954294, 'epoch': 0.63}
{'loss': 5.115, 'grad_norm': 1.6161680221557617, 'learning_rate': 0.00031748591272786204, 'epoch': 0.63}
{'loss': 4.7163, 'grad_norm': 1.614949345588684, 'learning_rate': 0.0003173130232364738, 'epoch': 0.63}
{'loss': 4.4095, 'grad_norm': 1.4201332330703735, 'learning_rate': 0.00031714015894923023, 'epoch': 0.63}
{'loss': 4.8389, 'grad_norm': 1.7463001012802124, 'learning_rate': 0.0003169673198899805, 'epoch': 0.63}
{'loss': 4.908, 'grad_norm': 1.637155532836914, 'learning_rate': 0.00031679450608257034, 'epoch': 0.63}
{'loss': 4.8882, 'grad_norm': 1.6110635995864868, 'learning_rate': 0.0003166217175508413, 'epoch': 0.63}
{'loss': 5.0124, 'grad_norm': 1.5735905170440674, 'learning_rate': 0.0003164489543186323, 'epoch': 0.63}
{'loss': 4.9118, 'grad_norm': 1.563486099243164, 'learning_rate': 0.0003162762164097782, 'epoch': 0.63}
{'loss': 4.8897, 'grad_norm': 1.5110305547714233, 'learning_rate': 0.00031610350384811056, 'epoch': 0.63}
{'loss': 5.047, 'grad_norm': 1.4183944463729858, 'learning_rate': 0.0003159308166574573, 'epoch': 0.63}
{'loss': 4.9284, 'grad_norm': 1.7036830186843872, 'learning_rate': 0.00031575815486164317, 'epoch': 0.63}
{'loss': 4.8395, 'grad_norm': 1.576233148574829, 'learning_rate': 0.0003155855184844891, 'epoch': 0.63}
{'loss': 5.0497, 'grad_norm': 1.547296404838562, 'learning_rate': 0.0003154129075498124, 'epoch': 0.63}
{'loss': 4.6966, 'grad_norm': 1.3670868873596191, 'learning_rate': 0.0003152403220814275, 'epoch': 0.63}
{'loss': 4.9288, 'grad_norm': 1.4230701923370361, 'learning_rate': 0.0003150677621031448, 'epoch': 0.63}
{'loss': 4.8412, 'grad_norm': 1.5567723512649536, 'learning_rate': 0.0003148952276387711, 'epoch': 0.63}
{'loss': 4.8843, 'grad_norm': 1.4938997030258179, 'learning_rate': 0.00031472271871210987, 'epoch': 0.63}
{'loss': 4.6742, 'grad_norm': 1.5416005849838257, 'learning_rate': 0.0003145502353469614, 'epoch': 0.63}
{'loss': 4.8835, 'grad_norm': 1.5125547647476196, 'learning_rate': 0.0003143777775671217, 'epoch': 0.63}
{'loss': 4.83, 'grad_norm': 1.5638000965118408, 'learning_rate': 0.00031420534539638377, 'epoch': 0.63}
{'loss': 4.9308, 'grad_norm': 1.3855798244476318, 'learning_rate': 0.00031403293885853725, 'epoch': 0.63}
{'loss': 4.8506, 'grad_norm': 1.449863314628601, 'learning_rate': 0.00031386055797736744, 'epoch': 0.63}
{'loss': 5.0626, 'grad_norm': 1.5357160568237305, 'learning_rate': 0.000313688202776657, 'epoch': 0.63}
{'loss': 4.9806, 'grad_norm': 1.4073700904846191, 'learning_rate': 0.0003135158732801847, 'epoch': 0.63}
{'loss': 4.7732, 'grad_norm': 1.4358218908309937, 'learning_rate': 0.0003133435695117255, 'epoch': 0.63}
{'loss': 4.9545, 'grad_norm': 1.5939923524856567, 'learning_rate': 0.0003131712914950512, 'epoch': 0.63}
{'loss': 4.8192, 'grad_norm': 1.4440574645996094, 'learning_rate': 0.0003129990392539297, 'epoch': 0.63}
{'loss': 5.0801, 'grad_norm': 1.4347022771835327, 'learning_rate': 0.00031282681281212575, 'epoch': 0.63}
{'loss': 4.9669, 'grad_norm': 1.473752498626709, 'learning_rate': 0.0003126546121934003, 'epoch': 0.63}
{'loss': 4.6678, 'grad_norm': 1.5264476537704468, 'learning_rate': 0.0003124824374215106, 'epoch': 0.63}
{'loss': 4.9504, 'grad_norm': 1.3850438594818115, 'learning_rate': 0.0003123102885202107, 'epoch': 0.63}
{'loss': 4.9325, 'grad_norm': 1.4123293161392212, 'learning_rate': 0.0003121381655132506, 'epoch': 0.63}
{'loss': 4.6141, 'grad_norm': 1.4047096967697144, 'learning_rate': 0.00031196606842437717, 'epoch': 0.63}
{'loss': 4.9332, 'grad_norm': 1.6283117532730103, 'learning_rate': 0.0003117939972773338, 'epoch': 0.64}
{'loss': 4.9843, 'grad_norm': 1.519729733467102, 'learning_rate': 0.0003116219520958595, 'epoch': 0.64}
{'loss': 4.9326, 'grad_norm': 1.5053962469100952, 'learning_rate': 0.0003114499329036905, 'epoch': 0.64}
{'loss': 4.8794, 'grad_norm': 1.485296607017517, 'learning_rate': 0.0003112779397245594, 'epoch': 0.64}
{'loss': 5.1752, 'grad_norm': 1.5731920003890991, 'learning_rate': 0.0003111059725821945, 'epoch': 0.64}
{'loss': 5.1433, 'grad_norm': 1.6374716758728027, 'learning_rate': 0.0003109340315003214, 'epoch': 0.64}
{'loss': 4.9503, 'grad_norm': 1.4173588752746582, 'learning_rate': 0.0003107621165026615, 'epoch': 0.64}
{'loss': 4.9429, 'grad_norm': 1.7109262943267822, 'learning_rate': 0.0003105902276129331, 'epoch': 0.64}
{'loss': 4.7261, 'grad_norm': 1.470717191696167, 'learning_rate': 0.0003104183648548501, 'epoch': 0.64}
{'loss': 4.9267, 'grad_norm': 1.5210447311401367, 'learning_rate': 0.00031024652825212365, 'epoch': 0.64}
{'loss': 4.9983, 'grad_norm': 1.66897451877594, 'learning_rate': 0.0003100747178284611, 'epoch': 0.64}
{'loss': 4.7495, 'grad_norm': 1.4129023551940918, 'learning_rate': 0.00030990293360756547, 'epoch': 0.64}
{'loss': 5.1794, 'grad_norm': 1.4744653701782227, 'learning_rate': 0.0003097311756131373, 'epoch': 0.64}
{'loss': 5.1101, 'grad_norm': 1.4893319606781006, 'learning_rate': 0.0003095594438688726, 'epoch': 0.64}
{'loss': 4.7526, 'grad_norm': 1.5513477325439453, 'learning_rate': 0.0003093877383984642, 'epoch': 0.64}
{'loss': 4.8901, 'grad_norm': 1.4320887327194214, 'learning_rate': 0.00030921605922560106, 'epoch': 0.64}
{'loss': 4.7587, 'grad_norm': 1.4217392206192017, 'learning_rate': 0.0003090444063739688, 'epoch': 0.64}
{'loss': 4.7913, 'grad_norm': 1.5604333877563477, 'learning_rate': 0.0003088727798672493, 'epoch': 0.64}
{'loss': 4.7071, 'grad_norm': 1.2872365713119507, 'learning_rate': 0.0003087011797291205, 'epoch': 0.64}
{'loss': 4.6072, 'grad_norm': 1.3633452653884888, 'learning_rate': 0.00030852960598325727, 'epoch': 0.64}
{'loss': 5.0346, 'grad_norm': 1.70530104637146, 'learning_rate': 0.0003083580586533305, 'epoch': 0.64}
{'loss': 4.7863, 'grad_norm': 1.5514107942581177, 'learning_rate': 0.0003081865377630072, 'epoch': 0.64}
{'loss': 4.7445, 'grad_norm': 1.4165687561035156, 'learning_rate': 0.0003080150433359512, 'epoch': 0.64}
{'loss': 5.0732, 'grad_norm': 1.5744709968566895, 'learning_rate': 0.00030784357539582265, 'epoch': 0.64}
{'loss': 4.8363, 'grad_norm': 1.3176108598709106, 'learning_rate': 0.00030767213396627746, 'epoch': 0.64}
{'loss': 4.8857, 'grad_norm': 1.5976697206497192, 'learning_rate': 0.00030750071907096856, 'epoch': 0.64}
{'loss': 4.9325, 'grad_norm': 1.409902572631836, 'learning_rate': 0.00030732933073354505, 'epoch': 0.64}
{'loss': 4.6607, 'grad_norm': 1.8288295269012451, 'learning_rate': 0.0003071579689776521, 'epoch': 0.64}
{'loss': 4.7994, 'grad_norm': 1.7281328439712524, 'learning_rate': 0.0003069866338269313, 'epoch': 0.64}
{'loss': 4.7856, 'grad_norm': 1.300036072731018, 'learning_rate': 0.0003068153253050211, 'epoch': 0.64}
{'loss': 5.0165, 'grad_norm': 1.5174154043197632, 'learning_rate': 0.00030664404343555524, 'epoch': 0.64}
{'loss': 4.6399, 'grad_norm': 1.6040359735488892, 'learning_rate': 0.0003064727882421647, 'epoch': 0.64}
{'loss': 5.1536, 'grad_norm': 1.6641772985458374, 'learning_rate': 0.0003063015597484765, 'epoch': 0.64}
{'loss': 4.7673, 'grad_norm': 1.571019172668457, 'learning_rate': 0.00030613035797811384, 'epoch': 0.64}
{'loss': 4.878, 'grad_norm': 1.4971024990081787, 'learning_rate': 0.0003059591829546964, 'epoch': 0.64}
{'loss': 4.9733, 'grad_norm': 1.5304797887802124, 'learning_rate': 0.0003057880347018398, 'epoch': 0.64}
{'loss': 4.9692, 'grad_norm': 1.5958645343780518, 'learning_rate': 0.00030561691324315675, 'epoch': 0.64}
{'loss': 4.7041, 'grad_norm': 1.7436628341674805, 'learning_rate': 0.00030544581860225537, 'epoch': 0.64}
{'loss': 4.8573, 'grad_norm': 1.4847372770309448, 'learning_rate': 0.0003052747508027406, 'epoch': 0.64}
{'loss': 4.9187, 'grad_norm': 1.638434648513794, 'learning_rate': 0.0003051037098682138, 'epoch': 0.64}
{'loss': 4.7468, 'grad_norm': 1.4818981885910034, 'learning_rate': 0.000304932695822272, 'epoch': 0.64}
{'loss': 4.856, 'grad_norm': 1.6420314311981201, 'learning_rate': 0.000304761708688509, 'epoch': 0.64}
{'loss': 4.9396, 'grad_norm': 1.5064313411712646, 'learning_rate': 0.00030459074849051516, 'epoch': 0.64}
{'loss': 4.792, 'grad_norm': 1.6621754169464111, 'learning_rate': 0.0003044198152518762, 'epoch': 0.64}
{'loss': 4.7506, 'grad_norm': 1.6511986255645752, 'learning_rate': 0.00030424890899617495, 'epoch': 0.64}
{'loss': 5.0529, 'grad_norm': 1.6294925212860107, 'learning_rate': 0.0003040780297469905, 'epoch': 0.64}
{'loss': 4.7922, 'grad_norm': 1.390027403831482, 'learning_rate': 0.00030390717752789756, 'epoch': 0.64}
{'loss': 4.8704, 'grad_norm': 1.3759338855743408, 'learning_rate': 0.0003037363523624675, 'epoch': 0.64}
{'loss': 4.7786, 'grad_norm': 1.5633554458618164, 'learning_rate': 0.00030356555427426825, 'epoch': 0.64}
{'loss': 4.59, 'grad_norm': 1.4332911968231201, 'learning_rate': 0.00030339478328686377, 'epoch': 0.64}
{'loss': 4.7769, 'grad_norm': 1.5329066514968872, 'learning_rate': 0.0003032240394238138, 'epoch': 0.64}
{'loss': 5.0384, 'grad_norm': 1.4822121858596802, 'learning_rate': 0.0003030533227086751, 'epoch': 0.64}
{'loss': 4.7965, 'grad_norm': 1.5000911951065063, 'learning_rate': 0.00030288263316500044, 'epoch': 0.64}
{'loss': 4.972, 'grad_norm': 1.5324777364730835, 'learning_rate': 0.00030271197081633834, 'epoch': 0.64}
{'loss': 4.5914, 'grad_norm': 1.402523398399353, 'learning_rate': 0.00030254133568623443, 'epoch': 0.64}
{'loss': 4.8033, 'grad_norm': 1.5742923021316528, 'learning_rate': 0.0003023707277982299, 'epoch': 0.64}
{'loss': 4.8993, 'grad_norm': 1.4454582929611206, 'learning_rate': 0.00030220014717586245, 'epoch': 0.64}
{'loss': 4.8974, 'grad_norm': 1.2982735633850098, 'learning_rate': 0.00030202959384266595, 'epoch': 0.64}
{'loss': 4.8165, 'grad_norm': 1.5028742551803589, 'learning_rate': 0.0003018590678221708, 'epoch': 0.64}
{'loss': 5.0183, 'grad_norm': 1.4792280197143555, 'learning_rate': 0.000301688569137903, 'epoch': 0.64}
{'loss': 4.6951, 'grad_norm': 1.4215939044952393, 'learning_rate': 0.00030151809781338534, 'epoch': 0.64}
{'loss': 4.7358, 'grad_norm': 1.5788557529449463, 'learning_rate': 0.0003013476538721366, 'epoch': 0.64}
{'loss': 4.9868, 'grad_norm': 1.4975037574768066, 'learning_rate': 0.0003011772373376721, 'epoch': 0.64}
{'loss': 4.6982, 'grad_norm': 1.4742662906646729, 'learning_rate': 0.0003010068482335027, 'epoch': 0.64}
{'loss': 4.9852, 'grad_norm': 1.6038333177566528, 'learning_rate': 0.00030083648658313605, 'epoch': 0.64}
{'loss': 5.0796, 'grad_norm': 1.5715605020523071, 'learning_rate': 0.0003006661524100761, 'epoch': 0.64}
{'loss': 4.8244, 'grad_norm': 1.4054900407791138, 'learning_rate': 0.0003004958457378223, 'epoch': 0.64}
{'loss': 4.8607, 'grad_norm': 1.3661271333694458, 'learning_rate': 0.0003003255665898711, 'epoch': 0.64}
{'loss': 4.8923, 'grad_norm': 1.481594443321228, 'learning_rate': 0.00030015531498971484, 'epoch': 0.64}
{'loss': 4.8225, 'grad_norm': 1.5205321311950684, 'learning_rate': 0.0002999850909608417, 'epoch': 0.64}
{'loss': 4.7958, 'grad_norm': 1.5290820598602295, 'learning_rate': 0.0002998148945267366, 'epoch': 0.64}
{'loss': 4.8319, 'grad_norm': 1.6254600286483765, 'learning_rate': 0.00029964472571088066, 'epoch': 0.64}
{'loss': 4.9539, 'grad_norm': 1.4834932088851929, 'learning_rate': 0.00029947458453675053, 'epoch': 0.64}
{'loss': 4.9057, 'grad_norm': 1.5447869300842285, 'learning_rate': 0.0002993044710278199, 'epoch': 0.64}
{'loss': 5.118, 'grad_norm': 1.3749884366989136, 'learning_rate': 0.00029913438520755785, 'epoch': 0.64}
{'loss': 4.8034, 'grad_norm': 1.601251244544983, 'learning_rate': 0.00029896432709943037, 'epoch': 0.64}
{'loss': 4.5369, 'grad_norm': 1.343013048171997, 'learning_rate': 0.0002987942967268992, 'epoch': 0.64}
{'loss': 5.0357, 'grad_norm': 1.5162348747253418, 'learning_rate': 0.0002986242941134222, 'epoch': 0.64}
{'loss': 4.7798, 'grad_norm': 1.3901623487472534, 'learning_rate': 0.0002984543192824537, 'epoch': 0.64}
{'loss': 5.1161, 'grad_norm': 1.8105117082595825, 'learning_rate': 0.0002982843722574438, 'epoch': 0.64}
{'loss': 4.8373, 'grad_norm': 1.4535683393478394, 'learning_rate': 0.00029811445306183917, 'epoch': 0.64}
{'loss': 4.8547, 'grad_norm': 1.6084948778152466, 'learning_rate': 0.00029794456171908256, 'epoch': 0.64}
{'loss': 4.5658, 'grad_norm': 1.4316508769989014, 'learning_rate': 0.00029777469825261263, 'epoch': 0.64}
{'loss': 5.1431, 'grad_norm': 1.6193361282348633, 'learning_rate': 0.0002976048626858642, 'epoch': 0.64}
{'loss': 4.8172, 'grad_norm': 1.4772725105285645, 'learning_rate': 0.00029743505504226884, 'epoch': 0.64}
{'loss': 4.9092, 'grad_norm': 1.4486830234527588, 'learning_rate': 0.0002972652753452534, 'epoch': 0.64}
{'loss': 4.7477, 'grad_norm': 1.3979123830795288, 'learning_rate': 0.0002970955236182413, 'epoch': 0.64}
{'loss': 4.825, 'grad_norm': 1.6593860387802124, 'learning_rate': 0.0002969257998846523, 'epoch': 0.65}
{'loss': 4.7108, 'grad_norm': 1.3627431392669678, 'learning_rate': 0.00029675610416790224, 'epoch': 0.65}
{'loss': 4.7654, 'grad_norm': 1.4601216316223145, 'learning_rate': 0.0002965864364914025, 'epoch': 0.65}
{'loss': 4.7344, 'grad_norm': 1.4552948474884033, 'learning_rate': 0.00029641679687856127, 'epoch': 0.65}
{'loss': 5.1345, 'grad_norm': 1.4615756273269653, 'learning_rate': 0.00029624718535278284, 'epoch': 0.65}
{'loss': 4.7761, 'grad_norm': 1.4025299549102783, 'learning_rate': 0.0002960776019374669, 'epoch': 0.65}
{'loss': 5.1892, 'grad_norm': 1.529150366783142, 'learning_rate': 0.00029590804665601027, 'epoch': 0.65}
{'loss': 4.7931, 'grad_norm': 1.4355686902999878, 'learning_rate': 0.0002957385195318052, 'epoch': 0.65}
{'loss': 4.785, 'grad_norm': 1.5597352981567383, 'learning_rate': 0.0002955690205882403, 'epoch': 0.65}
{'loss': 4.8984, 'grad_norm': 1.6694555282592773, 'learning_rate': 0.00029539954984870005, 'epoch': 0.65}
{'loss': 4.85, 'grad_norm': 1.5824295282363892, 'learning_rate': 0.00029523010733656553, 'epoch': 0.65}
{'loss': 4.9934, 'grad_norm': 1.5118954181671143, 'learning_rate': 0.00029506069307521347, 'epoch': 0.65}
{'loss': 4.9085, 'grad_norm': 1.7416454553604126, 'learning_rate': 0.00029489130708801683, 'epoch': 0.65}
{'loss': 4.8671, 'grad_norm': 1.4301692247390747, 'learning_rate': 0.00029472194939834473, 'epoch': 0.65}
{'loss': 5.4026, 'grad_norm': 1.625943899154663, 'learning_rate': 0.00029455262002956264, 'epoch': 0.65}
{'loss': 4.9547, 'grad_norm': 1.6036419868469238, 'learning_rate': 0.0002943833190050314, 'epoch': 0.65}
{'loss': 4.7436, 'grad_norm': 1.7656452655792236, 'learning_rate': 0.00029421404634810856, 'epoch': 0.65}
{'loss': 4.7581, 'grad_norm': 1.596457600593567, 'learning_rate': 0.0002940448020821478, 'epoch': 0.65}
{'loss': 5.1623, 'grad_norm': 1.5066086053848267, 'learning_rate': 0.00029387558623049826, 'epoch': 0.65}
{'loss': 4.9191, 'grad_norm': 1.6765214204788208, 'learning_rate': 0.0002937063988165057, 'epoch': 0.65}
{'loss': 5.0327, 'grad_norm': 1.776986837387085, 'learning_rate': 0.00029353723986351216, 'epoch': 0.65}
{'loss': 4.9865, 'grad_norm': 1.5096811056137085, 'learning_rate': 0.0002933681093948549, 'epoch': 0.65}
{'loss': 4.8987, 'grad_norm': 1.5598503351211548, 'learning_rate': 0.000293199007433868, 'epoch': 0.65}
{'loss': 4.7507, 'grad_norm': 1.9390578269958496, 'learning_rate': 0.0002930299340038815, 'epoch': 0.65}
{'loss': 4.7732, 'grad_norm': 1.508133053779602, 'learning_rate': 0.00029286088912822107, 'epoch': 0.65}
{'loss': 5.0718, 'grad_norm': 1.7150189876556396, 'learning_rate': 0.000292691872830209, 'epoch': 0.65}
{'loss': 5.0104, 'grad_norm': 1.6427714824676514, 'learning_rate': 0.00029252288513316314, 'epoch': 0.65}
{'loss': 5.0431, 'grad_norm': 1.7780919075012207, 'learning_rate': 0.0002923539260603979, 'epoch': 0.65}
{'loss': 4.7483, 'grad_norm': 1.3756814002990723, 'learning_rate': 0.0002921849956352234, 'epoch': 0.65}
{'loss': 4.9411, 'grad_norm': 1.6379998922348022, 'learning_rate': 0.00029201609388094564, 'epoch': 0.65}
{'loss': 4.8907, 'grad_norm': 1.8890998363494873, 'learning_rate': 0.00029184722082086737, 'epoch': 0.65}
{'loss': 5.1707, 'grad_norm': 1.5632781982421875, 'learning_rate': 0.0002916783764782863, 'epoch': 0.65}
{'loss': 4.8899, 'grad_norm': 1.565163016319275, 'learning_rate': 0.0002915095608764973, 'epoch': 0.65}
{'loss': 4.8109, 'grad_norm': 1.751025676727295, 'learning_rate': 0.00029134077403879065, 'epoch': 0.65}
{'loss': 5.084, 'grad_norm': 1.685794711112976, 'learning_rate': 0.0002911720159884528, 'epoch': 0.65}
{'loss': 5.0724, 'grad_norm': 1.486677885055542, 'learning_rate': 0.000291003286748766, 'epoch': 0.65}
{'loss': 4.85, 'grad_norm': 1.6619303226470947, 'learning_rate': 0.00029083458634300905, 'epoch': 0.65}
{'loss': 4.8953, 'grad_norm': 1.7740602493286133, 'learning_rate': 0.000290665914794456, 'epoch': 0.65}
{'loss': 4.8598, 'grad_norm': 1.4770596027374268, 'learning_rate': 0.0002904972721263779, 'epoch': 0.65}
{'loss': 4.8541, 'grad_norm': 1.5352007150650024, 'learning_rate': 0.000290328658362041, 'epoch': 0.65}
{'loss': 5.0824, 'grad_norm': 1.788112759590149, 'learning_rate': 0.00029016007352470805, 'epoch': 0.65}
{'loss': 4.9609, 'grad_norm': 1.6231842041015625, 'learning_rate': 0.0002899915176376374, 'epoch': 0.65}
{'loss': 4.4729, 'grad_norm': 1.5391672849655151, 'learning_rate': 0.0002898229907240835, 'epoch': 0.65}
{'loss': 4.9899, 'grad_norm': 1.9088385105133057, 'learning_rate': 0.00028965449280729755, 'epoch': 0.65}
{'loss': 4.792, 'grad_norm': 1.5910768508911133, 'learning_rate': 0.00028948602391052524, 'epoch': 0.65}
{'loss': 4.8823, 'grad_norm': 1.5242613554000854, 'learning_rate': 0.00028931758405700993, 'epoch': 0.65}
{'loss': 4.9386, 'grad_norm': 1.3974593877792358, 'learning_rate': 0.0002891491732699897, 'epoch': 0.65}
{'loss': 4.8593, 'grad_norm': 1.4666342735290527, 'learning_rate': 0.0002889807915726993, 'epoch': 0.65}
{'loss': 4.804, 'grad_norm': 1.4120733737945557, 'learning_rate': 0.00028881243898836904, 'epoch': 0.65}
{'loss': 4.5457, 'grad_norm': 1.4057323932647705, 'learning_rate': 0.00028864411554022594, 'epoch': 0.65}
{'loss': 4.7541, 'grad_norm': 1.4816354513168335, 'learning_rate': 0.00028847582125149184, 'epoch': 0.65}
{'loss': 4.8691, 'grad_norm': 1.3642066717147827, 'learning_rate': 0.00028830755614538573, 'epoch': 0.65}
{'loss': 4.9565, 'grad_norm': 1.4034801721572876, 'learning_rate': 0.0002881393202451219, 'epoch': 0.65}
{'loss': 4.7274, 'grad_norm': 1.5637906789779663, 'learning_rate': 0.00028797111357391084, 'epoch': 0.65}
{'loss': 4.7368, 'grad_norm': 1.3277578353881836, 'learning_rate': 0.00028780293615495855, 'epoch': 0.65}
{'loss': 4.8253, 'grad_norm': 1.4448179006576538, 'learning_rate': 0.0002876347880114679, 'epoch': 0.65}
{'loss': 4.8852, 'grad_norm': 1.4861990213394165, 'learning_rate': 0.000287466669166637, 'epoch': 0.65}
{'loss': 4.8412, 'grad_norm': 1.4042800664901733, 'learning_rate': 0.0002872985796436601, 'epoch': 0.65}
{'loss': 4.5616, 'grad_norm': 1.628946304321289, 'learning_rate': 0.00028713051946572756, 'epoch': 0.65}
{'loss': 4.9748, 'grad_norm': 1.4688704013824463, 'learning_rate': 0.00028696248865602535, 'epoch': 0.65}
{'loss': 4.8308, 'grad_norm': 1.4805355072021484, 'learning_rate': 0.0002867944872377358, 'epoch': 0.65}
{'loss': 4.8117, 'grad_norm': 1.7334010601043701, 'learning_rate': 0.0002866265152340366, 'epoch': 0.65}
{'loss': 4.9089, 'grad_norm': 1.5011483430862427, 'learning_rate': 0.0002864585726681025, 'epoch': 0.65}
{'loss': 4.8233, 'grad_norm': 1.4614256620407104, 'learning_rate': 0.00028629065956310256, 'epoch': 0.65}
{'loss': 5.023, 'grad_norm': 1.584787368774414, 'learning_rate': 0.0002861227759422034, 'epoch': 0.65}
{'loss': 5.0716, 'grad_norm': 1.6236610412597656, 'learning_rate': 0.00028595492182856644, 'epoch': 0.65}
{'loss': 4.9532, 'grad_norm': 1.4457279443740845, 'learning_rate': 0.0002857870972453496, 'epoch': 0.65}
{'loss': 4.9516, 'grad_norm': 1.6364414691925049, 'learning_rate': 0.00028561930221570627, 'epoch': 0.65}
{'loss': 4.6322, 'grad_norm': 1.479109764099121, 'learning_rate': 0.00028545153676278644, 'epoch': 0.65}
{'loss': 4.7416, 'grad_norm': 1.4309334754943848, 'learning_rate': 0.0002852838009097356, 'epoch': 0.65}
{'loss': 4.8444, 'grad_norm': 1.5445878505706787, 'learning_rate': 0.0002851160946796949, 'epoch': 0.65}
{'loss': 4.8167, 'grad_norm': 1.5153648853302002, 'learning_rate': 0.0002849484180958017, 'epoch': 0.65}
{'loss': 4.981, 'grad_norm': 1.5558160543441772, 'learning_rate': 0.0002847807711811898, 'epoch': 0.65}
{'loss': 4.9, 'grad_norm': 1.6009056568145752, 'learning_rate': 0.00028461315395898756, 'epoch': 0.65}
{'loss': 4.6464, 'grad_norm': 1.4469419717788696, 'learning_rate': 0.0002844455664523207, 'epoch': 0.65}
{'loss': 4.8993, 'grad_norm': 1.5597505569458008, 'learning_rate': 0.00028427800868430984, 'epoch': 0.65}
{'loss': 4.8877, 'grad_norm': 1.4474565982818604, 'learning_rate': 0.00028411048067807207, 'epoch': 0.65}
{'loss': 4.6649, 'grad_norm': 1.2829129695892334, 'learning_rate': 0.0002839429824567199, 'epoch': 0.65}
{'loss': 4.7667, 'grad_norm': 1.6260673999786377, 'learning_rate': 0.0002837755140433622, 'epoch': 0.65}
{'loss': 4.6293, 'grad_norm': 1.6259196996688843, 'learning_rate': 0.0002836080754611033, 'epoch': 0.65}
{'loss': 4.9386, 'grad_norm': 1.6119136810302734, 'learning_rate': 0.0002834406667330436, 'epoch': 0.65}
{'loss': 4.8924, 'grad_norm': 1.3935333490371704, 'learning_rate': 0.00028327328788227977, 'epoch': 0.65}
{'loss': 4.7929, 'grad_norm': 1.5858588218688965, 'learning_rate': 0.0002831059389319037, 'epoch': 0.65}
{'loss': 4.8002, 'grad_norm': 1.6462476253509521, 'learning_rate': 0.00028293861990500346, 'epoch': 0.65}
{'loss': 5.0289, 'grad_norm': 1.3315954208374023, 'learning_rate': 0.0002827713308246629, 'epoch': 0.65}
{'loss': 5.0113, 'grad_norm': 1.589613914489746, 'learning_rate': 0.0002826040717139623, 'epoch': 0.65}
{'loss': 5.0315, 'grad_norm': 1.3319358825683594, 'learning_rate': 0.00028243684259597656, 'epoch': 0.65}
{'loss': 4.7487, 'grad_norm': 1.5210328102111816, 'learning_rate': 0.0002822696434937779, 'epoch': 0.65}
{'loss': 4.82, 'grad_norm': 1.6177594661712646, 'learning_rate': 0.0002821024744304333, 'epoch': 0.66}
{'loss': 4.8148, 'grad_norm': 1.408479928970337, 'learning_rate': 0.0002819353354290061, 'epoch': 0.66}
{'loss': 4.9316, 'grad_norm': 1.5925625562667847, 'learning_rate': 0.00028176822651255524, 'epoch': 0.66}
{'loss': 4.6267, 'grad_norm': 1.3992912769317627, 'learning_rate': 0.00028160114770413617, 'epoch': 0.66}
{'loss': 4.8917, 'grad_norm': 1.4015954732894897, 'learning_rate': 0.00028143409902679897, 'epoch': 0.66}
{'loss': 4.8545, 'grad_norm': 1.3726887702941895, 'learning_rate': 0.0002812670805035908, 'epoch': 0.66}
{'loss': 4.7417, 'grad_norm': 1.503494143486023, 'learning_rate': 0.00028110009215755394, 'epoch': 0.66}
{'loss': 5.0676, 'grad_norm': 1.5789055824279785, 'learning_rate': 0.0002809331340117267, 'epoch': 0.66}
{'loss': 4.6122, 'grad_norm': 1.4166476726531982, 'learning_rate': 0.00028076620608914326, 'epoch': 0.66}
{'loss': 4.7924, 'grad_norm': 1.4232308864593506, 'learning_rate': 0.00028059930841283333, 'epoch': 0.66}
{'loss': 4.8464, 'grad_norm': 1.4876230955123901, 'learning_rate': 0.0002804324410058231, 'epoch': 0.66}
{'loss': 4.8501, 'grad_norm': 1.4319015741348267, 'learning_rate': 0.00028026560389113407, 'epoch': 0.66}
{'loss': 4.8828, 'grad_norm': 1.9974563121795654, 'learning_rate': 0.00028009879709178364, 'epoch': 0.66}
{'loss': 4.6954, 'grad_norm': 1.4063447713851929, 'learning_rate': 0.00027993202063078505, 'epoch': 0.66}
{'loss': 4.9181, 'grad_norm': 1.5586220026016235, 'learning_rate': 0.0002797652745311474, 'epoch': 0.66}
{'loss': 4.8791, 'grad_norm': 1.6023101806640625, 'learning_rate': 0.00027959855881587534, 'epoch': 0.66}
{'loss': 4.4523, 'grad_norm': 1.4551278352737427, 'learning_rate': 0.00027943187350797024, 'epoch': 0.66}
{'loss': 4.9991, 'grad_norm': 1.5133910179138184, 'learning_rate': 0.0002792652186304276, 'epoch': 0.66}
{'loss': 4.8105, 'grad_norm': 1.6127561330795288, 'learning_rate': 0.0002790985942062406, 'epoch': 0.66}
{'loss': 5.0184, 'grad_norm': 1.5227065086364746, 'learning_rate': 0.00027893200025839684, 'epoch': 0.66}
{'loss': 4.495, 'grad_norm': 1.657818078994751, 'learning_rate': 0.00027876543680988063, 'epoch': 0.66}
{'loss': 4.9029, 'grad_norm': 1.4460562467575073, 'learning_rate': 0.0002785989038836711, 'epoch': 0.66}
{'loss': 4.9404, 'grad_norm': 1.6543782949447632, 'learning_rate': 0.0002784324015027442, 'epoch': 0.66}
{'loss': 4.9497, 'grad_norm': 1.4816222190856934, 'learning_rate': 0.00027826592969007095, 'epoch': 0.66}
{'loss': 4.6569, 'grad_norm': 1.4725013971328735, 'learning_rate': 0.00027809948846861855, 'epoch': 0.66}
{'loss': 4.6386, 'grad_norm': 1.3538119792938232, 'learning_rate': 0.0002779330778613495, 'epoch': 0.66}
{'loss': 4.938, 'grad_norm': 1.3184574842453003, 'learning_rate': 0.000277766697891223, 'epoch': 0.66}
{'loss': 4.763, 'grad_norm': 1.4224776029586792, 'learning_rate': 0.00027760034858119264, 'epoch': 0.66}
{'loss': 4.7513, 'grad_norm': 1.4556102752685547, 'learning_rate': 0.00027743402995420927, 'epoch': 0.66}
{'loss': 4.9581, 'grad_norm': 1.3710988759994507, 'learning_rate': 0.00027726774203321844, 'epoch': 0.66}
{'loss': 4.7769, 'grad_norm': 1.4215701818466187, 'learning_rate': 0.0002771014848411618, 'epoch': 0.66}
{'loss': 4.6576, 'grad_norm': 1.4143714904785156, 'learning_rate': 0.000276935258400977, 'epoch': 0.66}
{'loss': 4.7792, 'grad_norm': 1.366744875907898, 'learning_rate': 0.0002767690627355969, 'epoch': 0.66}
{'loss': 4.8408, 'grad_norm': 1.5544723272323608, 'learning_rate': 0.00027660289786795103, 'epoch': 0.66}
{'loss': 4.6843, 'grad_norm': 1.524746298789978, 'learning_rate': 0.0002764367638209632, 'epoch': 0.66}
{'loss': 4.901, 'grad_norm': 1.533204197883606, 'learning_rate': 0.0002762706606175547, 'epoch': 0.66}
{'loss': 4.7203, 'grad_norm': 1.5028425455093384, 'learning_rate': 0.0002761045882806412, 'epoch': 0.66}
{'loss': 4.7849, 'grad_norm': 1.4322558641433716, 'learning_rate': 0.0002759385468331349, 'epoch': 0.66}
{'loss': 4.7968, 'grad_norm': 1.5052951574325562, 'learning_rate': 0.0002757725362979432, 'epoch': 0.66}
{'loss': 5.0198, 'grad_norm': 1.4398155212402344, 'learning_rate': 0.0002756065566979701, 'epoch': 0.66}
{'loss': 4.8397, 'grad_norm': 1.4054880142211914, 'learning_rate': 0.0002754406080561138, 'epoch': 0.66}
{'loss': 4.8408, 'grad_norm': 1.5435764789581299, 'learning_rate': 0.00027527469039526997, 'epoch': 0.66}
{'loss': 4.8752, 'grad_norm': 1.5191131830215454, 'learning_rate': 0.0002751088037383289, 'epoch': 0.66}
{'loss': 4.7963, 'grad_norm': 1.5127763748168945, 'learning_rate': 0.0002749429481081769, 'epoch': 0.66}
{'loss': 4.8963, 'grad_norm': 1.6737948656082153, 'learning_rate': 0.0002747771235276958, 'epoch': 0.66}
{'loss': 4.8479, 'grad_norm': 1.4673510789871216, 'learning_rate': 0.0002746113300197639, 'epoch': 0.66}
{'loss': 4.9992, 'grad_norm': 1.5462273359298706, 'learning_rate': 0.000274445567607254, 'epoch': 0.66}
{'loss': 4.6646, 'grad_norm': 1.4840087890625, 'learning_rate': 0.00027427983631303574, 'epoch': 0.66}
{'loss': 4.6801, 'grad_norm': 1.5654902458190918, 'learning_rate': 0.0002741141361599739, 'epoch': 0.66}
{'loss': 4.6696, 'grad_norm': 1.4373198747634888, 'learning_rate': 0.00027394846717092904, 'epoch': 0.66}
{'loss': 4.8558, 'grad_norm': 1.3738704919815063, 'learning_rate': 0.0002737828293687574, 'epoch': 0.66}
{'loss': 4.8988, 'grad_norm': 1.3552402257919312, 'learning_rate': 0.0002736172227763107, 'epoch': 0.66}
{'loss': 4.8296, 'grad_norm': 1.459500789642334, 'learning_rate': 0.0002734516474164375, 'epoch': 0.66}
{'loss': 4.8871, 'grad_norm': 1.416601538658142, 'learning_rate': 0.00027328610331197993, 'epoch': 0.66}
{'loss': 4.9309, 'grad_norm': 1.610422134399414, 'learning_rate': 0.00027312059048577796, 'epoch': 0.66}
{'loss': 4.69, 'grad_norm': 1.4443494081497192, 'learning_rate': 0.00027295510896066603, 'epoch': 0.66}
{'loss': 4.8734, 'grad_norm': 1.5260100364685059, 'learning_rate': 0.0002727896587594746, 'epoch': 0.66}
{'loss': 4.735, 'grad_norm': 1.6078470945358276, 'learning_rate': 0.0002726242399050295, 'epoch': 0.66}
{'loss': 4.7738, 'grad_norm': 1.498640775680542, 'learning_rate': 0.0002724588524201532, 'epoch': 0.66}
{'loss': 4.8501, 'grad_norm': 1.6222972869873047, 'learning_rate': 0.0002722934963276622, 'epoch': 0.66}
{'loss': 5.0826, 'grad_norm': 1.6002949476242065, 'learning_rate': 0.00027212817165037036, 'epoch': 0.66}
{'loss': 4.7946, 'grad_norm': 1.6984889507293701, 'learning_rate': 0.00027196287841108594, 'epoch': 0.66}
{'loss': 4.7265, 'grad_norm': 1.4794607162475586, 'learning_rate': 0.00027179761663261416, 'epoch': 0.66}
{'loss': 5.1506, 'grad_norm': 1.7633914947509766, 'learning_rate': 0.0002716323863377541, 'epoch': 0.66}
{'loss': 4.9132, 'grad_norm': 1.533412218093872, 'learning_rate': 0.0002714671875493022, 'epoch': 0.66}
{'loss': 4.7098, 'grad_norm': 1.4747202396392822, 'learning_rate': 0.0002713020202900498, 'epoch': 0.66}
{'loss': 4.83, 'grad_norm': 1.9078186750411987, 'learning_rate': 0.00027113688458278387, 'epoch': 0.66}
{'loss': 4.9479, 'grad_norm': 1.5855687856674194, 'learning_rate': 0.00027097178045028703, 'epoch': 0.66}
{'loss': 4.9115, 'grad_norm': 1.5038024187088013, 'learning_rate': 0.00027080670791533774, 'epoch': 0.66}
{'loss': 4.6422, 'grad_norm': 1.8013321161270142, 'learning_rate': 0.0002706416670007097, 'epoch': 0.66}
{'loss': 4.762, 'grad_norm': 1.5020867586135864, 'learning_rate': 0.0002704766577291731, 'epoch': 0.66}
{'loss': 4.8577, 'grad_norm': 1.5280472040176392, 'learning_rate': 0.0002703116801234929, 'epoch': 0.66}
{'loss': 4.6378, 'grad_norm': 1.5547243356704712, 'learning_rate': 0.00027014673420643, 'epoch': 0.66}
{'loss': 4.6539, 'grad_norm': 1.5582919120788574, 'learning_rate': 0.0002699818200007409, 'epoch': 0.66}
{'loss': 4.7208, 'grad_norm': 1.4709495306015015, 'learning_rate': 0.0002698169375291777, 'epoch': 0.66}
{'loss': 4.9014, 'grad_norm': 1.3964136838912964, 'learning_rate': 0.0002696520868144885, 'epoch': 0.66}
{'loss': 4.9205, 'grad_norm': 1.6315993070602417, 'learning_rate': 0.00026948726787941614, 'epoch': 0.66}
{'loss': 4.6236, 'grad_norm': 1.5168943405151367, 'learning_rate': 0.00026932248074670016, 'epoch': 0.66}
{'loss': 4.8148, 'grad_norm': 1.4506665468215942, 'learning_rate': 0.0002691577254390749, 'epoch': 0.66}
{'loss': 4.984, 'grad_norm': 1.5943498611450195, 'learning_rate': 0.0002689930019792707, 'epoch': 0.66}
{'loss': 4.7608, 'grad_norm': 1.520337462425232, 'learning_rate': 0.0002688283103900131, 'epoch': 0.66}
{'loss': 4.5949, 'grad_norm': 1.4204535484313965, 'learning_rate': 0.0002686636506940241, 'epoch': 0.66}
{'loss': 4.9633, 'grad_norm': 1.6075620651245117, 'learning_rate': 0.00026849902291402013, 'epoch': 0.66}
{'loss': 4.5793, 'grad_norm': 1.4870887994766235, 'learning_rate': 0.0002683344270727142, 'epoch': 0.66}
{'loss': 4.8986, 'grad_norm': 1.5289840698242188, 'learning_rate': 0.00026816986319281455, 'epoch': 0.66}
{'loss': 4.9631, 'grad_norm': 1.632883906364441, 'learning_rate': 0.0002680053312970248, 'epoch': 0.66}
{'loss': 4.9478, 'grad_norm': 1.5321294069290161, 'learning_rate': 0.0002678408314080443, 'epoch': 0.66}
{'loss': 4.6541, 'grad_norm': 1.6612502336502075, 'learning_rate': 0.00026767636354856837, 'epoch': 0.67}
{'loss': 4.8935, 'grad_norm': 1.5964041948318481, 'learning_rate': 0.0002675119277412874, 'epoch': 0.67}
{'loss': 4.7447, 'grad_norm': 1.5543866157531738, 'learning_rate': 0.0002673475240088875, 'epoch': 0.67}
{'loss': 4.91, 'grad_norm': 1.462915062904358, 'learning_rate': 0.00026718315237405044, 'epoch': 0.67}
{'loss': 4.6044, 'grad_norm': 1.5964807271957397, 'learning_rate': 0.0002670188128594535, 'epoch': 0.67}
{'loss': 4.8105, 'grad_norm': 1.5774677991867065, 'learning_rate': 0.0002668545054877696, 'epoch': 0.67}
{'loss': 4.5976, 'grad_norm': 1.412940502166748, 'learning_rate': 0.0002666902302816669, 'epoch': 0.67}
{'loss': 5.0584, 'grad_norm': 1.3328008651733398, 'learning_rate': 0.00026652598726381, 'epoch': 0.67}
{'loss': 5.0428, 'grad_norm': 1.5249862670898438, 'learning_rate': 0.00026636177645685764, 'epoch': 0.67}
{'loss': 4.7091, 'grad_norm': 1.5310132503509521, 'learning_rate': 0.00026619759788346553, 'epoch': 0.67}
{'loss': 4.6499, 'grad_norm': 1.64388906955719, 'learning_rate': 0.00026603345156628425, 'epoch': 0.67}
{'loss': 5.0222, 'grad_norm': 1.413844347000122, 'learning_rate': 0.00026586933752795975, 'epoch': 0.67}
{'loss': 4.6023, 'grad_norm': 1.595977783203125, 'learning_rate': 0.0002657052557911338, 'epoch': 0.67}
{'loss': 4.8338, 'grad_norm': 1.6041054725646973, 'learning_rate': 0.00026554120637844406, 'epoch': 0.67}
{'loss': 4.7959, 'grad_norm': 1.4723575115203857, 'learning_rate': 0.0002653771893125232, 'epoch': 0.67}
{'loss': 4.8258, 'grad_norm': 1.5067877769470215, 'learning_rate': 0.0002652132046159995, 'epoch': 0.67}
{'loss': 4.8995, 'grad_norm': 1.6152085065841675, 'learning_rate': 0.0002650492523114967, 'epoch': 0.67}
{'loss': 4.8654, 'grad_norm': 1.4406013488769531, 'learning_rate': 0.0002648853324216349, 'epoch': 0.67}
{'loss': 5.1163, 'grad_norm': 1.4001094102859497, 'learning_rate': 0.0002647214449690282, 'epoch': 0.67}
{'loss': 4.8942, 'grad_norm': 1.5553107261657715, 'learning_rate': 0.0002645575899762878, 'epoch': 0.67}
{'loss': 4.793, 'grad_norm': 1.7223243713378906, 'learning_rate': 0.0002643937674660193, 'epoch': 0.67}
{'loss': 4.785, 'grad_norm': 1.4095416069030762, 'learning_rate': 0.00026422997746082446, 'epoch': 0.67}
{'loss': 4.9117, 'grad_norm': 1.2599072456359863, 'learning_rate': 0.00026406621998330027, 'epoch': 0.67}
{'loss': 4.6459, 'grad_norm': 1.5353633165359497, 'learning_rate': 0.0002639024950560393, 'epoch': 0.67}
{'loss': 4.7556, 'grad_norm': 1.51837158203125, 'learning_rate': 0.00026373880270162957, 'epoch': 0.67}
{'loss': 4.6013, 'grad_norm': 1.436388373374939, 'learning_rate': 0.0002635751429426545, 'epoch': 0.67}
{'loss': 4.9723, 'grad_norm': 1.4394735097885132, 'learning_rate': 0.00026341151580169353, 'epoch': 0.67}
{'loss': 4.6652, 'grad_norm': 1.4214551448822021, 'learning_rate': 0.00026324792130132113, 'epoch': 0.67}
{'loss': 5.2387, 'grad_norm': 1.5252618789672852, 'learning_rate': 0.00026308435946410737, 'epoch': 0.67}
{'loss': 5.1055, 'grad_norm': 1.4612747430801392, 'learning_rate': 0.00026292083031261747, 'epoch': 0.67}
{'loss': 4.5684, 'grad_norm': 1.695818543434143, 'learning_rate': 0.00026275733386941325, 'epoch': 0.67}
{'loss': 4.8094, 'grad_norm': 1.52889084815979, 'learning_rate': 0.0002625938701570504, 'epoch': 0.67}
{'loss': 4.8679, 'grad_norm': 1.4781579971313477, 'learning_rate': 0.00026243043919808157, 'epoch': 0.67}
{'loss': 4.7894, 'grad_norm': 1.8026254177093506, 'learning_rate': 0.00026226704101505404, 'epoch': 0.67}
{'loss': 4.8615, 'grad_norm': 1.5537575483322144, 'learning_rate': 0.00026210367563051087, 'epoch': 0.67}
{'loss': 4.6147, 'grad_norm': 1.4774376153945923, 'learning_rate': 0.00026194034306699035, 'epoch': 0.67}
{'loss': 4.7647, 'grad_norm': 1.542856216430664, 'learning_rate': 0.0002617770433470269, 'epoch': 0.67}
{'loss': 4.7176, 'grad_norm': 1.5679004192352295, 'learning_rate': 0.0002616137764931492, 'epoch': 0.67}
{'loss': 4.8955, 'grad_norm': 1.468237280845642, 'learning_rate': 0.0002614505425278827, 'epoch': 0.67}
{'loss': 4.9057, 'grad_norm': 1.6157135963439941, 'learning_rate': 0.00026128734147374763, 'epoch': 0.67}
{'loss': 4.828, 'grad_norm': 1.4164084196090698, 'learning_rate': 0.00026112417335325965, 'epoch': 0.67}
{'loss': 4.9476, 'grad_norm': 1.6378741264343262, 'learning_rate': 0.00026096103818893014, 'epoch': 0.67}
{'loss': 4.6747, 'grad_norm': 1.3887356519699097, 'learning_rate': 0.0002607979360032655, 'epoch': 0.67}
{'loss': 4.7282, 'grad_norm': 1.4647313356399536, 'learning_rate': 0.00026063486681876833, 'epoch': 0.67}
{'loss': 4.7778, 'grad_norm': 1.4375274181365967, 'learning_rate': 0.0002604718306579361, 'epoch': 0.67}
{'loss': 4.8472, 'grad_norm': 1.662948489189148, 'learning_rate': 0.0002603088275432618, 'epoch': 0.67}
{'loss': 4.5105, 'grad_norm': 1.3569097518920898, 'learning_rate': 0.00026014585749723385, 'epoch': 0.67}
{'loss': 5.1115, 'grad_norm': 1.5218305587768555, 'learning_rate': 0.0002599829205423363, 'epoch': 0.67}
{'loss': 4.9351, 'grad_norm': 1.5588053464889526, 'learning_rate': 0.0002598200167010483, 'epoch': 0.67}
{'loss': 5.0147, 'grad_norm': 1.5875747203826904, 'learning_rate': 0.00025965714599584513, 'epoch': 0.67}
{'loss': 4.8165, 'grad_norm': 1.5772137641906738, 'learning_rate': 0.0002594943084491963, 'epoch': 0.67}
{'loss': 4.8328, 'grad_norm': 1.6006091833114624, 'learning_rate': 0.000259331504083568, 'epoch': 0.67}
{'loss': 5.1791, 'grad_norm': 1.432904839515686, 'learning_rate': 0.0002591687329214212, 'epoch': 0.67}
{'loss': 4.9636, 'grad_norm': 1.4029176235198975, 'learning_rate': 0.00025900599498521225, 'epoch': 0.67}
{'loss': 4.8599, 'grad_norm': 1.3998090028762817, 'learning_rate': 0.0002588432902973931, 'epoch': 0.67}
{'loss': 5.0708, 'grad_norm': 1.685208797454834, 'learning_rate': 0.0002586806188804112, 'epoch': 0.67}
{'loss': 4.7464, 'grad_norm': 1.6409344673156738, 'learning_rate': 0.0002585179807567091, 'epoch': 0.67}
{'loss': 4.7904, 'grad_norm': 1.5281308889389038, 'learning_rate': 0.00025835537594872505, 'epoch': 0.67}
{'loss': 4.8506, 'grad_norm': 1.4208053350448608, 'learning_rate': 0.0002581928044788924, 'epoch': 0.67}
{'loss': 4.7547, 'grad_norm': 1.5272122621536255, 'learning_rate': 0.0002580302663696406, 'epoch': 0.67}
{'loss': 4.7066, 'grad_norm': 1.4194846153259277, 'learning_rate': 0.00025786776164339327, 'epoch': 0.67}
{'loss': 4.9318, 'grad_norm': 1.5996873378753662, 'learning_rate': 0.0002577052903225706, 'epoch': 0.67}
{'loss': 4.8102, 'grad_norm': 1.6009379625320435, 'learning_rate': 0.00025754285242958767, 'epoch': 0.67}
{'loss': 4.7101, 'grad_norm': 1.8031100034713745, 'learning_rate': 0.0002573804479868549, 'epoch': 0.67}
{'loss': 4.5984, 'grad_norm': 1.4939066171646118, 'learning_rate': 0.00025721807701677824, 'epoch': 0.67}
{'loss': 4.9398, 'grad_norm': 1.5462485551834106, 'learning_rate': 0.00025705573954175884, 'epoch': 0.67}
{'loss': 4.6176, 'grad_norm': 1.3516948223114014, 'learning_rate': 0.00025689343558419356, 'epoch': 0.67}
{'loss': 4.8065, 'grad_norm': 1.5802830457687378, 'learning_rate': 0.0002567311651664741, 'epoch': 0.67}
{'loss': 4.7387, 'grad_norm': 1.535627007484436, 'learning_rate': 0.00025656892831098823, 'epoch': 0.67}
{'loss': 4.8785, 'grad_norm': 1.3963590860366821, 'learning_rate': 0.00025640672504011864, 'epoch': 0.67}
{'loss': 4.795, 'grad_norm': 1.4863414764404297, 'learning_rate': 0.00025624455537624335, 'epoch': 0.67}
{'loss': 4.8399, 'grad_norm': 1.4935297966003418, 'learning_rate': 0.0002560824193417357, 'epoch': 0.67}
{'loss': 4.817, 'grad_norm': 1.5230175256729126, 'learning_rate': 0.00025592031695896523, 'epoch': 0.67}
{'loss': 5.0146, 'grad_norm': 1.6207695007324219, 'learning_rate': 0.00025575824825029524, 'epoch': 0.67}
{'loss': 4.9328, 'grad_norm': 1.436905860900879, 'learning_rate': 0.000255596213238086, 'epoch': 0.67}
{'loss': 4.7824, 'grad_norm': 1.6216059923171997, 'learning_rate': 0.0002554342119446923, 'epoch': 0.67}
{'loss': 4.8186, 'grad_norm': 1.5214524269104004, 'learning_rate': 0.00025527224439246424, 'epoch': 0.67}
{'loss': 5.0794, 'grad_norm': 1.5037034749984741, 'learning_rate': 0.0002551103106037473, 'epoch': 0.67}
{'loss': 4.9695, 'grad_norm': 1.6238105297088623, 'learning_rate': 0.000254948410600883, 'epoch': 0.67}
{'loss': 4.8245, 'grad_norm': 1.5205698013305664, 'learning_rate': 0.0002547865444062071, 'epoch': 0.67}
{'loss': 5.0267, 'grad_norm': 1.4841532707214355, 'learning_rate': 0.0002546247120420515, 'epoch': 0.67}
{'loss': 4.7707, 'grad_norm': 1.5216878652572632, 'learning_rate': 0.0002544629135307431, 'epoch': 0.67}
{'loss': 4.8598, 'grad_norm': 1.6249668598175049, 'learning_rate': 0.0002543011488946042, 'epoch': 0.67}
{'loss': 4.6518, 'grad_norm': 1.596990942955017, 'learning_rate': 0.0002541394181559525, 'epoch': 0.67}
{'loss': 4.6548, 'grad_norm': 1.3941082954406738, 'learning_rate': 0.00025397772133710063, 'epoch': 0.67}
{'loss': 4.804, 'grad_norm': 1.493430733680725, 'learning_rate': 0.0002538160584603575, 'epoch': 0.67}
{'loss': 4.9134, 'grad_norm': 1.5948587656021118, 'learning_rate': 0.00025365442954802586, 'epoch': 0.67}
{'loss': 5.0073, 'grad_norm': 1.3963223695755005, 'learning_rate': 0.0002534928346224053, 'epoch': 0.68}
{'loss': 5.0783, 'grad_norm': 1.5363765954971313, 'learning_rate': 0.0002533312737057898, 'epoch': 0.68}
{'loss': 5.0244, 'grad_norm': 1.5278143882751465, 'learning_rate': 0.0002531697468204688, 'epoch': 0.68}
{'loss': 4.6831, 'grad_norm': 1.3909178972244263, 'learning_rate': 0.000253008253988727, 'epoch': 0.68}
{'loss': 4.777, 'grad_norm': 1.5559501647949219, 'learning_rate': 0.00025284679523284516, 'epoch': 0.68}
{'loss': 4.6681, 'grad_norm': 1.6238634586334229, 'learning_rate': 0.0002526853705750978, 'epoch': 0.68}
{'loss': 4.9074, 'grad_norm': 1.558050274848938, 'learning_rate': 0.00025252398003775624, 'epoch': 0.68}
{'loss': 4.8334, 'grad_norm': 1.461154580116272, 'learning_rate': 0.0002523626236430862, 'epoch': 0.68}
{'loss': 4.6596, 'grad_norm': 1.4334406852722168, 'learning_rate': 0.00025220130141334954, 'epoch': 0.68}
{'loss': 4.8825, 'grad_norm': 1.5278432369232178, 'learning_rate': 0.000252040013370802, 'epoch': 0.68}
{'loss': 4.9321, 'grad_norm': 1.569966197013855, 'learning_rate': 0.0002518787595376961, 'epoch': 0.68}
{'loss': 4.7665, 'grad_norm': 1.333115577697754, 'learning_rate': 0.0002517175399362788, 'epoch': 0.68}
{'loss': 4.8927, 'grad_norm': 1.439510703086853, 'learning_rate': 0.00025155635458879247, 'epoch': 0.68}
{'loss': 4.6867, 'grad_norm': 1.4201894998550415, 'learning_rate': 0.0002513952035174748, 'epoch': 0.68}
{'loss': 4.79, 'grad_norm': 1.359342336654663, 'learning_rate': 0.00025123408674455894, 'epoch': 0.68}
{'loss': 4.6869, 'grad_norm': 1.382559895515442, 'learning_rate': 0.00025107300429227274, 'epoch': 0.68}
{'loss': 4.9056, 'grad_norm': 1.5836454629898071, 'learning_rate': 0.00025091195618284014, 'epoch': 0.68}
{'loss': 4.7617, 'grad_norm': 1.3211420774459839, 'learning_rate': 0.0002507509424384798, 'epoch': 0.68}
{'loss': 4.7451, 'grad_norm': 1.6691738367080688, 'learning_rate': 0.0002505899630814057, 'epoch': 0.68}
{'loss': 4.9293, 'grad_norm': 1.4951287508010864, 'learning_rate': 0.00025042901813382705, 'epoch': 0.68}
{'loss': 4.8819, 'grad_norm': 1.4211338758468628, 'learning_rate': 0.00025026810761794835, 'epoch': 0.68}
{'loss': 4.8247, 'grad_norm': 1.5188968181610107, 'learning_rate': 0.00025010723155596983, 'epoch': 0.68}
{'loss': 4.8294, 'grad_norm': 1.6455249786376953, 'learning_rate': 0.00024994638997008576, 'epoch': 0.68}
{'loss': 4.7229, 'grad_norm': 1.5286240577697754, 'learning_rate': 0.0002497855828824871, 'epoch': 0.68}
{'loss': 4.6374, 'grad_norm': 1.6331777572631836, 'learning_rate': 0.00024962481031535913, 'epoch': 0.68}
{'loss': 4.762, 'grad_norm': 1.6144191026687622, 'learning_rate': 0.0002494640722908825, 'epoch': 0.68}
{'loss': 4.8942, 'grad_norm': 1.4834853410720825, 'learning_rate': 0.0002493033688312331, 'epoch': 0.68}
{'loss': 5.041, 'grad_norm': 1.5552293062210083, 'learning_rate': 0.0002491426999585828, 'epoch': 0.68}
{'loss': 4.4746, 'grad_norm': 1.5158878564834595, 'learning_rate': 0.00024898206569509717, 'epoch': 0.68}
{'loss': 4.8987, 'grad_norm': 1.5102970600128174, 'learning_rate': 0.0002488214660629385, 'epoch': 0.68}
{'loss': 4.7957, 'grad_norm': 1.507348656654358, 'learning_rate': 0.0002486609010842634, 'epoch': 0.68}
{'loss': 4.7544, 'grad_norm': 1.4001736640930176, 'learning_rate': 0.00024850037078122416, 'epoch': 0.68}
{'loss': 4.851, 'grad_norm': 1.5283575057983398, 'learning_rate': 0.0002483398751759678, 'epoch': 0.68}
{'loss': 4.7051, 'grad_norm': 1.4583579301834106, 'learning_rate': 0.0002481794142906373, 'epoch': 0.68}
{'loss': 4.7023, 'grad_norm': 1.605968713760376, 'learning_rate': 0.00024801898814737016, 'epoch': 0.68}
{'loss': 5.0658, 'grad_norm': 1.4807544946670532, 'learning_rate': 0.00024785859676829943, 'epoch': 0.68}
{'loss': 4.8854, 'grad_norm': 1.5040816068649292, 'learning_rate': 0.0002476982401755532, 'epoch': 0.68}
{'loss': 4.9435, 'grad_norm': 1.5591092109680176, 'learning_rate': 0.0002475379183912549, 'epoch': 0.68}
{'loss': 4.5977, 'grad_norm': 1.5937113761901855, 'learning_rate': 0.000247377631437523, 'epoch': 0.68}
{'loss': 4.6102, 'grad_norm': 1.6185623407363892, 'learning_rate': 0.00024721737933647113, 'epoch': 0.68}
{'loss': 5.0063, 'grad_norm': 1.3971043825149536, 'learning_rate': 0.00024705716211020885, 'epoch': 0.68}
{'loss': 5.0038, 'grad_norm': 1.5432219505310059, 'learning_rate': 0.0002468969797808394, 'epoch': 0.68}
{'loss': 4.8516, 'grad_norm': 1.4314879179000854, 'learning_rate': 0.00024673683237046287, 'epoch': 0.68}
{'loss': 5.0188, 'grad_norm': 1.5712897777557373, 'learning_rate': 0.00024657671990117343, 'epoch': 0.68}
{'loss': 4.9303, 'grad_norm': 1.5101426839828491, 'learning_rate': 0.00024641664239506076, 'epoch': 0.68}
{'loss': 4.7436, 'grad_norm': 1.5726982355117798, 'learning_rate': 0.0002462565998742097, 'epoch': 0.68}
{'loss': 4.9332, 'grad_norm': 1.4867932796478271, 'learning_rate': 0.0002460965923607006, 'epoch': 0.68}
{'loss': 4.6412, 'grad_norm': 1.5906121730804443, 'learning_rate': 0.0002459366198766081, 'epoch': 0.68}
{'loss': 4.6889, 'grad_norm': 1.5030477046966553, 'learning_rate': 0.00024577668244400307, 'epoch': 0.68}
{'loss': 4.9203, 'grad_norm': 1.507308006286621, 'learning_rate': 0.00024561678008495067, 'epoch': 0.68}
{'loss': 4.8411, 'grad_norm': 1.7102830410003662, 'learning_rate': 0.00024545691282151224, 'epoch': 0.68}
{'loss': 4.908, 'grad_norm': 1.6250076293945312, 'learning_rate': 0.0002452970806757428, 'epoch': 0.68}
{'loss': 4.6935, 'grad_norm': 1.4401826858520508, 'learning_rate': 0.0002451372836696939, 'epoch': 0.68}
{'loss': 4.8264, 'grad_norm': 1.5358723402023315, 'learning_rate': 0.00024497752182541156, 'epoch': 0.68}
{'loss': 4.7281, 'grad_norm': 1.4568101167678833, 'learning_rate': 0.00024481779516493713, 'epoch': 0.68}
{'loss': 4.6293, 'grad_norm': 1.6522167921066284, 'learning_rate': 0.000244658103710307, 'epoch': 0.68}
{'loss': 4.8784, 'grad_norm': 1.448921799659729, 'learning_rate': 0.00024449844748355276, 'epoch': 0.68}
{'loss': 4.9827, 'grad_norm': 1.4658088684082031, 'learning_rate': 0.00024433882650670127, 'epoch': 0.68}
{'loss': 4.6906, 'grad_norm': 1.8665693998336792, 'learning_rate': 0.0002441792408017741, 'epoch': 0.68}
{'loss': 4.8361, 'grad_norm': 1.6806520223617554, 'learning_rate': 0.0002440196903907887, 'epoch': 0.68}
{'loss': 4.5453, 'grad_norm': 1.4539105892181396, 'learning_rate': 0.00024386017529575693, 'epoch': 0.68}
{'loss': 4.8106, 'grad_norm': 1.4136277437210083, 'learning_rate': 0.00024370069553868618, 'epoch': 0.68}
{'loss': 5.0345, 'grad_norm': 1.4769879579544067, 'learning_rate': 0.0002435412511415786, 'epoch': 0.68}
{'loss': 5.0173, 'grad_norm': 1.448716640472412, 'learning_rate': 0.00024338184212643234, 'epoch': 0.68}
{'loss': 5.0096, 'grad_norm': 1.473821759223938, 'learning_rate': 0.0002432224685152391, 'epoch': 0.68}
{'loss': 4.6908, 'grad_norm': 1.6245827674865723, 'learning_rate': 0.0002430631303299874, 'epoch': 0.68}
{'loss': 4.7217, 'grad_norm': 1.5377013683319092, 'learning_rate': 0.00024290382759265978, 'epoch': 0.68}
{'loss': 4.5829, 'grad_norm': 1.4813799858093262, 'learning_rate': 0.0002427445603252343, 'epoch': 0.68}
{'loss': 4.6753, 'grad_norm': 1.485222578048706, 'learning_rate': 0.0002425853285496838, 'epoch': 0.68}
{'loss': 4.8349, 'grad_norm': 1.372275948524475, 'learning_rate': 0.000242426132287977, 'epoch': 0.68}
{'loss': 4.9114, 'grad_norm': 1.513347864151001, 'learning_rate': 0.0002422669715620765, 'epoch': 0.68}
{'loss': 4.6588, 'grad_norm': 1.6339343786239624, 'learning_rate': 0.00024210784639394124, 'epoch': 0.68}
{'loss': 4.7844, 'grad_norm': 1.4329637289047241, 'learning_rate': 0.0002419487568055244, 'epoch': 0.68}
{'loss': 4.776, 'grad_norm': 1.4237934350967407, 'learning_rate': 0.00024178970281877465, 'epoch': 0.68}
{'loss': 4.9704, 'grad_norm': 1.5373902320861816, 'learning_rate': 0.0002416306844556357, 'epoch': 0.68}
{'loss': 5.0201, 'grad_norm': 1.566361427307129, 'learning_rate': 0.0002414717017380459, 'epoch': 0.68}
{'loss': 4.8843, 'grad_norm': 1.3483723402023315, 'learning_rate': 0.00024131275468793962, 'epoch': 0.68}
{'loss': 4.8228, 'grad_norm': 1.4672143459320068, 'learning_rate': 0.0002411538433272455, 'epoch': 0.68}
{'loss': 5.0354, 'grad_norm': 1.3622862100601196, 'learning_rate': 0.00024099496767788754, 'epoch': 0.68}
{'loss': 4.7338, 'grad_norm': 1.5250016450881958, 'learning_rate': 0.00024083612776178476, 'epoch': 0.68}
{'loss': 4.9268, 'grad_norm': 1.5834037065505981, 'learning_rate': 0.00024067732360085132, 'epoch': 0.68}
{'loss': 4.8893, 'grad_norm': 1.538383960723877, 'learning_rate': 0.00024051855521699616, 'epoch': 0.68}
{'loss': 4.6433, 'grad_norm': 1.5753060579299927, 'learning_rate': 0.0002403598226321242, 'epoch': 0.68}
{'loss': 4.993, 'grad_norm': 1.4206589460372925, 'learning_rate': 0.00024020112586813392, 'epoch': 0.68}
{'loss': 4.7599, 'grad_norm': 1.4821442365646362, 'learning_rate': 0.00024004246494692023, 'epoch': 0.68}
{'loss': 4.9282, 'grad_norm': 1.4720255136489868, 'learning_rate': 0.00023988383989037243, 'epoch': 0.68}
{'loss': 4.7807, 'grad_norm': 1.3982863426208496, 'learning_rate': 0.00023972525072037498, 'epoch': 0.68}
{'loss': 4.9583, 'grad_norm': 1.7173031568527222, 'learning_rate': 0.00023956669745880716, 'epoch': 0.69}
{'loss': 4.5682, 'grad_norm': 1.560502529144287, 'learning_rate': 0.000239408180127544, 'epoch': 0.69}
{'loss': 4.8531, 'grad_norm': 1.6268761157989502, 'learning_rate': 0.00023924969874845493, 'epoch': 0.69}
{'loss': 5.053, 'grad_norm': 1.363670825958252, 'learning_rate': 0.00023909125334340453, 'epoch': 0.69}
{'loss': 5.04, 'grad_norm': 1.6927951574325562, 'learning_rate': 0.00023893284393425236, 'epoch': 0.69}
{'loss': 4.6755, 'grad_norm': 1.379786491394043, 'learning_rate': 0.00023877447054285368, 'epoch': 0.69}
{'loss': 4.7286, 'grad_norm': 1.4676704406738281, 'learning_rate': 0.00023861613319105747, 'epoch': 0.69}
{'loss': 4.9686, 'grad_norm': 1.5570162534713745, 'learning_rate': 0.00023845783190070912, 'epoch': 0.69}
{'loss': 5.0471, 'grad_norm': 1.418108582496643, 'learning_rate': 0.00023829956669364828, 'epoch': 0.69}
{'loss': 4.6811, 'grad_norm': 1.520439863204956, 'learning_rate': 0.00023814133759170975, 'epoch': 0.69}
{'loss': 4.6682, 'grad_norm': 1.640252947807312, 'learning_rate': 0.00023798314461672337, 'epoch': 0.69}
{'loss': 4.8314, 'grad_norm': 1.5123807191848755, 'learning_rate': 0.00023782498779051397, 'epoch': 0.69}
{'loss': 4.8832, 'grad_norm': 1.5466686487197876, 'learning_rate': 0.0002376668671349015, 'epoch': 0.69}
{'loss': 5.003, 'grad_norm': 1.5696091651916504, 'learning_rate': 0.0002375087826717006, 'epoch': 0.69}
{'loss': 4.8945, 'grad_norm': 1.553316354751587, 'learning_rate': 0.00023735073442272164, 'epoch': 0.69}
{'loss': 4.6292, 'grad_norm': 1.5114728212356567, 'learning_rate': 0.0002371927224097692, 'epoch': 0.69}
{'loss': 5.1841, 'grad_norm': 1.5910049676895142, 'learning_rate': 0.00023703474665464326, 'epoch': 0.69}
{'loss': 4.9016, 'grad_norm': 1.5978373289108276, 'learning_rate': 0.00023687680717913846, 'epoch': 0.69}
{'loss': 4.9876, 'grad_norm': 1.5025227069854736, 'learning_rate': 0.00023671890400504537, 'epoch': 0.69}
{'loss': 4.5071, 'grad_norm': 1.7098174095153809, 'learning_rate': 0.00023656103715414802, 'epoch': 0.69}
{'loss': 4.8607, 'grad_norm': 1.597794771194458, 'learning_rate': 0.00023640320664822684, 'epoch': 0.69}
{'loss': 4.93, 'grad_norm': 1.4995139837265015, 'learning_rate': 0.00023624541250905662, 'epoch': 0.69}
{'loss': 5.1087, 'grad_norm': 1.551750659942627, 'learning_rate': 0.00023608765475840706, 'epoch': 0.69}
{'loss': 4.9469, 'grad_norm': 1.5646545886993408, 'learning_rate': 0.00023592993341804287, 'epoch': 0.69}
{'loss': 4.7683, 'grad_norm': 1.4756255149841309, 'learning_rate': 0.0002357722485097244, 'epoch': 0.69}
{'loss': 4.7446, 'grad_norm': 1.5668418407440186, 'learning_rate': 0.00023561460005520568, 'epoch': 0.69}
{'loss': 4.8775, 'grad_norm': 1.79896080493927, 'learning_rate': 0.00023545698807623695, 'epoch': 0.69}
{'loss': 4.7682, 'grad_norm': 1.5374538898468018, 'learning_rate': 0.00023529941259456283, 'epoch': 0.69}
{'loss': 4.945, 'grad_norm': 1.5859994888305664, 'learning_rate': 0.0002351418736319229, 'epoch': 0.69}
{'loss': 4.8911, 'grad_norm': 1.631231665611267, 'learning_rate': 0.00023498437121005183, 'epoch': 0.69}
{'loss': 4.725, 'grad_norm': 1.4487794637680054, 'learning_rate': 0.00023482690535067907, 'epoch': 0.69}
{'loss': 4.6622, 'grad_norm': 1.5650184154510498, 'learning_rate': 0.00023466947607552968, 'epoch': 0.69}
{'loss': 4.7392, 'grad_norm': 1.5205485820770264, 'learning_rate': 0.0002345120834063224, 'epoch': 0.69}
{'loss': 4.8543, 'grad_norm': 1.458974003791809, 'learning_rate': 0.00023435472736477232, 'epoch': 0.69}
{'loss': 4.9491, 'grad_norm': 1.3675141334533691, 'learning_rate': 0.00023419740797258858, 'epoch': 0.69}
{'loss': 4.7959, 'grad_norm': 1.3091775178909302, 'learning_rate': 0.00023404012525147562, 'epoch': 0.69}
{'loss': 4.8314, 'grad_norm': 1.5376956462860107, 'learning_rate': 0.0002338828792231324, 'epoch': 0.69}
{'loss': 4.951, 'grad_norm': 1.4486680030822754, 'learning_rate': 0.00023372566990925375, 'epoch': 0.69}
{'loss': 4.7863, 'grad_norm': 1.4393970966339111, 'learning_rate': 0.00023356849733152806, 'epoch': 0.69}
{'loss': 4.4032, 'grad_norm': 1.496444582939148, 'learning_rate': 0.00023341136151164011, 'epoch': 0.69}
{'loss': 4.7377, 'grad_norm': 1.474646806716919, 'learning_rate': 0.00023325426247126858, 'epoch': 0.69}
{'loss': 4.6434, 'grad_norm': 1.6609660387039185, 'learning_rate': 0.00023309720023208746, 'epoch': 0.69}
{'loss': 4.8223, 'grad_norm': 1.4264687299728394, 'learning_rate': 0.00023294017481576546, 'epoch': 0.69}
{'loss': 4.8416, 'grad_norm': 1.4530704021453857, 'learning_rate': 0.00023278318624396672, 'epoch': 0.69}
{'loss': 5.1058, 'grad_norm': 1.5666491985321045, 'learning_rate': 0.0002326262345383497, 'epoch': 0.69}
{'loss': 4.9019, 'grad_norm': 1.5066697597503662, 'learning_rate': 0.00023246931972056812, 'epoch': 0.69}
{'loss': 4.9143, 'grad_norm': 1.574902057647705, 'learning_rate': 0.0002323124418122704, 'epoch': 0.69}
{'loss': 4.9573, 'grad_norm': 1.3900235891342163, 'learning_rate': 0.00023215560083510002, 'epoch': 0.69}
{'loss': 5.1005, 'grad_norm': 1.5701740980148315, 'learning_rate': 0.00023199879681069514, 'epoch': 0.69}
{'loss': 4.7206, 'grad_norm': 1.4688782691955566, 'learning_rate': 0.00023184202976068942, 'epoch': 0.69}
{'loss': 4.8757, 'grad_norm': 1.3954476118087769, 'learning_rate': 0.0002316852997067107, 'epoch': 0.69}
{'loss': 5.0705, 'grad_norm': 1.601199984550476, 'learning_rate': 0.0002315286066703821, 'epoch': 0.69}
{'loss': 4.8183, 'grad_norm': 1.4763823747634888, 'learning_rate': 0.0002313719506733215, 'epoch': 0.69}
{'loss': 4.8882, 'grad_norm': 1.351119875907898, 'learning_rate': 0.00023121533173714177, 'epoch': 0.69}
{'loss': 4.9635, 'grad_norm': 1.609879732131958, 'learning_rate': 0.0002310587498834506, 'epoch': 0.69}
{'loss': 4.8738, 'grad_norm': 1.4435957670211792, 'learning_rate': 0.00023090220513385034, 'epoch': 0.69}
{'loss': 4.8874, 'grad_norm': 1.4117472171783447, 'learning_rate': 0.00023074569750993891, 'epoch': 0.69}
{'loss': 4.7846, 'grad_norm': 1.621741771697998, 'learning_rate': 0.00023058922703330842, 'epoch': 0.69}
{'loss': 4.6771, 'grad_norm': 1.4717459678649902, 'learning_rate': 0.0002304327937255461, 'epoch': 0.69}
{'loss': 5.015, 'grad_norm': 1.4412026405334473, 'learning_rate': 0.00023027639760823392, 'epoch': 0.69}
{'loss': 4.5596, 'grad_norm': 1.3232206106185913, 'learning_rate': 0.0002301200387029493, 'epoch': 0.69}
{'loss': 4.8744, 'grad_norm': 1.3420743942260742, 'learning_rate': 0.0002299637170312634, 'epoch': 0.69}
{'loss': 4.7753, 'grad_norm': 1.6323983669281006, 'learning_rate': 0.00022980743261474346, 'epoch': 0.69}
{'loss': 4.6867, 'grad_norm': 1.369860291481018, 'learning_rate': 0.0002296511854749508, 'epoch': 0.69}
{'loss': 4.8528, 'grad_norm': 1.4607057571411133, 'learning_rate': 0.0002294949756334419, 'epoch': 0.69}
{'loss': 4.7472, 'grad_norm': 1.5523990392684937, 'learning_rate': 0.0002293388031117678, 'epoch': 0.69}
{'loss': 4.7294, 'grad_norm': 1.4306597709655762, 'learning_rate': 0.0002291826679314752, 'epoch': 0.69}
{'loss': 4.7793, 'grad_norm': 1.3953523635864258, 'learning_rate': 0.00022902657011410427, 'epoch': 0.69}
{'loss': 5.0423, 'grad_norm': 1.8366718292236328, 'learning_rate': 0.00022887050968119145, 'epoch': 0.69}
{'loss': 5.0209, 'grad_norm': 1.644099473953247, 'learning_rate': 0.00022871448665426708, 'epoch': 0.69}
{'loss': 4.9271, 'grad_norm': 1.4635803699493408, 'learning_rate': 0.00022855850105485683, 'epoch': 0.69}
{'loss': 4.9399, 'grad_norm': 1.545865535736084, 'learning_rate': 0.00022840255290448093, 'epoch': 0.69}
{'loss': 4.733, 'grad_norm': 1.4420948028564453, 'learning_rate': 0.0002282466422246543, 'epoch': 0.69}
{'loss': 4.907, 'grad_norm': 1.7828327417373657, 'learning_rate': 0.00022809076903688763, 'epoch': 0.69}
{'loss': 5.0207, 'grad_norm': 1.3608970642089844, 'learning_rate': 0.00022793493336268483, 'epoch': 0.69}
{'loss': 4.6971, 'grad_norm': 1.3613513708114624, 'learning_rate': 0.00022777913522354626, 'epoch': 0.69}
{'loss': 4.7046, 'grad_norm': 1.5549589395523071, 'learning_rate': 0.0002276233746409661, 'epoch': 0.69}
{'loss': 4.7818, 'grad_norm': 1.469445824623108, 'learning_rate': 0.0002274676516364337, 'epoch': 0.69}
{'loss': 4.7751, 'grad_norm': 1.4487602710723877, 'learning_rate': 0.00022731196623143284, 'epoch': 0.69}
{'loss': 4.6024, 'grad_norm': 1.4134315252304077, 'learning_rate': 0.00022715631844744317, 'epoch': 0.69}
{'loss': 4.8595, 'grad_norm': 1.3958567380905151, 'learning_rate': 0.00022700070830593755, 'epoch': 0.69}
{'loss': 4.8553, 'grad_norm': 1.4616200923919678, 'learning_rate': 0.00022684513582838512, 'epoch': 0.69}
{'loss': 4.6012, 'grad_norm': 1.4398521184921265, 'learning_rate': 0.00022668960103624882, 'epoch': 0.69}
{'loss': 4.6572, 'grad_norm': 1.6105177402496338, 'learning_rate': 0.00022653410395098733, 'epoch': 0.69}
{'loss': 5.0364, 'grad_norm': 1.4702260494232178, 'learning_rate': 0.00022637864459405284, 'epoch': 0.69}
{'loss': 4.7476, 'grad_norm': 1.5133514404296875, 'learning_rate': 0.00022622322298689363, 'epoch': 0.69}
{'loss': 4.7552, 'grad_norm': 1.5025488138198853, 'learning_rate': 0.00022606783915095208, 'epoch': 0.69}
{'loss': 4.7663, 'grad_norm': 1.509796142578125, 'learning_rate': 0.00022591249310766542, 'epoch': 0.7}
{'loss': 4.7786, 'grad_norm': 1.5928772687911987, 'learning_rate': 0.0002257571848784658, 'epoch': 0.7}
{'loss': 4.8283, 'grad_norm': 1.476685643196106, 'learning_rate': 0.00022560191448478008, 'epoch': 0.7}
{'loss': 4.8411, 'grad_norm': 1.5918898582458496, 'learning_rate': 0.00022544668194802992, 'epoch': 0.7}
{'loss': 4.6455, 'grad_norm': 1.37180757522583, 'learning_rate': 0.00022529148728963155, 'epoch': 0.7}
{'loss': 4.8997, 'grad_norm': 1.4268548488616943, 'learning_rate': 0.00022513633053099653, 'epoch': 0.7}
{'loss': 4.6737, 'grad_norm': 1.4399542808532715, 'learning_rate': 0.0002249812116935307, 'epoch': 0.7}
{'loss': 4.7432, 'grad_norm': 1.358805775642395, 'learning_rate': 0.0002248261307986348, 'epoch': 0.7}
{'loss': 4.9643, 'grad_norm': 1.3856828212738037, 'learning_rate': 0.00022467108786770412, 'epoch': 0.7}
{'loss': 4.7926, 'grad_norm': 1.4843344688415527, 'learning_rate': 0.00022451608292212955, 'epoch': 0.7}
{'loss': 4.8543, 'grad_norm': 1.368688702583313, 'learning_rate': 0.00022436111598329533, 'epoch': 0.7}
{'loss': 5.0202, 'grad_norm': 1.4262900352478027, 'learning_rate': 0.00022420618707258178, 'epoch': 0.7}
{'loss': 4.9292, 'grad_norm': 1.3716844320297241, 'learning_rate': 0.00022405129621136334, 'epoch': 0.7}
{'loss': 5.0326, 'grad_norm': 1.4148818254470825, 'learning_rate': 0.0002238964434210093, 'epoch': 0.7}
{'loss': 4.8149, 'grad_norm': 1.4690617322921753, 'learning_rate': 0.0002237416287228834, 'epoch': 0.7}
{'loss': 4.8631, 'grad_norm': 1.4911061525344849, 'learning_rate': 0.0002235868521383451, 'epoch': 0.7}
{'loss': 4.9477, 'grad_norm': 1.486181616783142, 'learning_rate': 0.00022343211368874716, 'epoch': 0.7}
{'loss': 4.5879, 'grad_norm': 1.3272355794906616, 'learning_rate': 0.0002232774133954384, 'epoch': 0.7}
{'loss': 4.8884, 'grad_norm': 1.5513790845870972, 'learning_rate': 0.00022312275127976157, 'epoch': 0.7}
{'loss': 4.7961, 'grad_norm': 1.5717580318450928, 'learning_rate': 0.0002229681273630545, 'epoch': 0.7}
{'loss': 4.7402, 'grad_norm': 1.5971301794052124, 'learning_rate': 0.00022281354166664964, 'epoch': 0.7}
{'loss': 4.8603, 'grad_norm': 1.4290854930877686, 'learning_rate': 0.00022265899421187392, 'epoch': 0.7}
{'loss': 4.7874, 'grad_norm': 1.4222524166107178, 'learning_rate': 0.00022250448502004973, 'epoch': 0.7}
{'loss': 4.7951, 'grad_norm': 1.5037235021591187, 'learning_rate': 0.00022235001411249344, 'epoch': 0.7}
{'loss': 4.6429, 'grad_norm': 1.3698891401290894, 'learning_rate': 0.00022219558151051645, 'epoch': 0.7}
{'loss': 4.8885, 'grad_norm': 1.3581116199493408, 'learning_rate': 0.00022204118723542483, 'epoch': 0.7}
{'loss': 4.8453, 'grad_norm': 1.4715272188186646, 'learning_rate': 0.0002218868313085194, 'epoch': 0.7}
{'loss': 5.041, 'grad_norm': 1.5449464321136475, 'learning_rate': 0.00022173251375109533, 'epoch': 0.7}
{'loss': 4.6711, 'grad_norm': 1.4380030632019043, 'learning_rate': 0.00022157823458444353, 'epoch': 0.7}
{'loss': 5.1143, 'grad_norm': 1.5176794528961182, 'learning_rate': 0.00022142399382984806, 'epoch': 0.7}
{'loss': 4.5474, 'grad_norm': 1.4513473510742188, 'learning_rate': 0.00022126979150858918, 'epoch': 0.7}
{'loss': 5.0281, 'grad_norm': 1.3525218963623047, 'learning_rate': 0.0002211156276419409, 'epoch': 0.7}
{'loss': 4.9853, 'grad_norm': 1.544797420501709, 'learning_rate': 0.00022096150225117223, 'epoch': 0.7}
{'loss': 4.8625, 'grad_norm': 1.5704023838043213, 'learning_rate': 0.00022080741535754673, 'epoch': 0.7}
{'loss': 4.892, 'grad_norm': 1.5175931453704834, 'learning_rate': 0.00022065336698232313, 'epoch': 0.7}
{'loss': 4.9321, 'grad_norm': 1.4772075414657593, 'learning_rate': 0.00022049935714675423, 'epoch': 0.7}
{'loss': 5.091, 'grad_norm': 1.3219369649887085, 'learning_rate': 0.0002203453858720879, 'epoch': 0.7}
{'loss': 4.8933, 'grad_norm': 1.3636082410812378, 'learning_rate': 0.00022019145317956628, 'epoch': 0.7}
{'loss': 5.1004, 'grad_norm': 1.6218312978744507, 'learning_rate': 0.0002200375590904271, 'epoch': 0.7}
{'loss': 4.953, 'grad_norm': 1.4495680332183838, 'learning_rate': 0.0002198837036259013, 'epoch': 0.7}
{'loss': 4.7692, 'grad_norm': 1.4305062294006348, 'learning_rate': 0.000219729886807216, 'epoch': 0.7}
{'loss': 4.9618, 'grad_norm': 1.463501214981079, 'learning_rate': 0.000219576108655592, 'epoch': 0.7}
{'loss': 4.8864, 'grad_norm': 1.5229183435440063, 'learning_rate': 0.00021942236919224523, 'epoch': 0.7}
{'loss': 4.9374, 'grad_norm': 1.564967155456543, 'learning_rate': 0.000219268668438386, 'epoch': 0.7}
{'loss': 4.8058, 'grad_norm': 1.398842453956604, 'learning_rate': 0.00021911500641521946, 'epoch': 0.7}
{'loss': 4.8145, 'grad_norm': 1.480973482131958, 'learning_rate': 0.00021896138314394544, 'epoch': 0.7}
{'loss': 4.911, 'grad_norm': 1.5135577917099, 'learning_rate': 0.00021880779864575807, 'epoch': 0.7}
{'loss': 4.8363, 'grad_norm': 1.7620028257369995, 'learning_rate': 0.00021865425294184698, 'epoch': 0.7}
{'loss': 4.8133, 'grad_norm': 1.521798014640808, 'learning_rate': 0.0002185007460533952, 'epoch': 0.7}
{'loss': 4.9134, 'grad_norm': 1.3783574104309082, 'learning_rate': 0.00021834727800158156, 'epoch': 0.7}
{'loss': 4.6986, 'grad_norm': 1.5355347394943237, 'learning_rate': 0.00021819384880757877, 'epoch': 0.7}
{'loss': 4.9495, 'grad_norm': 1.616188406944275, 'learning_rate': 0.00021804045849255495, 'epoch': 0.7}
{'loss': 5.0493, 'grad_norm': 1.496991515159607, 'learning_rate': 0.00021788710707767168, 'epoch': 0.7}
{'loss': 4.7871, 'grad_norm': 1.5645849704742432, 'learning_rate': 0.00021773379458408642, 'epoch': 0.7}
{'loss': 4.9212, 'grad_norm': 1.6364668607711792, 'learning_rate': 0.0002175805210329505, 'epoch': 0.7}
{'loss': 4.7833, 'grad_norm': 1.6546958684921265, 'learning_rate': 0.0002174272864454101, 'epoch': 0.7}
{'loss': 4.915, 'grad_norm': 1.5784913301467896, 'learning_rate': 0.0002172740908426058, 'epoch': 0.7}
{'loss': 4.7805, 'grad_norm': 1.7504609823226929, 'learning_rate': 0.0002171209342456736, 'epoch': 0.7}
{'loss': 4.9464, 'grad_norm': 1.4648607969284058, 'learning_rate': 0.00021696781667574278, 'epoch': 0.7}
{'loss': 4.6386, 'grad_norm': 1.4976493120193481, 'learning_rate': 0.00021681473815393854, 'epoch': 0.7}
{'loss': 4.9341, 'grad_norm': 1.6032956838607788, 'learning_rate': 0.00021666169870137992, 'epoch': 0.7}
{'loss': 4.6905, 'grad_norm': 1.4371137619018555, 'learning_rate': 0.0002165086983391808, 'epoch': 0.7}
{'loss': 4.8105, 'grad_norm': 1.4262778759002686, 'learning_rate': 0.00021635573708844968, 'epoch': 0.7}
{'loss': 4.598, 'grad_norm': 1.5051523447036743, 'learning_rate': 0.00021620281497028944, 'epoch': 0.7}
{'loss': 4.6683, 'grad_norm': 1.507585048675537, 'learning_rate': 0.0002160499320057983, 'epoch': 0.7}
{'loss': 5.1495, 'grad_norm': 1.5799604654312134, 'learning_rate': 0.00021589708821606786, 'epoch': 0.7}
{'loss': 4.7573, 'grad_norm': 1.4886319637298584, 'learning_rate': 0.0002157442836221854, 'epoch': 0.7}
{'loss': 4.8814, 'grad_norm': 1.5688620805740356, 'learning_rate': 0.00021559151824523238, 'epoch': 0.7}
{'loss': 4.7894, 'grad_norm': 1.520464301109314, 'learning_rate': 0.00021543879210628476, 'epoch': 0.7}
{'loss': 4.8023, 'grad_norm': 1.3115662336349487, 'learning_rate': 0.00021528610522641295, 'epoch': 0.7}
{'loss': 4.8285, 'grad_norm': 1.4000616073608398, 'learning_rate': 0.00021513345762668286, 'epoch': 0.7}
{'loss': 4.9697, 'grad_norm': 2.018514394760132, 'learning_rate': 0.00021498084932815344, 'epoch': 0.7}
{'loss': 4.7106, 'grad_norm': 1.328988790512085, 'learning_rate': 0.00021482828035187967, 'epoch': 0.7}
{'loss': 4.8103, 'grad_norm': 1.5175164937973022, 'learning_rate': 0.00021467575071891038, 'epoch': 0.7}
{'loss': 4.962, 'grad_norm': 1.5643919706344604, 'learning_rate': 0.00021452326045028896, 'epoch': 0.7}
{'loss': 4.9009, 'grad_norm': 1.6186223030090332, 'learning_rate': 0.00021437080956705347, 'epoch': 0.7}
{'loss': 4.6357, 'grad_norm': 1.5760995149612427, 'learning_rate': 0.00021421839809023692, 'epoch': 0.7}
{'loss': 4.9634, 'grad_norm': 1.834242820739746, 'learning_rate': 0.00021406602604086622, 'epoch': 0.7}
{'loss': 4.3375, 'grad_norm': 1.4512507915496826, 'learning_rate': 0.0002139136934399633, 'epoch': 0.7}
{'loss': 4.852, 'grad_norm': 1.682424783706665, 'learning_rate': 0.0002137614003085445, 'epoch': 0.7}
{'loss': 4.6065, 'grad_norm': 1.7253972291946411, 'learning_rate': 0.00021360914666762067, 'epoch': 0.7}
{'loss': 4.6749, 'grad_norm': 1.5574591159820557, 'learning_rate': 0.00021345693253819708, 'epoch': 0.7}
{'loss': 4.7936, 'grad_norm': 1.542492389678955, 'learning_rate': 0.00021330475794127419, 'epoch': 0.7}
{'loss': 4.8621, 'grad_norm': 1.5515086650848389, 'learning_rate': 0.0002131526228978462, 'epoch': 0.7}
{'loss': 4.6651, 'grad_norm': 1.4633163213729858, 'learning_rate': 0.00021300052742890237, 'epoch': 0.7}
{'loss': 4.7336, 'grad_norm': 1.5125986337661743, 'learning_rate': 0.00021284847155542618, 'epoch': 0.7}
{'loss': 4.9345, 'grad_norm': 1.7089476585388184, 'learning_rate': 0.00021269645529839592, 'epoch': 0.7}
{'loss': 5.0414, 'grad_norm': 1.7145830392837524, 'learning_rate': 0.0002125444786787843, 'epoch': 0.7}
{'loss': 4.8873, 'grad_norm': 1.4006763696670532, 'learning_rate': 0.00021239254171755828, 'epoch': 0.71}
{'loss': 4.9517, 'grad_norm': 1.405078649520874, 'learning_rate': 0.00021224064443568002, 'epoch': 0.71}
{'loss': 4.6791, 'grad_norm': 1.358133316040039, 'learning_rate': 0.0002120887868541056, 'epoch': 0.71}
{'loss': 4.7841, 'grad_norm': 1.4924057722091675, 'learning_rate': 0.00021193696899378595, 'epoch': 0.71}
{'loss': 4.7581, 'grad_norm': 1.4972538948059082, 'learning_rate': 0.00021178519087566605, 'epoch': 0.71}
{'loss': 4.8992, 'grad_norm': 1.4905104637145996, 'learning_rate': 0.00021163345252068645, 'epoch': 0.71}
{'loss': 4.5901, 'grad_norm': 1.6924443244934082, 'learning_rate': 0.0002114817539497807, 'epoch': 0.71}
{'loss': 4.8608, 'grad_norm': 1.4597289562225342, 'learning_rate': 0.00021133009518387825, 'epoch': 0.71}
{'loss': 4.9602, 'grad_norm': 1.9133580923080444, 'learning_rate': 0.0002111784762439023, 'epoch': 0.71}
{'loss': 4.8267, 'grad_norm': 1.4277907609939575, 'learning_rate': 0.00021102689715077067, 'epoch': 0.71}
{'loss': 4.836, 'grad_norm': 1.4511338472366333, 'learning_rate': 0.0002108753579253957, 'epoch': 0.71}
{'loss': 4.7617, 'grad_norm': 1.4409434795379639, 'learning_rate': 0.0002107238585886847, 'epoch': 0.71}
{'loss': 4.5368, 'grad_norm': 1.619553804397583, 'learning_rate': 0.00021057239916153837, 'epoch': 0.71}
{'loss': 4.8619, 'grad_norm': 1.3614510297775269, 'learning_rate': 0.00021042097966485318, 'epoch': 0.71}
{'loss': 4.8576, 'grad_norm': 1.6266961097717285, 'learning_rate': 0.00021026960011951928, 'epoch': 0.71}
{'loss': 5.0072, 'grad_norm': 1.478506088256836, 'learning_rate': 0.0002101182605464216, 'epoch': 0.71}
{'loss': 4.6603, 'grad_norm': 1.4901063442230225, 'learning_rate': 0.0002099669609664393, 'epoch': 0.71}
{'loss': 4.8795, 'grad_norm': 1.4536685943603516, 'learning_rate': 0.00020981570140044626, 'epoch': 0.71}
{'loss': 4.7236, 'grad_norm': 1.473349690437317, 'learning_rate': 0.0002096644818693112, 'epoch': 0.71}
{'loss': 4.6021, 'grad_norm': 1.442336916923523, 'learning_rate': 0.00020951330239389615, 'epoch': 0.71}
{'loss': 4.7565, 'grad_norm': 1.4767282009124756, 'learning_rate': 0.000209362162995059, 'epoch': 0.71}
{'loss': 4.9108, 'grad_norm': 1.4990516901016235, 'learning_rate': 0.0002092110636936513, 'epoch': 0.71}
{'loss': 4.849, 'grad_norm': 1.576408863067627, 'learning_rate': 0.00020906000451051916, 'epoch': 0.71}
{'loss': 4.7088, 'grad_norm': 1.6826305389404297, 'learning_rate': 0.0002089089854665031, 'epoch': 0.71}
{'loss': 4.7971, 'grad_norm': 1.5890076160430908, 'learning_rate': 0.00020875800658243883, 'epoch': 0.71}
{'loss': 4.826, 'grad_norm': 1.6027613878250122, 'learning_rate': 0.00020860706787915513, 'epoch': 0.71}
{'loss': 4.906, 'grad_norm': 1.423166275024414, 'learning_rate': 0.00020845616937747668, 'epoch': 0.71}
{'loss': 4.6902, 'grad_norm': 1.7355080842971802, 'learning_rate': 0.00020830531109822153, 'epoch': 0.71}
{'loss': 4.9255, 'grad_norm': 1.5746779441833496, 'learning_rate': 0.00020815449306220318, 'epoch': 0.71}
{'loss': 4.7217, 'grad_norm': 1.4332990646362305, 'learning_rate': 0.00020800371529022837, 'epoch': 0.71}
{'loss': 5.0124, 'grad_norm': 1.4332990646362305, 'learning_rate': 0.00020800371529022837, 'epoch': 0.71}
{'loss': 4.5733, 'grad_norm': 1.4456690549850464, 'learning_rate': 0.0002078529778030994, 'epoch': 0.71}
{'loss': 4.8074, 'grad_norm': 1.4146393537521362, 'learning_rate': 0.00020770228062161238, 'epoch': 0.71}
{'loss': 4.8848, 'grad_norm': 1.3811161518096924, 'learning_rate': 0.00020755162376655812, 'epoch': 0.71}
{'loss': 4.5354, 'grad_norm': 1.4268425703048706, 'learning_rate': 0.00020740100725872163, 'epoch': 0.71}
{'loss': 4.554, 'grad_norm': 1.6237872838974, 'learning_rate': 0.0002072504311188826, 'epoch': 0.71}
{'loss': 4.7967, 'grad_norm': 1.5284122228622437, 'learning_rate': 0.000207099895367815, 'epoch': 0.71}
{'loss': 4.8447, 'grad_norm': 1.4409979581832886, 'learning_rate': 0.00020694940002628716, 'epoch': 0.71}
{'loss': 4.8938, 'grad_norm': 1.3749459981918335, 'learning_rate': 0.0002067989451150622, 'epoch': 0.71}
{'loss': 4.8233, 'grad_norm': 1.4309308528900146, 'learning_rate': 0.00020664853065489736, 'epoch': 0.71}
{'loss': 4.9937, 'grad_norm': 1.561739206314087, 'learning_rate': 0.00020649815666654427, 'epoch': 0.71}
{'loss': 4.8801, 'grad_norm': 1.5131100416183472, 'learning_rate': 0.00020634782317074913, 'epoch': 0.71}
{'loss': 4.8074, 'grad_norm': 1.3700629472732544, 'learning_rate': 0.00020619753018825238, 'epoch': 0.71}
{'loss': 4.7996, 'grad_norm': 1.3924891948699951, 'learning_rate': 0.00020604727773978888, 'epoch': 0.71}
{'loss': 4.7279, 'grad_norm': 1.4975438117980957, 'learning_rate': 0.00020589706584608837, 'epoch': 0.71}
{'loss': 4.8335, 'grad_norm': 1.5625672340393066, 'learning_rate': 0.0002057468945278743, 'epoch': 0.71}
{'loss': 4.7725, 'grad_norm': 1.4457679986953735, 'learning_rate': 0.000205596763805865, 'epoch': 0.71}
{'loss': 4.6804, 'grad_norm': 1.4395496845245361, 'learning_rate': 0.0002054466737007728, 'epoch': 0.71}
{'loss': 4.8293, 'grad_norm': 1.5445412397384644, 'learning_rate': 0.0002052966242333052, 'epoch': 0.71}
{'loss': 4.7405, 'grad_norm': 1.4694299697875977, 'learning_rate': 0.0002051466154241628, 'epoch': 0.71}
{'loss': 4.8096, 'grad_norm': 1.3716235160827637, 'learning_rate': 0.00020499664729404195, 'epoch': 0.71}
{'loss': 4.8146, 'grad_norm': 1.4635292291641235, 'learning_rate': 0.00020484671986363258, 'epoch': 0.71}
{'loss': 4.775, 'grad_norm': 1.399190902709961, 'learning_rate': 0.0002046968331536192, 'epoch': 0.71}
{'loss': 4.9485, 'grad_norm': 1.5148998498916626, 'learning_rate': 0.00020454698718468074, 'epoch': 0.71}
{'loss': 4.9124, 'grad_norm': 1.4561634063720703, 'learning_rate': 0.0002043971819774904, 'epoch': 0.71}
{'loss': 4.7598, 'grad_norm': 1.523552417755127, 'learning_rate': 0.0002042474175527158, 'epoch': 0.71}
{'loss': 4.5368, 'grad_norm': 1.4022445678710938, 'learning_rate': 0.00020409769393101924, 'epoch': 0.71}
{'loss': 5.0414, 'grad_norm': 1.653544306755066, 'learning_rate': 0.000203948011133057, 'epoch': 0.71}
{'loss': 4.7747, 'grad_norm': 1.4333758354187012, 'learning_rate': 0.00020379836917947975, 'epoch': 0.71}
{'loss': 4.8663, 'grad_norm': 1.313252329826355, 'learning_rate': 0.0002036487680909327, 'epoch': 0.71}
{'loss': 4.6171, 'grad_norm': 1.4840302467346191, 'learning_rate': 0.0002034992078880552, 'epoch': 0.71}
{'loss': 4.9156, 'grad_norm': 1.5951064825057983, 'learning_rate': 0.00020334968859148157, 'epoch': 0.71}
{'loss': 4.8724, 'grad_norm': 1.5698015689849854, 'learning_rate': 0.00020320021022183932, 'epoch': 0.71}
{'loss': 4.8419, 'grad_norm': 1.4276423454284668, 'learning_rate': 0.00020305077279975166, 'epoch': 0.71}
{'loss': 4.666, 'grad_norm': 1.7126741409301758, 'learning_rate': 0.00020290137634583515, 'epoch': 0.71}
{'loss': 4.85, 'grad_norm': 1.4173338413238525, 'learning_rate': 0.00020275202088070122, 'epoch': 0.71}
{'loss': 4.6376, 'grad_norm': 1.4946502447128296, 'learning_rate': 0.00020260270642495515, 'epoch': 0.71}
{'loss': 4.7195, 'grad_norm': 1.453118085861206, 'learning_rate': 0.0002024534329991976, 'epoch': 0.71}
{'loss': 5.0937, 'grad_norm': 1.5737841129302979, 'learning_rate': 0.000202304200624022, 'epoch': 0.71}
{'loss': 4.6842, 'grad_norm': 1.3459023237228394, 'learning_rate': 0.00020215500932001764, 'epoch': 0.71}
{'loss': 4.6614, 'grad_norm': 1.4723883867263794, 'learning_rate': 0.00020200585910776697, 'epoch': 0.71}
{'loss': 4.5883, 'grad_norm': 1.7022664546966553, 'learning_rate': 0.00020185675000784797, 'epoch': 0.71}
{'loss': 4.8472, 'grad_norm': 1.6728183031082153, 'learning_rate': 0.00020170768204083144, 'epoch': 0.71}
{'loss': 4.7156, 'grad_norm': 1.418968915939331, 'learning_rate': 0.00020155865522728395, 'epoch': 0.71}
{'loss': 4.8242, 'grad_norm': 1.4696857929229736, 'learning_rate': 0.00020140966958776557, 'epoch': 0.71}
{'loss': 4.8801, 'grad_norm': 1.470959186553955, 'learning_rate': 0.00020126072514283083, 'epoch': 0.71}
{'loss': 4.8831, 'grad_norm': 1.5338178873062134, 'learning_rate': 0.00020111182191302868, 'epoch': 0.71}
{'loss': 4.8775, 'grad_norm': 1.4207674264907837, 'learning_rate': 0.00020096295991890235, 'epoch': 0.71}
{'loss': 4.5808, 'grad_norm': 1.4504787921905518, 'learning_rate': 0.00020081413918098933, 'epoch': 0.71}
{'loss': 4.7988, 'grad_norm': 1.4898662567138672, 'learning_rate': 0.0002006653597198213, 'epoch': 0.71}
{'loss': 4.9764, 'grad_norm': 1.5881329774856567, 'learning_rate': 0.00020051662155592498, 'epoch': 0.71}
{'loss': 4.5617, 'grad_norm': 1.3653819561004639, 'learning_rate': 0.00020036792470982002, 'epoch': 0.71}
{'loss': 4.7554, 'grad_norm': 1.5036773681640625, 'learning_rate': 0.00020021926920202177, 'epoch': 0.71}
{'loss': 4.7912, 'grad_norm': 1.505106806755066, 'learning_rate': 0.00020007065505303888, 'epoch': 0.71}
{'loss': 4.8513, 'grad_norm': 1.540534496307373, 'learning_rate': 0.0001999220822833752, 'epoch': 0.71}
{'loss': 4.8554, 'grad_norm': 1.4853538274765015, 'learning_rate': 0.00019977355091352778, 'epoch': 0.71}
{'loss': 4.5389, 'grad_norm': 1.3568174839019775, 'learning_rate': 0.00019962506096398886, 'epoch': 0.71}
{'loss': 4.8059, 'grad_norm': 1.4341707229614258, 'learning_rate': 0.0001994766124552446, 'epoch': 0.72}
{'loss': 4.7459, 'grad_norm': 1.533536672592163, 'learning_rate': 0.00019932820540777548, 'epoch': 0.72}
{'loss': 4.9446, 'grad_norm': 1.4525953531265259, 'learning_rate': 0.00019917983984205607, 'epoch': 0.72}
{'loss': 4.7634, 'grad_norm': 1.568289875984192, 'learning_rate': 0.0001990315157785559, 'epoch': 0.72}
{'loss': 4.8569, 'grad_norm': 1.6764219999313354, 'learning_rate': 0.0001988832332377376, 'epoch': 0.72}
{'loss': 5.1605, 'grad_norm': 1.5097512006759644, 'learning_rate': 0.00019873499224005932, 'epoch': 0.72}
{'loss': 4.9607, 'grad_norm': 1.5391926765441895, 'learning_rate': 0.0001985867928059727, 'epoch': 0.72}
{'loss': 4.96, 'grad_norm': 1.6780692338943481, 'learning_rate': 0.0001984386349559239, 'epoch': 0.72}
{'loss': 4.7612, 'grad_norm': 1.5281834602355957, 'learning_rate': 0.00019829051871035326, 'epoch': 0.72}
{'loss': 4.7627, 'grad_norm': 1.4653996229171753, 'learning_rate': 0.00019814244408969522, 'epoch': 0.72}
{'loss': 4.8198, 'grad_norm': 1.692623257637024, 'learning_rate': 0.00019799441111437933, 'epoch': 0.72}
{'loss': 4.7288, 'grad_norm': 1.5639011859893799, 'learning_rate': 0.00019784641980482797, 'epoch': 0.72}
{'loss': 4.8313, 'grad_norm': 1.309369444847107, 'learning_rate': 0.00019769847018145904, 'epoch': 0.72}
